data;horario;n_da_ocorrencia;tipo_de_ocorrencia;km;trecho;sentido;tipo_de_acidente;automovel;bicicleta;caminhao;moto;onibus;outros;tracao_animal;transporte_de_cargas_especiais;trator_maquinas;utilitarios;ilesos;levemente_feridos;moderadamente_feridos;gravemente_feridos;mortos
"01/07/2024";"03:27:00";"15";"Sem vítima";"21,100";"BR-277/PR";"Decrescente";"Saída de pista";1;0;0;0;0;0;0;0;0;0;1;0;0;0;0
"01/07/2024";"04:37:17";"17";"Com vítima";"259,917";"151/PR";"Crescente";"Tombamento";0;0;1;0;0;0;0;0;0;0;0;1;0;0;0
"01/07/2024";"07:17:31";"26";"Sem vítima";"295,342";"151/PR";"Decrescente";"Colisão traseira";2;0;0;0;0;0;0;0;0;0;3;0;0;0;0
"01/07/2024";"09:07:27";"20";"Sem vítima";"40,251";"BR-277/PR";"Decrescente";"Tombamento";0;0;1;0;0;0;0;0;0;0;1;0;0;0;0
"01/07/2024";"13:06:42";"109";"Com vítima";"304,500";"151/PR";"Crescente";"Colisão lateral no mesmo sentido";1;0;0;1;0;0;0;0;0;0;1;1;0;0;0
"01/07/2024";"15:28:46";"124";"Com vítima";"47,800";"BR-277/PR";"Crescente";"Colisão traseira";0;0;2;0;0;0;0;0;0;0;1;0;1;0;0
"01/07/2024";"19:07:11";"141";"Sem vítima";"82,360";"BR-277/PR";"Decrescente";"Capotamento";1;0;0;0;0;0;0;0;0;0;1;0;0;0;0
"02/07/2024";"03:25:49";"22";"Sem vítima";"5,430";"239/PR";"Decrescente";"Saída de pista";1;0;0;0;0;0;0;0;0;0;1;0;0;0;0
"02/07/2024";"07:38:00";"53";"Com vítima";"74,019";"BR-277/PR";"Decrescente";"Colisão lateral no mesmo sentido";1;0;0;1;0;0;0;0;0;0;1;0;1;0;0
"02/07/2024";"18:38:13";"169";"Sem vítima";"0,110";"BR-277/PR";"Crescente";"Engavetamento";2;0;0;0;0;0;0;0;0;1;2;0;0;0;0
"02/07/2024";"18:45:32";"170";"Com vítima";"12,820";"508/PR";"Crescente";"Atropelamento de animal";1;0;0;0;0;0;0;0;0;0;0;1;0;0;0
"02/07/2024";"22:54:48";"193";"Sem vítima";"10,050";"BR-369/PR";"Decrescente";"Choque";1;0;0;0;0;0;0;0;0;0;1;0;0;0;0
"03/07/2024";"07:38:28";"40";"Sem vítima";"29,100";"BR-153/PR";"Crescente";"Saída de pista";0;0;1;0;0;0;0;0;0;0;1;0;0;0;0
"03/07/2024";"07:51:36";"48";"Com vítima";"317,990";"151/PR";"Decrescente";"Colisão traseira";1;0;1;0;0;0;0;0;0;0;1;0;1;0;0
"03/07/2024";"08:20:27";"60";"Com vítima";"256,126";"151/PR";"Decrescente";"Colisão traseira";0;0;1;0;0;0;0;0;0;1;1;1;0;0;0
"03/07/2024";"08:46:11";"65";"Com vítima";"70,340";"BR-277/PR";"Crescente";"Queda de moto";0;0;0;1;0;0;0;0;0;0;0;1;0;0;0
"03/07/2024";"11:35:54";"118";"Sem vítima";"77,840";"BR-277/PR";"Crescente";"Choque";1;0;0;0;0;0;0;0;0;0;1;0;0;0;0
"03/07/2024";"19:12:00";"181";"Com vítima";"44,297";"BR-153/PR";"Decrescente";"Colisão lateral no mesmo sentido";1;0;0;0;0;0;0;0;0;0;0;1;0;0;0
"04/07/2024";"19:17:04";"161";"Sem vítima";"13,200";"BR-277/PR";"Crescente";"Choque";1;0;0;0;0;0;0;0;0;0;1;0;0;0;0
"05/07/2024";"05:21:36";"23";"Sem vítima";"60,659";"BR-277/PR";"Decrescente";"Colisão lateral no mesmo sentido";0;0;2;0;0;0;0;0;0;0;2;0;0;0;0
"05/07/2024";"08:10:00";"84";"Sem vítima";"86,500";"BR-369/PR";"Crescente";"Colisão transversal";2;0;0;0;0;0;0;0;0;0;2;0;0;0;0
"05/07/2024";"16:18:00";"166";"Sem vítima";"281,250";"151/PR";"Crescente";"Colisão traseira";2;0;0;0;0;0;0;0;0;0;5;0;0;0;0
"05/07/2024";"16:23:51";"169";"Com vítima";"301,100";"151/PR";"Decrescente";"Queda de moto";0;0;0;1;0;0;0;0;0;0;0;1;0;0;0
"05/07/2024";"20:53:46";"208";"Sem vítima";"1,500";"BR-277/PR";"Decrescente";"Queda de moto";0;0;0;1;0;0;0;0;0;0;1;0;0;0;0
"05/07/2024";"23:21:58";"227";"Sem vítima";"0,060";"BR-277/PR";"Decrescente";"Atropelamento de pedestre";0;0;0;1;0;0;0;0;0;0;0;0;0;0;0
"06/07/2024";"04:28:22";"26";"Sem vítima";"28,100";"508/PR";"Crescente";"Choque";1;0;0;0;0;0;0;0;0;0;1;0;0;0;0
"06/07/2024";"11:57:14";"92";"Sem vítima";"60,250";"BR-277/PR";"Crescente";"Colisão traseira";0;0;1;0;0;0;0;0;0;0;0;0;0;0;0
"06/07/2024";"15:18:53";"122";"Sem vítima";"36,376";"BR-277/PR";"Decrescente";"Choque";1;0;0;0;0;0;0;0;0;0;1;0;0;0;0
"06/07/2024";"18:23:59";"145";"Sem vítima";"10,711";"239/PR";"Crescente";"Colisão frontal";2;0;0;0;0;0;0;0;0;0;2;0;0;0;0
"06/07/2024";"19:36:00";"159";"Sem vítima";"36,420";"BR-277/PR";"Decrescente";"Choque";1;0;0;0;0;0;0;0;0;0;1;0;0;0;0
"06/07/2024";"21:48:00";"174";"Sem vítima";"18,100";"407/PR";"Decrescente";"Choque";1;0;0;0;0;0;0;0;0;0;1;0;0;0;0
"07/07/2024";"08:08:39";"39";"Com vítima";"70,489";"BR-277/PR";"Crescente";"Choque";1;0;0;0;0;0;0;0;0;0;0;1;0;0;0
"07/07/2024";"17:50:00";"119";"Sem vítima";"50,010";"BR-277/PR";"Decrescente";"Colisão traseira";1;0;0;0;0;0;0;0;0;1;5;0;0;0;0
"07/07/2024";"18:05:35";"122";"Sem vítima";"38,020";"BR-277/PR";"Crescente";"Choque";0;0;0;0;0;0;0;0;0;1;2;0;0;0;0
"08/07/2024";"08:36:23";"52";"Sem vítima";"83,910";"BR-277/PR";"Decrescente";"Choque";1;0;0;0;0;0;0;0;0;0;1;0;0;0;0
"08/07/2024";"09:59:00";"79";"Sem vítima";"305,435";"151/PR";"Crescente";"Capotamento";1;0;0;0;0;0;0;0;0;0;1;0;0;0;0
"08/07/2024";"10:58:43";"92";"Com vítima";"43,816";"BR-277/PR";"Crescente";"Choque";0;0;0;0;0;0;0;0;0;1;0;1;0;0;0
"08/07/2024";"11:44:43";"99";"Com vítima";"15,724";"408/PR";"Decrescente";"Saída de pista";1;0;0;0;0;0;0;0;0;0;0;1;0;0;0
"08/07/2024";"11:49:58";"100";"Sem vítima";"300,745";"151/PR";"Decrescente";"Saída de pista";0;0;0;0;0;0;0;0;0;1;1;0;0;0;0
"08/07/2024";"14:35:32";"128";"Sem vítima";"12,557";"508/PR";"Decrescente";"Capotamento";1;0;0;0;0;0;0;0;0;0;1;0;0;0;0
"08/07/2024";"16:43:01";"145";"Sem vítima";"282,175";"151/PR";"Decrescente";"Saída de pista";1;0;0;0;0;0;0;0;0;0;1;0;0;0;0
"08/07/2024";"18:01:00";"152";"Sem vítima";"306,100";"151/PR";"Crescente";"Capotamento";1;0;0;0;0;0;0;0;0;0;2;0;0;0;0
"08/07/2024";"19:36:21";"160";"Sem vítima";"67,100";"BR-277/PR";"Crescente";"Colisão lateral no mesmo sentido";1;0;1;0;0;0;0;0;0;0;2;0;0;0;0
"09/07/2024";"02:01:17";"22";"Com vítima";"5,009";"508/PR";"Crescente";"Atropelamento de pedestre";1;0;0;0;0;0;0;0;0;0;0;3;0;0;1
"09/07/2024";"07:19:18";"52";"Com vítima";"0,746";"BR-277/PR";"Decrescente";"Atropelamento de pedestre";0;0;2;1;0;0;0;0;0;0;2;0;0;0;1
"09/07/2024";"07:25:59";"59";"Sem vítima";"32,256";"BR-277/PR";"Crescente";"Capotamento";0;0;0;0;0;0;0;0;0;1;2;0;0;0;0
"09/07/2024";"07:43:40";"69";"Sem vítima";"237,080";"151/PR";"Crescente";"Choque";1;0;0;0;0;0;0;0;0;0;2;0;0;0;0
"09/07/2024";"10:39:54";"104";"Com vítima";"36,387";"BR-277/PR";"Decrescente";"Capotamento";1;0;0;0;0;0;0;0;0;0;0;1;0;0;0
"09/07/2024";"11:38:41";"116";"Sem vítima";"305,469";"151/PR";"Crescente";"Saída de pista";1;0;0;0;0;0;0;0;0;0;2;0;0;0;0
"09/07/2024";"16:56:05";"167";"Sem vítima";"207,780";"151/PR";"Decrescente";"Colisão traseira";0;0;2;0;0;0;0;0;0;0;2;0;0;0;0
"09/07/2024";"22:04:00";"189";"Com vítima";"22,330";"BR-277/PR";"Crescente";"Tombamento";0;0;1;0;0;0;0;0;0;0;0;2;0;0;0
"10/07/2024";"04:24:07";"23";"Sem vítima";"14,300";"BR-277/PR";"Decrescente";"Saída de pista";1;0;0;0;0;0;0;0;0;0;1;0;0;0;0
"10/07/2024";"06:08:00";"28";"Sem vítima";"70,316";"BR-277/PR";"Crescente";"Saída de pista";0;0;0;0;0;0;0;0;0;1;2;0;0;0;0
"10/07/2024";"07:40:00";"65";"Sem vítima";"70,950";"BR-277/PR";"Crescente";"Choque";1;0;0;0;0;0;0;0;0;0;1;0;0;0;0
"10/07/2024";"08:08:01";"80";"Sem vítima";"307,100";"151/PR";"Crescente";"Choque";1;0;0;0;0;0;0;0;0;0;4;0;0;0;0
"10/07/2024";"09:44:08";"104";"Com vítima";"269,639";"151/PR";"Decrescente";"Saída de pista";0;0;0;0;0;0;0;0;0;1;0;1;0;0;0
"10/07/2024";"17:11:38";"172";"Com vítima";"195,900";"151/PR";"Decrescente";"Tombamento";1;0;2;0;0;0;0;0;0;0;2;0;2;3;0
"10/07/2024";"17:29:58";"174";"Sem vítima";"259,100";"151/PR";"Crescente";"Saída de pista";1;0;0;0;0;0;0;0;0;0;1;0;0;0;0
"10/07/2024";"18:33:00";"184";"Com vítima";"15,480";"BR-277/PR";"Crescente";"Colisão transversal";1;0;0;1;0;0;0;0;0;0;1;0;0;0;1
"10/07/2024";"19:47:00";"193";"Com vítima";"306,910";"151/PR";"Decrescente";"Atropelamento de pedestre";1;0;0;0;0;0;0;0;0;0;4;0;0;0;1
"11/07/2024";"06:16:36";"37";"Com vítima";"265,356";"151/PR";"Crescente";"Saída de pista";1;0;0;0;0;0;0;0;0;0;0;1;0;0;0
"11/07/2024";"15:51:00";"161";"Com vítima";"81,592";"BR-277/PR";"Decrescente";"Colisão traseira";1;0;0;1;0;0;0;0;0;0;1;1;0;0;0
"11/07/2024";"16:27:52";"171";"Com vítima";"76,885";"BR-277/PR";"Crescente";"Colisão lateral no mesmo sentido";0;0;0;1;1;0;0;0;0;0;1;1;0;0;0
"11/07/2024";"18:10:00";"181";"Sem vítima";"44,010";"BR-277/PR";"Decrescente";"Choque";1;0;0;0;0;0;0;0;0;0;1;0;0;0;0
"11/07/2024";"22:50:39";"217";"Sem vítima";"18,010";"407/PR";"Crescente";"Choque";1;0;0;0;0;0;0;0;0;0;1;0;0;0;0
"12/07/2024";"14:34:13";"150";"Sem vítima";"16,889";"BR-153/PR";"Decrescente";"Capotamento";1;0;0;0;0;0;0;0;0;0;4;0;0;0;0
"12/07/2024";"18:48:29";"175";"Sem vítima";"0,060";"407/PR";"Crescente";"Saída de pista";1;0;0;0;0;0;0;0;0;0;1;0;0;0;0
"12/07/2024";"19:00:00";"176";"Sem vítima";"75,300";"BR-277/PR";"Crescente";"Saída de pista";1;0;0;0;0;0;0;0;0;0;1;0;0;0;0
"12/07/2024";"19:01:13";"177";"Com vítima";"0,060";"407/PR";"Crescente";"Colisão traseira";1;0;0;0;0;0;0;0;0;0;0;1;0;0;0
"12/07/2024";"19:25:00";"180";"Sem vítima";"284,100";"151/PR";"Decrescente";"Saída de pista";0;0;0;0;0;0;0;0;0;1;1;0;0;0;0
"12/07/2024";"19:47:00";"184";"Sem vítima";"2,700";"407/PR";"Crescente";"Choque";1;0;0;0;0;0;0;0;0;0;1;0;0;0;0
"12/07/2024";"20:15:00";"191";"Sem vítima";"51,800";"BR-369/PR";"Decrescente";"Choque";1;0;0;0;0;0;0;0;0;0;3;0;0;0;0
"12/07/2024";"20:34:06";"194";"Com vítima";"29,700";"BR-277/PR";"Crescente";"Choque";1;0;0;0;0;0;0;0;0;0;0;2;0;0;0
"13/07/2024";"11:06:58";"74";"Sem vítima";"36,447";"BR-277/PR";"Decrescente";"Choque";1;0;0;0;0;0;0;0;0;0;1;0;0;0;0
"13/07/2024";"12:03:00";"85";"Sem vítima";"33,086";"BR-277/PR";"Decrescente";"Choque";1;0;0;0;0;0;0;0;0;0;1;0;0;0;0
"13/07/2024";"12:13:05";"87";"Sem vítima";"180,260";"151/PR";"Crescente";"Capotamento";1;0;0;0;0;0;0;0;0;0;3;0;0;0;0
"13/07/2024";"14:37:28";"115";"Sem vítima";"285,930";"151/PR";"Crescente";"Colisão traseira";2;0;0;0;0;0;0;0;0;0;2;0;0;0;0
"13/07/2024";"18:07:51";"143";"Com vítima";"63,130";"BR-277/PR";"Decrescente";"Capotamento";1;0;0;0;0;0;0;0;0;0;0;0;0;0;1
"13/07/2024";"18:38:00";"144";"Com vítima";"74,300";"BR-369/PR";"Crescente";"Tombamento";0;0;1;0;0;0;0;0;0;0;0;1;0;0;0
"13/07/2024";"19:16:41";"149";"Com vítima";"7,940";"BR-369/PR";"Crescente";"Colisão lateral no mesmo sentido";1;0;1;0;0;0;0;0;0;0;0;5;0;0;0
"13/07/2024";"19:40:00";"154";"Sem vítima";"47,340";"BR-369/PR";"Crescente";"Atropelamento de animal";2;0;0;0;0;0;0;0;0;0;2;0;0;0;0
"14/07/2024";"00:03:54";"1";"Sem vítima";"19,900";"BR-153/PR";"Crescente";"Colisão lateral no mesmo sentido";1;0;0;0;0;0;0;0;0;0;3;0;0;0;0
"14/07/2024";"00:46:14";"10";"Com vítima";"314,530";"151/PR";"Decrescente";"Tombamento";0;0;1;0;0;0;0;0;0;0;0;1;0;0;0
"14/07/2024";"00:48:00";"11";"Com vítima";"284,300";"151/PR";"Crescente";"Capotamento";1;0;0;0;0;0;0;0;0;0;0;1;0;0;0
"14/07/2024";"03:27:14";"27";"Com vítima";"4,250";"407/PR";"Crescente";"Choque";1;0;0;0;0;0;0;0;0;0;0;1;0;0;0
"14/07/2024";"04:31:39";"30";"Sem vítima";"18,650";"BR-277/PR";"Decrescente";"Saída de pista";1;0;0;0;0;0;0;0;0;0;2;0;0;0;0
"14/07/2024";"06:54:11";"36";"Sem vítima";"18,510";"408/PR";"Decrescente";"Saída de pista";1;0;0;0;0;0;0;0;0;0;4;0;0;0;0
"14/07/2024";"08:30:10";"46";"Sem vítima";"22,210";"BR-153/PR";"Crescente";"Choque";1;0;0;0;0;0;0;0;0;0;1;0;0;0;0
"14/07/2024";"16:05:10";"118";"Com vítima";"25,487";"BR-153/PR";"Decrescente";"Colisão transversal";2;0;0;0;0;0;0;0;0;0;0;3;0;0;0
"14/07/2024";"16:10:07";"119";"Sem vítima";"38,414";"BR-277/PR";"Crescente";"Choque";0;0;0;0;0;0;0;0;0;1;3;0;0;0;0
"14/07/2024";"16:36:32";"125";"Com vítima";"17,403";"408/PR";"Decrescente";"Capotamento";1;0;0;0;0;0;0;0;0;0;0;1;0;0;0
"14/07/2024";"16:53:04";"128";"Com vítima";"32,259";"BR-277/PR";"Crescente";"Colisão lateral no mesmo sentido";2;0;0;0;0;0;0;0;0;0;1;2;0;0;0
"14/07/2024";"16:54:40";"129";"Sem vítima";"36,373";"BR-277/PR";"Decrescente";"Choque";1;0;0;0;0;0;0;0;0;0;2;0;0;0;0
"14/07/2024";"17:35:12";"134";"Com vítima";"38,500";"BR-277/PR";"Crescente";"Choque";1;0;0;0;0;0;0;0;0;0;2;1;1;0;0
"14/07/2024";"17:40:00";"135";"Sem vítima";"38,100";"BR-277/PR";"Crescente";"Saída de pista";1;0;0;0;0;0;0;0;0;0;1;0;0;0;0
"14/07/2024";"17:49:10";"139";"Sem vítima";"32,100";"BR-277/PR";"Decrescente";"Choque";1;0;0;0;0;0;0;0;0;0;1;0;0;0;0
"14/07/2024";"23:34:04";"168";"Com vítima";"3,500";"BR-277/PR";"Decrescente";"Queda de moto";0;0;0;1;0;0;0;0;0;0;0;1;0;0;0
"15/07/2024";"08:43:43";"82";"Sem vítima";"17,900";"407/PR";"Crescente";"Choque";1;0;0;0;0;0;0;0;0;0;1;0;0;0;0
"15/07/2024";"09:43:03";"91";"Com vítima";"43,400";"BR-277/PR";"Crescente";"Capotamento";1;0;0;0;0;0;0;0;0;0;0;1;0;0;0
"15/07/2024";"14:42:59";"137";"Com vítima";"229,680";"151/PR";"Decrescente";"Colisão lateral no mesmo sentido";2;0;0;0;0;0;0;0;0;0;0;3;2;0;0
"15/07/2024";"16:09:20";"151";"Sem vítima";"33,180";"BR-277/PR";"Crescente";"Choque";1;0;0;0;0;0;0;0;0;0;1;0;0;0;0
"15/07/2024";"17:23:00";"163";"Sem vítima";"281,900";"151/PR";"Crescente";"Choque";1;0;0;0;0;0;0;0;0;0;3;0;0;0;0
"15/07/2024";"22:03:43";"192";"Sem vítima";"23,423";"BR-153/PR";"Crescente";"Colisão transversal";2;0;0;0;0;1;0;0;0;0;5;0;0;0;0
"16/07/2024";"00:18:00";"12";"Com vítima";"44,640";"BR-369/PR";"Crescente";"Tombamento";0;0;1;0;0;0;0;0;0;0;0;1;0;0;0
"16/07/2024";"14:00:57";"154";"Com vítima";"81,647";"BR-277/PR";"Decrescente";"Choque";1;0;0;0;0;0;0;0;0;0;0;1;0;0;0
"16/07/2024";"21:03:00";"207";"Sem vítima";"29,490";"BR-277/PR";"Decrescente";"Choque";1;0;0;0;0;0;0;0;0;0;1;0;0;0;0
"17/07/2024";"08:04:00";"73";"Sem vítima";"213,610";"151/PR";"Decrescente";"Colisão transversal";2;0;0;0;0;0;0;0;0;0;2;0;0;0;0
"17/07/2024";"10:59:29";"126";"Sem vítima";"82,701";"BR-277/PR";"Decrescente";"Colisão traseira";2;0;0;0;0;0;0;0;0;0;2;0;0;0;0
"17/07/2024";"13:36:23";"138";"Sem vítima";"60,250";"BR-277/PR";"Crescente";"Colisão traseira";2;0;0;0;0;0;0;0;0;0;2;0;0;0;0
"17/07/2024";"15:27:15";"160";"Sem vítima";"316,780";"151/PR";"Decrescente";"Saída de pista";0;0;1;0;0;0;0;0;0;0;2;0;0;0;0
"17/07/2024";"17:37:48";"183";"Com vítima";"312,187";"151/PR";"Crescente";"Colisão traseira";1;0;0;0;0;0;0;0;0;1;0;3;0;0;0
"17/07/2024";"18:39:59";"192";"Sem vítima";"77,200";"BR-277/PR";"Crescente";"Colisão traseira";2;0;0;0;0;0;0;0;0;0;2;0;0;0;0
"17/07/2024";"18:58:08";"194";"Com vítima";"70,060";"BR-277/PR";"Crescente";"Engavetamento";2;0;0;0;0;0;0;0;0;1;0;10;1;0;0
"18/07/2024";"06:56:18";"25";"Sem vítima";"281,593";"151/PR";"Decrescente";"Choque";1;0;0;0;0;0;0;0;0;0;1;0;0;0;0
"18/07/2024";"08:25:01";"69";"Com vítima";"79,970";"BR-277/PR";"Crescente";"Queda de moto";0;0;0;1;0;0;0;0;0;1;2;1;1;0;0
"18/07/2024";"11:37:42";"123";"Com vítima";"3,587";"BR-277/PR";"Decrescente";"Colisão transversal";0;0;2;0;0;0;0;0;0;0;0;2;0;0;0
"18/07/2024";"14:17:49";"151";"Sem vítima";"22,769";"BR-153/PR";"Crescente";"Saída de pista";0;0;1;0;0;0;0;0;0;0;1;0;0;0;0
"18/07/2024";"14:27:34";"153";"Com vítima";"85,103";"BR-369/PR";"Decrescente";"Colisão traseira";2;0;0;0;0;0;0;0;0;0;0;5;0;0;0
"18/07/2024";"18:30:00";"183";"Com vítima";"310,530";"151/PR";"Crescente";"Engavetamento";3;0;0;1;0;0;0;0;0;0;3;2;1;0;0
"19/07/2024";"02:58:00";"22";"Sem vítima";"11,950";"407/PR";"Crescente";"Saída de pista";1;0;0;0;0;0;0;0;0;0;1;0;0;0;0
"19/07/2024";"03:04:55";"23";"Sem vítima";"310,500";"151/PR";"Decrescente";"Colisão traseira";1;0;0;0;0;0;0;0;0;0;2;0;0;0;0
"19/07/2024";"13:23:57";"157";"Com vítima";"12,400";"BR-277/PR";"Decrescente";"Colisão lateral no mesmo sentido";1;0;1;0;0;0;0;0;0;0;2;1;0;0;0
"19/07/2024";"15:30:58";"184";"Com vítima";"9,730";"407/PR";"Decrescente";"Atropelamento de animal";0;0;0;1;0;0;0;0;0;0;0;1;0;0;0
"19/07/2024";"17:23:30";"198";"Com vítima";"60,300";"BR-277/PR";"Crescente";"Queda de moto";0;0;0;1;0;0;0;0;0;0;0;1;0;0;0
"19/07/2024";"17:51:20";"203";"Com vítima";"74,010";"BR-277/PR";"Crescente";"Colisão traseira";0;0;0;1;0;0;0;0;0;1;1;0;0;1;0
"19/07/2024";"18:50:09";"209";"Sem vítima";"75,010";"BR-277/PR";"Crescente";"Colisão traseira";0;0;0;1;0;0;0;0;0;1;2;0;0;0;0
"19/07/2024";"22:05:45";"232";"Com vítima";"76,560";"BR-277/PR";"Crescente";"Atropelamento de pedestre";2;0;0;0;0;0;0;0;0;0;2;0;0;0;1
"20/07/2024";"10:41:46";"74";"Sem vítima";"306,856";"151/PR";"Decrescente";"Capotamento";1;0;0;0;0;0;0;0;0;0;1;0;0;0;0
"20/07/2024";"11:31:00";"84";"Com vítima";"47,651";"BR-277/PR";"Decrescente";"Colisão lateral no mesmo sentido";1;0;0;1;0;0;0;0;0;0;4;1;0;0;0
"20/07/2024";"12:30:22";"91";"Com vítima";"28,700";"BR-153/PR";"Decrescente";"Queda de moto";0;0;0;1;0;0;0;0;0;0;0;1;0;0;0
"20/07/2024";"15:18:00";"124";"Com vítima";"238,449";"151/PR";"Decrescente";"Colisão lateral no mesmo sentido";0;0;1;0;0;0;0;0;0;1;1;1;0;0;0
"20/07/2024";"15:32:38";"126";"Sem vítima";"305,600";"151/PR";"Decrescente";"Colisão traseira";1;0;1;0;0;0;0;0;0;0;3;0;0;0;0
"20/07/2024";"16:06:03";"132";"Sem vítima";"0,760";"407/PR";"Decrescente";"Saída de pista";0;0;0;1;0;0;0;0;0;0;1;0;0;0;0
"20/07/2024";"18:49:54";"156";"Sem vítima";"0,310";"BR-277/PR";"Decrescente";"Colisão transversal";2;0;0;0;0;0;0;0;0;0;2;0;0;0;0
"20/07/2024";"20:25:25";"170";"Sem vítima";"72,519";"BR-277/PR";"Crescente";"Colisão lateral no mesmo sentido";2;0;0;0;0;0;0;0;0;0;2;0;0;0;0
"20/07/2024";"21:56:07";"180";"Sem vítima";"302,025";"151/PR";"Crescente";"Colisão lateral no mesmo sentido";1;0;0;0;0;0;0;0;0;1;2;0;0;0;0
"21/07/2024";"04:18:30";"26";"Com vítima";"25,300";"BR-369/PR";"Crescente";"Choque";1;0;0;0;0;0;0;0;0;0;0;2;0;0;0
"21/07/2024";"05:02:00";"28";"Com vítima";"0,410";"BR-277/PR";"Decrescente";"Choque";0;0;0;0;0;0;0;0;0;1;0;0;1;0;0
"21/07/2024";"07:59:50";"39";"Com vítima";"293,451";"151/PR";"Crescente";"Colisão traseira";1;0;2;0;0;0;0;0;0;0;2;0;1;0;0
"21/07/2024";"08:25:14";"44";"Com vítima";"180,400";"151/PR";"Decrescente";"Colisão lateral no mesmo sentido";0;0;0;0;0;0;0;0;0;2;1;2;0;0;0
"21/07/2024";"23:39:08";"187";"Com vítima";"0,200";"407/PR";"Decrescente";"Choque";1;0;0;0;0;0;0;0;0;0;0;2;1;0;0
"22/07/2024";"03:56:36";"20";"Com vítima";"7,352";"BR-277/PR";"Crescente";"Colisão lateral no mesmo sentido";1;0;0;1;0;0;0;0;0;0;3;0;0;1;0
"22/07/2024";"06:55:53";"26";"Sem vítima";"4,460";"BR-369/PR";"Crescente";"Choque";1;0;0;0;0;0;0;0;0;0;1;0;0;0;0
"22/07/2024";"12:04:43";"110";"Com vítima";"286,030";"151/PR";"Decrescente";"Capotamento";1;0;0;0;0;0;0;0;0;0;0;1;0;0;0
"22/07/2024";"17:39:00";"173";"Com vítima";"19,500";"408/PR";"Crescente";"Choque";1;0;0;0;0;0;0;0;0;0;0;0;1;0;0
"23/07/2024";"03:27:37";"21";"Sem vítima";"247,800";"151/PR";"Decrescente";"Atropelamento de animal";1;0;0;0;0;0;0;0;0;0;1;0;0;0;0
"23/07/2024";"07:28:11";"49";"Com vítima";"306,480";"151/PR";"Decrescente";"Engavetamento";1;0;4;0;0;0;0;0;0;1;4;4;0;0;0
"23/07/2024";"12:59:00";"148";"Com vítima";"269,098";"151/PR";"Crescente";"Choque";0;0;0;0;0;0;0;0;0;1;0;4;0;0;0
"23/07/2024";"18:57:00";"207";"Com vítima";"76,500";"BR-277/PR";"Crescente";"Colisão traseira";1;0;0;1;0;0;0;0;0;0;1;0;1;0;0
"24/07/2024";"00:14:01";"4";"Sem vítima";"70,500";"BR-277/PR";"Decrescente";"Capotamento";1;0;0;0;0;0;0;0;0;0;0;0;0;0;0
"24/07/2024";"06:34:05";"35";"Com vítima";"79,900";"BR-369/PR";"Decrescente";"Colisão lateral no mesmo sentido";1;0;0;1;0;0;0;0;0;0;2;1;0;0;0
"24/07/2024";"15:15:12";"171";"Sem vítima";"239,652";"151/PR";"Crescente";"Colisão lateral no mesmo sentido";2;0;0;0;0;0;0;0;0;0;2;0;0;0;0
"24/07/2024";"20:14:31";"216";"Com vítima";"209,112";"151/PR";"Crescente";"Colisão traseira";1;0;1;0;0;0;0;0;0;0;1;3;0;0;0
"24/07/2024";"21:38:16";"226";"Com vítima";"29,030";"BR-153/PR";"Decrescente";"Colisão lateral no mesmo sentido";1;0;1;0;0;0;0;0;0;0;1;0;1;0;0
"25/07/2024";"02:51:03";"28";"Sem vítima";"40,690";"BR-277/PR";"Decrescente";"Choque";0;0;1;0;0;0;0;0;0;0;1;0;0;0;0
"25/07/2024";"08:13:00";"94";"Sem vítima";"69,360";"BR-369/PR";"Crescente";"Choque";1;0;0;0;0;0;0;0;0;0;2;0;0;0;0
"25/07/2024";"09:03:16";"110";"Com vítima";"82,405";"BR-277/PR";"Crescente";"Colisão lateral no mesmo sentido";1;0;0;1;0;0;0;0;0;0;2;0;2;0;0
"25/07/2024";"15:34:54";"187";"Com vítima";"12,200";"411/PR";"Crescente";"Capotamento";0;0;0;0;0;0;0;0;0;1;0;1;1;0;0
"25/07/2024";"18:14:24";"213";"Com vítima";"74,095";"BR-277/PR";"Crescente";"Colisão lateral no mesmo sentido";1;0;0;1;0;0;0;0;0;0;3;0;1;0;0
"25/07/2024";"18:43:50";"222";"Sem vítima";"74,080";"BR-277/PR";"Crescente";"Engavetamento";3;0;0;0;0;1;0;0;0;0;6;0;0;0;0
"26/07/2024";"05:16:44";"49";"Sem vítima";"60,780";"BR-277/PR";"Decrescente";"Colisão lateral no mesmo sentido";0;0;1;0;0;0;0;0;0;0;1;0;0;0;0
"26/07/2024";"14:19:00";"168";"Com vítima";"0,890";"407/PR";"Decrescente";"Queda de moto";0;0;0;1;0;0;0;0;0;0;0;1;0;0;0
"26/07/2024";"17:16:29";"205";"Com vítima";"71,920";"BR-277/PR";"Crescente";"Capotamento";1;0;0;0;0;0;0;0;0;0;0;1;0;0;0
"26/07/2024";"18:28:40";"208";"Com vítima";"293,200";"151/PR";"Crescente";"Colisão traseira";1;0;0;1;0;0;0;0;0;0;1;0;0;2;0
"27/07/2024";"02:47:23";"18";"Com vítima";"67,350";"BR-277/PR";"Crescente";"Capotamento";1;0;0;0;0;0;0;0;0;0;0;0;1;0;1