data;horario;n_da_ocorrencia;tipo_de_ocorrencia;km;trecho;sentido;tipo_de_acidente;automovel;bicicleta;caminhao;moto;onibus;outros;tracao_animal;transporte_de_cargas_especiais;trator_maquinas;utilitarios;ilesos;levemente_feridos;moderadamente_feridos;gravemente_feridos;mortos
"28/09/2024";"12:21:18";"151";"Com vítima";"281,900";"092/PR";"Decrescente";"Colisão traseira";1;0;0;1;0;0;0;0;0;0;1;1;0;0;0
"28/09/2024";"16:26:24";"177";"Com vítima";"70,583";"BR-369/PR";"Crescente";"Colisão transversal";1;0;0;0;0;0;0;0;0;1;0;3;3;3;0
"28/09/2024";"17:11:11";"188";"Sem vítima";"43,110";"BR-277/PR";"Crescente";"Colisão traseira";1;0;0;0;0;0;0;0;0;1;3;0;0;0;0
"28/09/2024";"17:16:29";"190";"Com vítima";"40,400";"BR-277/PR";"Crescente";"Choque";0;0;0;1;0;0;0;0;0;0;0;0;1;0;0
"29/09/2024";"02:43:50";"17";"Com vítima";"74,003";"BR-277/PR";"Decrescente";"Queda de moto";0;0;0;1;0;0;0;0;0;0;0;1;0;0;0
"29/09/2024";"07:18:06";"42";"Sem vítima";"278,010";"151/PR";"Decrescente";"Capotamento";1;0;0;0;0;0;0;0;0;0;0;0;0;0;0
"29/09/2024";"12:27:20";"94";"Com vítima";"42,385";"BR-277/PR";"Decrescente";"Capotamento";1;0;0;0;0;0;0;0;0;0;0;2;0;0;0
"29/09/2024";"19:18:03";"171";"Com vítima";"76,010";"BR-369/PR";"Decrescente";"Colisão traseira";1;0;0;0;0;0;0;0;0;1;0;5;0;0;0
"29/09/2024";"19:26:23";"175";"Sem vítima";"7,036";"407/PR";"Decrescente";"Atropelamento de animal";1;0;0;0;0;0;0;0;0;0;5;0;0;0;0
"30/09/2024";"00:42:22";"7";"Sem vítima";"5,510";"BR-277/PR";"Crescente";"Saída de pista";1;0;0;0;0;0;0;0;0;0;1;0;0;0;0
"30/09/2024";"09:04:12";"146";"Sem vítima";"315,058";"151/PR";"Crescente";"Saída de pista";1;0;0;0;0;0;0;0;0;0;1;0;0;0;0
"30/09/2024";"11:28:04";"181";"Sem vítima";"60,250";"BR-277/PR";"Crescente";"Colisão traseira";1;0;1;0;0;0;0;0;0;0;2;0;0;0;0
"30/09/2024";"14:59:08";"219";"Com vítima";"1,100";"BR-277/PR";"Crescente";"Colisão lateral no mesmo sentido";1;0;0;1;0;0;0;0;0;0;1;1;0;0;0
"30/09/2024";"17:31:19";"243";"Sem vítima";"73,040";"BR-277/PR";"Decrescente";"Choque";1;0;0;0;0;0;0;0;0;0;1;0;0;0;0
"30/09/2024";"18:21:11";"252";"Com vítima";"11,010";"BR-277/PR";"Crescente";"Colisão lateral no mesmo sentido";0;0;0;1;0;0;0;0;0;1;1;1;0;0;0
"30/09/2024";"18:31:33";"254";"Sem vítima";"80,100";"BR-277/PR";"Decrescente";"Colisão lateral no mesmo sentido";0;0;0;2;0;0;0;0;0;0;2;0;0;0;0
"30/09/2024";"19:34:28";"264";"Com vítima";"278,720";"151/PR";"Decrescente";"Colisão transversal";1;1;0;0;0;0;0;0;0;0;3;0;0;0;1
"01/10/2024";"08:07:48";"94";"Sem vítima";"10,115";"BR-153/PR";"Crescente";"Colisão traseira";1;0;1;0;0;0;0;0;0;0;2;0;0;0;0
"01/10/2024";"11:00:42";"164";"Com vítima";"287,424";"151/PR";"Decrescente";"Colisão traseira";0;0;0;1;0;0;0;0;0;1;1;0;1;0;0
"01/10/2024";"23:45:43";"295";"Com vítima";"14,014";"BR-153/PR";"Decrescente";"Colisão transversal";2;0;0;0;0;0;0;0;0;0;0;1;1;0;0
"02/10/2024";"05:05:01";"17";"Sem vítima";"48,905";"BR-277/PR";"Decrescente";"Colisão traseira";0;0;1;0;0;0;0;0;0;1;2;0;0;0;0
"02/10/2024";"07:49:31";"113";"Com vítima";"318,999";"151/PR";"Crescente";"Choque";0;0;1;0;0;0;0;0;0;0;0;1;0;0;0
"02/10/2024";"12:13:02";"196";"Sem vítima";"206,100";"092/PR";"Decrescente";"Saída de pista";0;0;0;0;0;0;0;0;0;1;1;0;0;0;0
"02/10/2024";"16:27:33";"244";"Sem vítima";"44,470";"BR-277/PR";"Decrescente";"Saída de pista";0;0;0;0;0;0;0;0;0;1;2;0;0;0;0
"02/10/2024";"16:43:01";"247";"Sem vítima";"36,450";"BR-277/PR";"Decrescente";"Choque";0;0;0;0;0;0;0;0;0;1;1;0;0;0;0
"02/10/2024";"17:20:37";"251";"Sem vítima";"24,100";"BR-277/PR";"Crescente";"Choque";0;0;0;0;0;0;0;0;0;1;1;0;0;0;0
"02/10/2024";"20:28:36";"278";"Sem vítima";"0,500";"855/PR";"Decrescente";"Saída de pista";1;0;0;0;0;0;0;0;0;0;1;0;0;0;0
"02/10/2024";"21:03:40";"288";"Com vítima";"0,500";"508/PR";"Crescente";"Colisão traseira";1;0;0;1;0;0;0;0;0;0;0;5;0;0;0
"02/10/2024";"23:55:24";"305";"Com vítima";"79,500";"BR-277/PR";"Decrescente";"Colisão traseira";0;0;0;1;0;0;0;0;0;0;0;1;0;0;0
"03/10/2024";"13:22:10";"204";"Com vítima";"66,183";"BR-277/PR";"Decrescente";"Colisão traseira";0;0;0;0;0;0;0;0;0;1;0;0;0;1;0
"03/10/2024";"18:47:28";"266";"Sem vítima";"0,920";"BR-277/PR";"Decrescente";"Colisão lateral no mesmo sentido";1;0;1;0;0;0;0;0;0;0;2;0;0;0;0
"03/10/2024";"22:14:23";"305";"Com vítima";"15,500";"BR-369/PR";"Crescente";"Colisão traseira";2;0;0;2;0;0;0;0;0;0;10;2;0;0;0
"04/10/2024";"08:30:03";"151";"Com vítima";"17,417";"407/PR";"Crescente";"Colisão traseira";2;0;0;2;0;0;0;0;0;0;2;0;2;0;0
"04/10/2024";"14:18:08";"218";"Com vítima";"82,409";"BR-277/PR";"Decrescente";"Choque";2;0;0;0;0;0;0;0;0;0;0;2;0;0;0
"04/10/2024";"15:10:40";"232";"Com vítima";"5,410";"239/PR";"Crescente";"Tombamento";0;0;2;0;0;0;0;0;0;0;0;2;0;2;0
"04/10/2024";"20:13:22";"285";"Com vítima";"287,800";"151/PR";"Crescente";"Atropelamento de pedestre";2;0;0;0;0;0;0;0;0;0;2;2;0;0;0
"05/10/2024";"00:17:54";"7";"Com vítima";"266,300";"151/PR";"Crescente";"Colisão traseira";2;0;2;0;0;0;0;0;0;0;2;2;0;0;0
"05/10/2024";"09:55:13";"79";"Com vítima";"307,512";"092/PR";"Crescente";"Colisão transversal";2;0;2;0;0;0;0;0;0;0;2;6;0;0;0
"05/10/2024";"11:06:29";"96";"Sem vítima";"213,374";"092/PR";"Decrescente";"Saída de pista";0;0;2;0;0;0;0;0;0;0;2;0;0;0;0
"05/10/2024";"14:38:52";"138";"Sem vítima";"53,655";"BR-277/PR";"Crescente";"Colisão lateral no mesmo sentido";0;0;2;0;0;0;0;0;0;0;5;0;0;0;0
"05/10/2024";"15:52:58";"153";"Com vítima";"12,371";"BR-277/PR";"Decrescente";"Colisão transversal";1;0;1;0;0;0;0;0;0;0;1;2;1;0;1
"05/10/2024";"17:56:32";"170";"Com vítima";"240,470";"092/PR";"Crescente";"Colisão transversal";2;0;0;0;0;0;0;0;0;0;0;5;1;0;0
"05/10/2024";"19:10:12";"182";"Com vítima";"44,590";"BR-369/PR";"Crescente";"Capotamento";1;0;0;0;0;0;0;0;0;0;0;0;1;0;0
"05/10/2024";"23:43:52";"207";"Sem vítima";"2,010";"BR-277/PR";"Crescente";"Colisão lateral no mesmo sentido";1;0;1;0;0;0;0;0;0;0;2;0;0;0;0
"06/10/2024";"02:09:34";"18";"Com vítima";"27,830";"BR-369/PR";"Crescente";"Colisão traseira";2;0;0;0;0;0;0;0;0;0;0;2;1;0;0
"06/10/2024";"02:49:43";"21";"Com vítima";"245,010";"151/PR";"Decrescente";"Choque";1;0;0;0;0;0;0;0;0;0;0;2;0;0;0
"06/10/2024";"06:57:35";"26";"Com vítima";"22,303";"408/PR";"Crescente";"Colisão frontal";1;0;1;0;0;0;0;0;0;0;1;1;0;0;0
"06/10/2024";"09:50:59";"56";"Sem vítima";"30,690";"BR-277/PR";"Decrescente";"Saída de pista";1;0;0;0;0;0;0;0;0;0;3;0;0;0;0
"06/10/2024";"14:52:27";"112";"Sem vítima";"68,018";"BR-277/PR";"Crescente";"Choque";1;0;0;0;0;0;0;0;0;0;1;0;0;0;0
"06/10/2024";"17:47:41";"154";"Com vítima";"31,100";"BR-153/PR";"Crescente";"Colisão traseira";0;0;0;1;0;0;0;0;0;0;0;1;0;0;0
"06/10/2024";"18:10:36";"157";"Com vítima";"31,780";"BR-277/PR";"Crescente";"Choque";0;0;0;0;0;0;0;0;0;1;0;1;0;0;0
"06/10/2024";"19:00:25";"161";"Com vítima";"72,500";"BR-277/PR";"Crescente";"Queda de bicicleta";0;1;0;0;0;0;0;0;0;0;0;0;0;0;0
"07/10/2024";"08:28:06";"138";"Com vítima";"307,494";"092/PR";"Decrescente";"Engavetamento";3;0;0;0;0;0;0;0;0;0;0;3;0;0;0
"07/10/2024";"10:58:23";"192";"Sem vítima";"0,002";"BR-277/PR";"Crescente";"Colisão lateral no mesmo sentido";1;0;1;0;0;0;0;0;0;0;2;0;0;0;0
"07/10/2024";"12:26:51";"209";"Com vítima";"2,774";"408/PR";"Decrescente";"Choque";1;0;0;0;0;0;0;0;0;0;0;2;0;0;0
"07/10/2024";"14:22:01";"231";"Sem vítima";"275,798";"151/PR";"Crescente";"Choque";0;0;1;0;0;0;0;0;0;0;2;0;0;0;0
"07/10/2024";"18:49:43";"264";"Sem vítima";"12,380";"BR-277/PR";"Decrescente";"Choque";1;0;0;0;0;0;0;0;0;0;1;0;0;0;0
"07/10/2024";"21:42:30";"294";"Com vítima";"297,770";"151/PR";"Crescente";"Tombamento";0;0;1;0;0;0;0;0;0;0;0;1;0;0;0
"08/10/2024";"11:07:16";"185";"Sem vítima";"9,141";"BR-277/PR";"Decrescente";"Colisão lateral no mesmo sentido";1;0;0;1;0;0;0;0;0;0;3;0;0;0;0
"08/10/2024";"19:17:55";"275";"Com vítima";"1,582";"BR-277/PR";"Decrescente";"Colisão traseira";1;0;1;0;0;0;0;0;0;0;5;1;0;0;0
"08/10/2024";"19:38:05";"278";"Sem vítima";"7,862";"239/PR";"Crescente";"Colisão lateral no mesmo sentido";1;0;1;0;0;0;0;0;0;0;3;0;0;0;0
"08/10/2024";"23:37:17";"315";"Sem vítima";"253,730";"151/PR";"Decrescente";"Atropelamento de animal";0;0;1;0;0;0;0;0;0;0;1;0;0;0;0
"09/10/2024";"00:24:24";"6";"Com vítima";"276,100";"151/PR";"Decrescente";"Choque";1;0;0;0;0;0;0;0;0;0;0;1;1;0;0
"09/10/2024";"01:42:05";"14";"Sem vítima";"0,398";"BR-277/PR";"Decrescente";"Choque";1;0;0;0;0;0;0;0;0;0;1;0;0;0;0
"09/10/2024";"02:29:20";"18";"Sem vítima";"70,789";"BR-277/PR";"Decrescente";"Choque";1;0;0;0;0;0;0;0;0;0;0;0;0;0;0
"09/10/2024";"05:16:12";"27";"Com vítima";"259,920";"151/PR";"Crescente";"Tombamento";0;0;1;0;0;0;0;0;0;0;0;0;0;0;1
"09/10/2024";"11:17:50";"199";"Sem vítima";"306,065";"151/PR";"Crescente";"Choque";1;0;0;0;0;0;0;0;0;0;1;0;0;0;0
"09/10/2024";"11:56:10";"207";"Com vítima";"307,320";"151/PR";"Decrescente";"Capotamento";0;0;0;0;0;0;0;0;0;1;0;1;0;0;0
"09/10/2024";"13:09:57";"218";"Com vítima";"21,553";"BR-277/PR";"Crescente";"Saída de pista";1;0;0;0;0;0;0;0;0;0;0;1;0;0;0
"09/10/2024";"13:38:58";"227";"Sem vítima";"32,326";"BR-277/PR";"Crescente";"Saída de pista";0;0;0;0;0;0;0;0;0;1;1;0;0;0;0
"09/10/2024";"13:42:56";"230";"Sem vítima";"306,866";"151/PR";"Crescente";"Capotamento";1;0;0;0;0;0;0;0;0;0;1;0;0;0;0
"09/10/2024";"14:07:24";"237";"Sem vítima";"70,980";"BR-277/PR";"Decrescente";"Choque";1;0;0;0;0;0;0;0;0;0;2;0;0;0;0
"09/10/2024";"15:00:45";"252";"Sem vítima";"70,467";"BR-277/PR";"Crescente";"Colisão lateral no mesmo sentido";0;0;0;0;0;0;0;0;0;2;2;0;0;0;0
"09/10/2024";"15:04:11";"253";"Sem vítima";"23,578";"BR-277/PR";"Decrescente";"Saída de pista";1;0;0;0;0;0;0;0;0;0;3;0;0;0;0
"09/10/2024";"15:50:24";"263";"Sem vítima";"38,134";"BR-277/PR";"Crescente";"Capotamento";1;0;0;0;0;0;0;0;0;0;2;0;0;0;0
"09/10/2024";"15:53:22";"267";"Sem vítima";"2,100";"239/PR";"Decrescente";"Choque";1;0;0;0;0;0;0;0;0;0;1;0;0;0;0
"09/10/2024";"16:46:13";"271";"Com vítima";"307,081";"151/PR";"Crescente";"Capotamento";1;0;0;0;0;0;0;0;0;0;0;1;1;0;0
"09/10/2024";"17:25:30";"278";"Sem vítima";"287,890";"151/PR";"Decrescente";"Colisão traseira";2;0;0;0;0;0;0;0;0;0;2;0;0;0;0
"09/10/2024";"19:01:49";"287";"Sem vítima";"17,200";"BR-369/PR";"Crescente";"Choque";0;0;0;1;0;0;0;0;0;0;1;0;0;0;0
"09/10/2024";"21:46:28";"308";"Sem vítima";"36,210";"BR-277/PR";"Decrescente";"Colisão traseira";2;0;0;0;0;0;0;0;0;0;2;0;0;0;0
"10/10/2024";"00:51:02";"12";"Com vítima";"206,040";"092/PR";"Decrescente";"Tombamento";0;0;1;0;0;0;0;0;0;0;0;1;0;0;0
"10/10/2024";"05:26:59";"23";"Sem vítima";"12,500";"BR-277/PR";"Decrescente";"Saída de pista";1;0;0;0;0;0;0;0;0;0;2;0;0;0;0
"10/10/2024";"07:09:31";"60";"Com vítima";"83,910";"BR-277/PR";"Crescente";"Capotamento";1;0;0;0;0;0;0;0;0;0;0;1;0;0;0
"10/10/2024";"09:47:38";"154";"Sem vítima";"60,250";"BR-277/PR";"Crescente";"Colisão traseira";0;0;2;0;0;0;0;0;0;0;2;0;0;0;0
"10/10/2024";"12:47:52";"201";"Com vítima";"1,140";"BR-277/PR";"Decrescente";"Colisão traseira";0;0;2;0;0;0;0;0;0;0;0;2;0;0;0
"10/10/2024";"16:17:58";"245";"Sem vítima";"312,660";"151/PR";"Decrescente";"Saída de pista";1;0;0;0;0;0;0;0;0;0;1;0;0;0;0
"10/10/2024";"17:48:43";"259";"Sem vítima";"14,010";"508/PR";"Crescente";"Colisão traseira";2;0;0;0;0;0;0;0;0;0;2;0;0;0;0
"10/10/2024";"18:30:54";"265";"Com vítima";"282,100";"092/PR";"Crescente";"Queda de moto";0;0;0;1;0;0;0;0;0;0;0;0;1;0;0
"10/10/2024";"19:38:32";"278";"Sem vítima";"81,836";"BR-277/PR";"Decrescente";"Engavetamento";4;0;0;0;0;0;0;0;0;0;4;0;0;0;0
"10/10/2024";"20:07:34";"284";"Com vítima";"82,400";"BR-277/PR";"Crescente";"Queda de moto";0;0;0;1;0;0;0;0;0;0;0;2;0;0;0
"10/10/2024";"21:30:38";"291";"Sem vítima";"11,010";"BR-277/PR";"Crescente";"Capotamento";1;0;0;0;0;0;0;0;0;0;1;0;0;0;0
"11/10/2024";"00:00:24";"1";"Com vítima";"82,950";"BR-277/PR";"Decrescente";"Colisão traseira";2;0;0;0;0;0;0;0;0;0;0;2;0;0;0
"11/10/2024";"07:47:30";"100";"Com vítima";"306,897";"151/PR";"Crescente";"Choque";1;0;0;0;0;0;0;0;0;0;0;0;1;0;0
"11/10/2024";"08:05:12";"109";"Com vítima";"305,509";"151/PR";"Crescente";"Capotamento";1;0;0;0;0;0;0;0;0;0;0;1;0;0;0
"11/10/2024";"08:28:44";"117";"Sem vítima";"292,074";"151/PR";"Decrescente";"Choque";1;0;0;0;0;0;0;0;0;0;2;0;0;0;0
"11/10/2024";"10:02:28";"176";"Sem vítima";"260,590";"151/PR";"Crescente";"Colisão lateral no mesmo sentido";0;0;2;0;0;0;0;0;0;0;2;0;0;0;0
"11/10/2024";"11:54:55";"216";"Sem vítima";"40,200";"BR-369/PR";"Decrescente";"Colisão traseira";1;0;0;0;0;0;0;0;0;1;5;0;0;0;0
"11/10/2024";"13:41:45";"243";"Sem vítima";"262,950";"151/PR";"Crescente";"Saída de pista";1;0;0;0;0;0;0;0;0;0;2;0;0;0;0
"11/10/2024";"14:33:08";"252";"Sem vítima";"32,250";"BR-277/PR";"Crescente";"Saída de pista";1;0;0;0;0;0;0;0;0;0;2;0;0;0;0
"11/10/2024";"15:16:26";"258";"Sem vítima";"46,600";"BR-277/PR";"Crescente";"Colisão traseira";0;0;1;0;0;0;0;0;0;1;2;0;0;0;0
"11/10/2024";"15:49:59";"266";"Com vítima";"272,640";"092/PR";"Decrescente";"Choque";0;0;1;0;0;0;0;0;0;0;0;1;0;0;0
"11/10/2024";"15:51:48";"267";"Sem vítima";"72,730";"BR-277/PR";"Decrescente";"Choque";0;0;0;0;0;0;0;0;0;1;1;0;0;0;0
"11/10/2024";"16:34:53";"278";"Sem vítima";"305,512";"151/PR";"Crescente";"Choque";1;0;0;0;0;0;0;0;0;0;2;0;0;0;0
"11/10/2024";"17:13:17";"288";"Sem vítima";"38,200";"BR-277/PR";"Crescente";"Saída de pista";0;0;0;0;0;0;0;0;0;1;1;0;0;0;0
"11/10/2024";"17:38:15";"293";"Sem vítima";"9,900";"411/PR";"Crescente";"Choque";1;0;0;0;0;0;0;0;0;0;1;0;0;0;0
"11/10/2024";"19:06:17";"306";"Sem vítima";"209,260";"151/PR";"Decrescente";"Colisão transversal";2;0;0;0;0;0;0;0;0;0;4;0;0;0;0
"11/10/2024";"21:55:28";"353";"Com vítima";"3,180";"BR-277/PR";"Decrescente";"Capotamento";1;0;0;0;0;0;0;0;0;0;0;1;0;0;0
"11/10/2024";"22:01:59";"354";"Sem vítima";"33,600";"BR-277/PR";"Decrescente";"Colisão traseira";1;0;0;0;0;0;0;0;0;0;2;0;0;0;0
"12/10/2024";"04:50:41";"34";"Sem vítima";"279,770";"151/PR";"Crescente";"Saída de pista";1;0;0;0;0;0;0;0;0;0;2;0;0;0;0
"12/10/2024";"12:15:52";"139";"Sem vítima";"58,450";"BR-277/PR";"Decrescente";"Choque";1;0;0;0;0;0;0;0;0;0;2;0;0;0;0
"12/10/2024";"12:43:39";"148";"Com vítima";"301,600";"151/PR";"Crescente";"Choque";1;0;0;0;0;0;0;0;0;0;1;1;0;0;0
"12/10/2024";"13:00:05";"155";"Com vítima";"6,650";"BR-277/PR";"Crescente";"Queda de moto";0;0;0;1;0;0;0;0;0;0;0;1;1;0;0
"12/10/2024";"17:42:29";"206";"Com vítima";"32,100";"BR-277/PR";"Decrescente";"Choque";1;0;0;0;0;0;0;0;0;0;1;4;0;0;0
"12/10/2024";"19:15:22";"221";"Sem vítima";"323,360";"092/PR";"Crescente";"Choque";0;0;0;0;0;0;0;0;0;1;1;0;0;0;0
"12/10/2024";"20:49:36";"232";"Sem vítima";"6,300";"411/PR";"Crescente";"Queda de moto";0;0;0;1;0;0;0;0;0;0;1;0;0;0;0
"12/10/2024";"23:13:28";"247";"Com vítima";"78,852";"BR-369/PR";"Decrescente";"Atropelamento de pedestre";1;0;0;0;0;0;0;0;0;0;0;1;1;0;0
"13/10/2024";"03:28:42";"23";"Com vítima";"292,206";"151/PR";"Decrescente";"Choque";1;0;0;0;0;0;0;0;0;0;0;1;0;0;0
"13/10/2024";"04:12:08";"27";"Com vítima";"286,180";"151/PR";"Decrescente";"Colisão traseira";1;0;0;1;0;0;0;0;0;0;1;1;0;0;0
"13/10/2024";"06:08:35";"36";"Sem vítima";"278,500";"151/PR";"Decrescente";"Choque";1;0;0;0;0;0;0;0;0;0;2;0;0;0;0
"13/10/2024";"08:33:01";"71";"Com vítima";"70,640";"BR-277/PR";"Decrescente";"Queda de bicicleta";0;1;0;0;0;0;0;0;0;0;0;0;0;0;0
"13/10/2024";"09:20:16";"82";"Com vítima";"43,250";"BR-277/PR";"Decrescente";"Queda de bicicleta";0;1;0;0;0;0;0;0;0;0;0;0;0;0;0
"13/10/2024";"13:18:05";"112";"Sem vítima";"36,147";"BR-277/PR";"Decrescente";"Choque";0;0;1;0;0;0;0;0;0;0;1;0;0;0;0
"13/10/2024";"14:40:03";"124";"Com vítima";"50,980";"BR-277/PR";"Crescente";"Choque";1;0;0;0;0;0;0;0;0;0;0;3;0;0;0
"13/10/2024";"18:15:29";"162";"Com vítima";"17,220";"BR-153/PR";"Crescente";"Tombamento";1;0;1;0;0;0;0;0;0;0;0;1;1;0;0
"13/10/2024";"18:38:34";"170";"Com vítima";"10,640";"508/PR";"Decrescente";"Atropelamento de pedestre";1;0;0;0;0;0;0;0;0;0;0;4;1;0;0
"13/10/2024";"19:12:42";"174";"Com vítima";"21,012";"BR-277/PR";"Decrescente";"Capotamento";0;0;0;0;0;0;0;0;0;1;0;1;4;0;0
"13/10/2024";"21:03:46";"201";"Com vítima";"219,833";"092/PR";"Crescente";"Atropelamento de pedestre";0;0;1;0;0;0;0;0;0;0;0;2;0;0;0
"13/10/2024";"23:21:48";"221";"Sem vítima";"78,526";"BR-277/PR";"Decrescente";"Choque";1;0;0;0;0;0;0;0;0;0;0;0;0;0;0
"14/10/2024";"04:44:12";"30";"Sem vítima";"5,240";"BR-369/PR";"Decrescente";"Colisão lateral no mesmo sentido";1;0;0;0;1;0;0;0;0;0;5;0;0;0;0
"14/10/2024";"09:10:30";"152";"Sem vítima";"33,146";"BR-277/PR";"Crescente";"Choque";0;0;0;0;0;0;0;0;0;1;2;0;0;0;0
"14/10/2024";"10:30:40";"162";"Com vítima";"5,143";"BR-277/PR";"Crescente";"Queda de moto";0;0;0;1;0;0;0;0;0;0;0;1;1;0;0
"14/10/2024";"13:05:09";"188";"Com vítima";"37,534";"BR-369/PR";"Crescente";"Colisão transversal";1;0;0;1;0;0;0;0;0;0;1;1;0;0;0
"14/10/2024";"17:08:25";"236";"Sem vítima";"37,514";"BR-277/PR";"Crescente";"Choque";1;0;0;0;0;0;0;0;0;0;1;0;0;0;0
"14/10/2024";"19:25:50";"250";"Com vítima";"11,100";"239/PR";"Crescente";"Atropelamento de animal";1;0;0;0;0;0;0;0;0;0;0;1;0;0;0
"14/10/2024";"20:04:09";"258";"Sem vítima";"23,010";"BR-277/PR";"Decrescente";"Saída de pista";1;0;0;0;0;0;0;0;0;0;1;0;0;0;0
"14/10/2024";"20:35:38";"260";"Sem vítima";"300,430";"092/PR";"Crescente";"Colisão lateral no mesmo sentido";1;0;1;0;0;0;0;0;0;0;2;0;0;0;0
"14/10/2024";"21:18:59";"266";"Sem vítima";"67,180";"BR-277/PR";"Crescente";"Capotamento";1;0;0;0;0;0;0;0;0;0;1;0;0;0;0
"14/10/2024";"23:10:21";"278";"Sem vítima";"69,110";"BR-277/PR";"Decrescente";"Saída de pista";1;0;0;0;0;0;0;0;0;0;1;0;0;0;0
"14/10/2024";"23:28:27";"282";"Sem vítima";"6,010";"BR-277/PR";"Crescente";"Saída de pista";1;0;0;0;0;0;0;0;0;0;1;0;0;0;0
"15/10/2024";"02:51:45";"23";"Sem vítima";"301,560";"151/PR";"Decrescente";"Saída de pista";1;0;0;0;0;0;0;0;0;0;2;0;0;0;0
"15/10/2024";"07:25:30";"56";"Com vítima";"86,486";"BR-369/PR";"Crescente";"Colisão frontal";1;0;0;1;0;0;0;0;0;0;0;2;0;0;0
"15/10/2024";"07:38:55";"67";"Com vítima";"45,600";"BR-277/PR";"Decrescente";"Colisão traseira";0;0;1;1;0;0;0;0;0;0;1;1;0;0;0
"15/10/2024";"13:13:51";"229";"Sem vítima";"45,979";"BR-277/PR";"Decrescente";"Choque";0;0;1;0;0;0;0;0;0;0;1;0;0;0;0
"15/10/2024";"13:35:02";"233";"Sem vítima";"5,808";"239/PR";"Decrescente";"Capotamento";1;0;0;0;0;0;0;0;0;0;1;0;0;0;0
"15/10/2024";"14:05:55";"239";"Sem vítima";"76,179";"BR-277/PR";"Crescente";"Colisão traseira";2;0;0;0;0;0;0;0;0;0;2;0;0;0;0
"15/10/2024";"16:08:13";"271";"Com vítima";"37,507";"BR-369/PR";"Decrescente";"Colisão traseira";0;0;1;1;0;0;0;0;0;0;1;1;0;0;0
"16/10/2024";"08:08:19";"118";"Com vítima";"78,539";"BR-277/PR";"Decrescente";"Colisão traseira";1;0;0;1;0;0;0;0;0;0;1;0;1;0;0
"16/10/2024";"08:26:59";"123";"Com vítima";"14,381";"BR-153/PR";"Crescente";"Colisão traseira";1;0;1;0;0;0;0;0;0;1;0;1;1;0;0
"16/10/2024";"11:13:23";"197";"Com vítima";"185,117";"151/PR";"Decrescente";"Colisão lateral no mesmo sentido";1;0;1;0;0;0;0;0;0;0;1;4;0;0;0
"16/10/2024";"12:30:36";"217";"Com vítima";"79,135";"BR-277/PR";"Decrescente";"Capotamento";1;0;0;0;0;0;0;0;0;0;0;1;0;0;0
"16/10/2024";"15:21:37";"254";"Com vítima";"0,549";"407/PR";"Decrescente";"Queda de moto";0;0;0;1;0;0;0;0;0;0;0;2;0;0;0
"16/10/2024";"15:51:44";"262";"Com vítima";"271,700";"151/PR";"Decrescente";"Choque";1;0;0;0;0;0;0;0;0;0;1;1;0;0;0
"16/10/2024";"17:32:14";"287";"Com vítima";"1,500";"407/PR";"Decrescente";"Engavetamento";3;0;0;0;0;0;0;0;0;0;3;0;1;0;0
"17/10/2024";"09:25:49";"164";"Com vítima";"269,510";"151/PR";"Crescente";"Colisão lateral no mesmo sentido";1;0;1;0;0;0;0;0;0;0;0;6;0;0;0
"17/10/2024";"12:59:52";"235";"Sem vítima";"43,518";"BR-277/PR";"Crescente";"Colisão traseira";0;0;2;0;0;0;0;0;0;0;2;0;0;0;0
"17/10/2024";"16:52:37";"279";"Sem vítima";"24,436";"BR-153/PR";"Crescente";"Colisão transversal";1;0;1;0;0;0;0;0;0;0;5;0;0;0;0
"17/10/2024";"20:00:20";"313";"Com vítima";"32,094";"BR-369/PR";"Crescente";"Choque";1;0;0;0;0;0;0;0;0;0;0;0;0;0;2
"17/10/2024";"23:29:11";"349";"Com vítima";"25,950";"BR-277/PR";"Decrescente";"Capotamento";1;0;0;0;0;0;0;0;0;0;0;2;0;0;0
"18/10/2024";"03:09:38";"24";"Com vítima";"278,040";"151/PR";"Crescente";"Colisão traseira";0;0;2;0;0;0;0;0;0;0;0;2;0;0;0
"18/10/2024";"07:45:33";"105";"Sem vítima";"79,877";"BR-277/PR";"Crescente";"Colisão traseira";1;0;0;1;0;0;0;0;0;0;2;0;0;0;0
"18/10/2024";"07:50:37";"108";"Com vítima";"85,551";"BR-369/PR";"Crescente";"Colisão transversal";1;0;1;0;0;0;0;0;0;0;1;2;0;0;0
"18/10/2024";"09:55:38";"176";"Com vítima";"62,409";"BR-277/PR";"Crescente";"Choque";1;0;0;0;0;0;0;0;0;0;0;1;0;0;0
"18/10/2024";"12:06:58";"207";"Com vítima";"7,053";"BR-277/PR";"Decrescente";"Colisão transversal";1;0;0;1;0;0;0;0;0;0;0;2;0;0;0
"18/10/2024";"15:51:02";"260";"Sem vítima";"13,163";"BR-277/PR";"Decrescente";"Choque";0;0;1;0;0;0;0;0;0;0;1;0;0;0;0
"18/10/2024";"16:54:52";"273";"Com vítima";"3,243";"508/PR";"Decrescente";"Queda de moto";0;0;0;1;0;0;0;0;0;0;0;1;0;0;0