data;horario;n_da_ocorrencia;tipo_de_ocorrencia;km;trecho;sentido;tipo_de_acidente;automovel;bicicleta;caminhao;moto;onibus;outros;tracao_animal;transporte_de_cargas_especiais;trator_maquinas;utilitarios;ilesos;levemente_feridos;moderadamente_feridos;gravemente_feridos;mortos
"03/11/2024";"15:06:43";"112";"Com vítima";"38,200";"BR-277/PR";"Crescente";"Choque";0;0;0;0;0;0;0;0;0;1;2;1;0;0;0
"03/11/2024";"15:09:42";"113";"Sem vítima";"33,020";"BR-277/PR";"Crescente";"Choque";1;0;0;0;0;0;0;0;0;0;1;0;0;0;0
"03/11/2024";"15:44:46";"120";"Sem vítima";"67,712";"BR-277/PR";"Crescente";"Choque";1;0;0;0;0;0;0;0;0;0;1;0;0;0;0
"03/11/2024";"16:16:33";"128";"Sem vítima";"33,600";"BR-277/PR";"Crescente";"Choque";1;0;0;0;0;0;0;0;0;0;1;0;0;0;0
"03/11/2024";"16:25:29";"129";"Sem vítima";"70,100";"BR-277/PR";"Decrescente";"Saída de pista";1;0;0;0;0;0;0;0;0;0;1;0;0;0;0
"03/11/2024";"16:29:35";"131";"Sem vítima";"33,300";"BR-277/PR";"Crescente";"Choque";1;0;0;0;0;0;0;0;0;0;1;0;0;0;0
"03/11/2024";"16:30:03";"132";"Com vítima";"318,086";"151/PR";"Decrescente";"Colisão traseira";2;0;0;0;0;0;0;0;0;0;7;0;1;0;0
"03/11/2024";"16:32:18";"133";"Sem vítima";"307,099";"151/PR";"Crescente";"Colisão lateral no mesmo sentido";2;0;0;0;0;0;0;0;0;0;3;0;0;0;0
"03/11/2024";"16:38:00";"134";"Sem vítima";"37,930";"BR-277/PR";"Crescente";"Choque";0;0;0;0;0;0;0;0;0;1;2;0;0;0;0
"03/11/2024";"17:28:40";"140";"Com vítima";"37,930";"BR-277/PR";"Crescente";"Queda de moto";0;0;0;1;0;0;0;0;0;0;0;0;1;1;0
"03/11/2024";"17:32:57";"141";"Sem vítima";"31,500";"BR-277/PR";"Crescente";"Choque";1;0;0;0;0;0;0;0;0;0;3;0;0;0;0
"03/11/2024";"19:16:39";"151";"Com vítima";"7,800";"408/PR";"Decrescente";"Colisão lateral no mesmo sentido";2;0;0;0;0;0;0;0;0;0;2;2;0;0;0
"03/11/2024";"19:39:40";"158";"Sem vítima";"32,500";"BR-277/PR";"Decrescente";"Choque";0;0;0;0;0;0;0;0;0;1;1;0;0;0;0
"03/11/2024";"20:04:21";"163";"Com vítima";"255,550";"092/PR";"Crescente";"Colisão transversal";2;0;0;0;0;0;0;0;0;0;4;1;0;0;0
"04/11/2024";"10:24:48";"202";"Com vítima";"40,509";"BR-277/PR";"Crescente";"Capotamento";1;0;0;0;0;0;0;0;0;0;0;3;0;0;0
"04/11/2024";"15:11:16";"267";"Com vítima";"306,968";"151/PR";"Decrescente";"Capotamento";1;0;0;0;0;0;0;0;0;0;0;0;3;0;0
"04/11/2024";"16:14:08";"278";"Com vítima";"277,466";"092/PR";"Crescente";"Colisão frontal";0;0;2;0;0;0;0;0;0;0;0;1;1;0;0
"04/11/2024";"16:21:45";"280";"Sem vítima";"281,010";"151/PR";"Crescente";"Saída de pista";1;0;0;0;0;0;0;0;0;0;1;0;0;0;0
"04/11/2024";"17:14:01";"287";"Sem vítima";"38,009";"BR-277/PR";"Crescente";"Choque";0;0;0;0;0;0;0;0;0;1;1;0;0;0;0
"05/11/2024";"07:41:49";"125";"Sem vítima";"11,106";"508/PR";"Decrescente";"Atropelamento de animal";1;0;0;0;0;0;0;0;0;0;1;0;0;0;0
"05/11/2024";"19:48:10";"298";"Com vítima";"268,140";"092/PR";"Crescente";"Colisão traseira";1;0;0;0;0;0;0;0;0;1;0;2;0;0;0
"05/11/2024";"21:47:51";"311";"Com vítima";"255,660";"092/PR";"Crescente";"Colisão lateral no mesmo sentido";0;0;1;1;0;0;0;0;0;0;1;0;1;0;0
"05/11/2024";"22:44:58";"320";"Sem vítima";"40,009";"BR-277/PR";"Crescente";"Saída de pista";1;0;0;0;0;0;0;0;0;0;1;0;0;0;0
"05/11/2024";"23:42:09";"328";"Com vítima";"311,800";"151/PR";"Decrescente";"Choque";1;0;0;0;0;0;0;0;0;0;0;1;0;0;0
"06/11/2024";"01:12:19";"19";"Com vítima";"3,415";"BR-277/PR";"Decrescente";"Choque";0;0;0;1;0;0;0;0;0;0;0;0;0;1;0
"06/11/2024";"07:03:17";"77";"Sem vítima";"1,400";"BR-369/PR";"Crescente";"Colisão traseira";1;0;1;0;0;0;0;0;0;0;2;0;0;0;0
"06/11/2024";"07:20:59";"91";"Com vítima";"283,310";"092/PR";"Decrescente";"Colisão traseira";0;0;2;0;0;0;0;0;0;0;1;2;0;0;0
"06/11/2024";"17:42:17";"266";"Sem vítima";"74,100";"BR-277/PR";"Crescente";"Colisão traseira";2;0;0;0;0;0;0;0;0;0;0;0;0;0;0
"06/11/2024";"23:21:26";"296";"Com vítima";"0,100";"407/PR";"Decrescente";"Queda de moto";0;0;0;1;0;0;0;0;0;0;0;0;1;0;0
"06/11/2024";"23:25:50";"297";"Com vítima";"37,238";"BR-277/PR";"Crescente";"Tombamento";0;0;1;0;0;0;0;0;0;0;0;1;0;0;0
"07/11/2024";"00:31:31";"7";"Sem vítima";"45,500";"BR-153/PR";"Decrescente";"Capotamento";1;0;0;0;0;0;0;0;0;0;1;0;0;0;0
"07/11/2024";"06:33:38";"39";"Sem vítima";"307,120";"151/PR";"Crescente";"Choque";1;0;0;0;0;0;0;0;0;0;1;0;0;0;0
"07/11/2024";"09:15:17";"139";"Com vítima";"259,759";"151/PR";"Decrescente";"Tombamento";0;0;1;0;0;0;0;0;0;0;0;0;1;0;0
"07/11/2024";"09:51:47";"152";"Sem vítima";"19,482";"408/PR";"Decrescente";"Choque";1;0;0;0;0;0;0;0;0;0;1;0;0;0;0
"07/11/2024";"12:22:39";"207";"Com vítima";"221,200";"151/PR";"Crescente";"Choque";1;0;0;0;0;0;0;0;0;0;1;1;0;0;0
"07/11/2024";"17:00:18";"255";"Sem vítima";"302,100";"092/PR";"Crescente";"Saída de pista";0;0;0;0;0;0;0;0;0;1;1;0;0;0;0
"07/11/2024";"21:51:43";"306";"Sem vítima";"307,710";"151/PR";"Decrescente";"Atropelamento de animal";0;0;0;0;0;0;0;0;0;1;1;0;0;0;0
"08/11/2024";"04:17:31";"33";"Sem vítima";"80,300";"BR-277/PR";"Decrescente";"Colisão traseira";2;0;0;0;0;0;0;0;0;0;3;0;0;0;0
"08/11/2024";"07:21:53";"121";"Sem vítima";"76,090";"BR-277/PR";"Crescente";"Colisão traseira";1;0;0;0;0;0;0;0;0;0;1;0;0;0;0
"08/11/2024";"08:21:38";"158";"Sem vítima";"263,650";"151/PR";"Decrescente";"Choque";1;0;0;0;0;0;0;0;0;0;1;0;0;0;0
"08/11/2024";"08:32:11";"164";"Sem vítima";"81,240";"BR-277/PR";"Crescente";"Colisão traseira";1;0;0;0;0;0;0;0;0;0;1;0;0;0;0
"08/11/2024";"08:53:08";"176";"Com vítima";"80,451";"BR-277/PR";"Crescente";"Queda de moto";0;0;0;1;0;0;0;0;0;0;0;1;0;0;0
"08/11/2024";"11:47:25";"253";"Sem vítima";"79,540";"BR-277/PR";"Crescente";"Colisão traseira";1;0;0;0;0;0;0;0;0;0;1;0;0;0;0
"08/11/2024";"17:08:13";"320";"Sem vítima";"41,100";"BR-277/PR";"Crescente";"Colisão traseira";2;0;0;0;0;0;0;0;0;0;3;0;0;0;0
"08/11/2024";"20:10:58";"348";"Com vítima";"65,900";"BR-277/PR";"Decrescente";"Colisão lateral no mesmo sentido";1;0;0;1;0;0;0;0;0;0;0;1;1;0;0
"08/11/2024";"21:14:12";"359";"Com vítima";"56,202";"BR-277/PR";"Crescente";"Tombamento";0;0;1;0;0;0;0;0;0;0;0;1;0;0;0
"08/11/2024";"22:24:33";"367";"Com vítima";"39,950";"BR-277/PR";"Crescente";"Choque";1;0;0;0;0;0;0;0;0;0;0;1;0;0;0
"08/11/2024";"22:49:24";"374";"Com vítima";"12,410";"BR-277/PR";"Crescente";"Saída de pista";1;0;0;0;0;0;0;0;0;0;0;1;0;0;0
"09/11/2024";"01:30:53";"30";"Com vítima";"3,220";"239/PR";"Decrescente";"Colisão frontal";1;0;1;0;0;0;0;0;0;0;1;0;0;2;0
"09/11/2024";"08:50:23";"145";"Com vítima";"291,570";"151/PR";"Crescente";"Tombamento";0;0;1;0;0;0;0;0;0;0;0;1;0;0;0
"09/11/2024";"12:24:33";"195";"Com vítima";"4,718";"855/PR";"Crescente";"Colisão transversal";1;0;0;1;0;0;0;0;0;0;2;1;0;0;0
"09/11/2024";"15:24:58";"229";"Com vítima";"285,240";"092/PR";"Crescente";"Choque";0;0;1;0;0;0;0;0;0;0;0;1;0;0;0
"09/11/2024";"17:37:19";"250";"Com vítima";"37,100";"BR-277/PR";"Decrescente";"Choque";0;0;0;0;0;0;0;0;0;1;0;1;1;0;0
"09/11/2024";"18:18:28";"255";"Sem vítima";"1,506";"BR-153/PR";"Decrescente";"Colisão lateral no mesmo sentido";0;0;2;0;0;0;0;0;0;0;2;0;0;0;0
"09/11/2024";"19:21:39";"268";"Com vítima";"1,675";"407/PR";"Decrescente";"Queda de bicicleta";0;1;0;0;0;0;0;0;0;0;0;1;0;0;0
"09/11/2024";"19:56:34";"272";"Com vítima";"265,910";"092/PR";"Crescente";"Colisão lateral no mesmo sentido";2;0;0;0;0;0;0;0;0;0;1;1;0;0;0
"09/11/2024";"22:51:38";"290";"Com vítima";"1,010";"407/PR";"Crescente";"Queda de moto";0;0;0;1;0;0;0;0;0;0;0;1;0;0;0
"10/11/2024";"00:21:02";"5";"Sem vítima";"30,010";"BR-153/PR";"Decrescente";"Queda de moto";0;0;0;1;0;0;0;0;0;0;1;0;0;0;0
"10/11/2024";"00:28:59";"7";"Com vítima";"75,078";"BR-369/PR";"Decrescente";"Atropelamento de pedestre";0;0;0;0;0;0;0;0;0;0;0;0;0;0;1
"10/11/2024";"04:52:39";"35";"Com vítima";"74,010";"BR-277/PR";"Decrescente";"Capotamento";1;0;0;0;0;0;0;0;0;0;0;0;1;0;0
"10/11/2024";"09:21:57";"105";"Com vítima";"60,250";"BR-277/PR";"Crescente";"Queda de moto";0;0;0;1;0;0;0;0;0;0;0;1;0;0;0
"10/11/2024";"10:27:23";"118";"Com vítima";"2,160";"407/PR";"Decrescente";"Queda de moto";0;0;0;1;0;0;0;0;0;0;0;0;0;1;0
"10/11/2024";"17:10:37";"205";"Com vítima";"236,240";"151/PR";"Decrescente";"Tombamento";0;0;1;0;0;0;0;0;0;0;0;0;1;0;0
"10/11/2024";"17:24:32";"208";"Sem vítima";"1,010";"BR-369/PR";"Decrescente";"Choque";0;0;1;0;0;0;0;0;0;0;1;0;0;0;0
"10/11/2024";"17:38:25";"211";"Sem vítima";"70,090";"BR-277/PR";"Crescente";"Queda de moto";0;0;0;1;0;0;0;0;0;0;2;0;0;0;0
"10/11/2024";"19:45:59";"234";"Sem vítima";"79,100";"BR-277/PR";"Crescente";"Choque";0;0;0;1;0;0;0;0;0;0;1;0;0;0;0
"10/11/2024";"21:09:16";"248";"Sem vítima";"82,040";"BR-277/PR";"Crescente";"Colisão lateral no mesmo sentido";2;0;0;0;0;0;0;0;0;0;5;0;0;0;0
"10/11/2024";"22:22:31";"261";"Com vítima";"6,920";"BR-153/PR";"Crescente";"Tombamento";0;0;1;0;0;0;0;0;0;0;0;1;0;0;0
"10/11/2024";"23:09:49";"270";"Com vítima";"180,670";"151/PR";"Crescente";"Tombamento";0;0;1;0;0;0;0;0;0;0;0;0;1;0;0
"11/11/2024";"04:51:20";"30";"Sem vítima";"27,410";"508/PR";"Crescente";"Choque";0;0;0;0;0;0;0;0;0;1;1;0;0;0;0
"11/11/2024";"06:57:14";"60";"Sem vítima";"33,411";"BR-369/PR";"Crescente";"Choque";1;0;0;0;0;0;0;0;0;0;1;0;0;0;0
"11/11/2024";"11:58:00";"215";"Com vítima";"223,840";"151/PR";"Decrescente";"Colisão transversal";1;0;1;0;0;0;0;0;0;0;1;1;0;0;0
"11/11/2024";"13:10:43";"230";"Com vítima";"2,136";"508/PR";"Decrescente";"Colisão traseira";1;0;0;1;0;0;0;0;0;0;0;1;1;0;0
"11/11/2024";"23:32:49";"320";"Com vítima";"3,310";"407/PR";"Crescente";"Colisão frontal";1;1;0;0;0;0;0;0;0;0;2;0;0;0;0
"12/11/2024";"06:38:47";"62";"Com vítima";"77,103";"BR-277/PR";"Crescente";"Colisão traseira";1;0;0;1;0;0;0;0;0;0;1;0;1;0;0
"12/11/2024";"06:56:59";"82";"Com vítima";"74,523";"BR-277/PR";"Crescente";"Colisão traseira";1;0;0;1;0;0;0;0;0;0;1;0;1;0;0
"12/11/2024";"07:54:36";"122";"Com vítima";"253,500";"092/PR";"Crescente";"Colisão transversal";0;0;0;1;0;0;0;0;0;1;1;1;0;0;0
"12/11/2024";"09:27:43";"197";"Com vítima";"318,999";"151/PR";"Decrescente";"Colisão traseira";2;0;0;0;0;0;0;0;0;0;0;2;0;0;0
"12/11/2024";"09:30:16";"200";"Sem vítima";"205,664";"092/PR";"Crescente";"Tombamento";0;0;1;0;0;0;0;0;0;0;1;0;0;0;0
"12/11/2024";"11:35:15";"232";"Com vítima";"242,859";"092/PR";"Crescente";"Colisão frontal";1;0;1;0;0;0;0;0;0;0;1;0;0;2;1
"12/11/2024";"17:32:11";"295";"Sem vítima";"30,101";"BR-153/PR";"Decrescente";"Colisão lateral no mesmo sentido";0;0;1;0;0;0;0;0;0;0;1;0;0;0;0
"12/11/2024";"21:33:30";"322";"Sem vítima";"206,530";"092/PR";"Crescente";"Saída de pista";0;0;0;0;0;0;0;0;0;1;1;0;0;0;0
"12/11/2024";"23:36:19";"333";"Com vítima";"54,010";"BR-277/PR";"Decrescente";"Choque";1;0;0;0;0;0;0;0;0;0;0;1;0;0;0
"13/11/2024";"07:10:48";"94";"Com vítima";"2,306";"BR-277/PR";"Decrescente";"Colisão lateral no mesmo sentido";1;0;0;1;0;0;0;0;0;0;1;1;0;0;0
"13/11/2024";"07:19:01";"104";"Sem vítima";"288,120";"151/PR";"Crescente";"Colisão traseira";1;0;0;0;0;0;0;0;0;0;1;0;0;0;0
"13/11/2024";"09:28:51";"184";"Sem vítima";"60,112";"BR-277/PR";"Decrescente";"Colisão traseira";0;0;0;2;0;0;0;0;0;0;2;0;0;0;0
"13/11/2024";"10:22:41";"204";"Sem vítima";"271,610";"092/PR";"Crescente";"Colisão traseira";1;0;1;0;0;0;0;0;0;0;2;0;0;0;0
"13/11/2024";"14:03:37";"243";"Sem vítima";"41,400";"BR-277/PR";"Decrescente";"Choque";0;0;1;0;0;0;0;0;0;0;2;0;0;0;0
"13/11/2024";"15:17:39";"253";"Com vítima";"0,001";"855/PR";"Decrescente";"Colisão transversal";1;0;0;0;0;0;0;0;0;1;2;2;0;0;0
"13/11/2024";"19:37:38";"301";"Com vítima";"269,730";"092/PR";"Crescente";"Colisão traseira";1;0;1;0;0;0;0;0;0;0;1;0;1;0;0
"13/11/2024";"20:02:12";"306";"Com vítima";"1,403";"508/PR";"Decrescente";"Colisão transversal";3;0;0;0;0;0;0;0;0;0;5;2;1;0;0
"13/11/2024";"22:37:05";"325";"Com vítima";"255,020";"092/PR";"Decrescente";"Colisão transversal";0;0;0;2;0;0;0;0;0;0;0;2;0;0;0
"14/11/2024";"01:00:52";"16";"Sem vítima";"33,315";"BR-369/PR";"Crescente";"Atropelamento de animal";1;0;0;0;0;0;0;0;0;0;3;0;0;0;0
"14/11/2024";"04:23:38";"27";"Sem vítima";"20,350";"BR-277/PR";"Crescente";"Saída de pista";1;0;0;0;0;0;0;0;0;0;1;0;0;0;0
"14/11/2024";"06:54:47";"46";"Sem vítima";"306,799";"151/PR";"Decrescente";"Colisão lateral no mesmo sentido";1;0;1;0;0;0;0;0;0;0;3;0;0;0;0
"14/11/2024";"09:10:56";"120";"Sem vítima";"296,741";"151/PR";"Decrescente";"Colisão traseira";2;0;0;0;0;0;0;0;0;0;3;0;0;0;0
"14/11/2024";"17:11:12";"260";"Sem vítima";"15,560";"BR-277/PR";"Decrescente";"Saída de pista";1;0;0;0;0;0;0;0;0;0;2;0;0;0;0
"14/11/2024";"18:04:44";"268";"Sem vítima";"312,128";"151/PR";"Crescente";"Saída de pista";0;0;1;0;0;0;0;0;0;0;1;0;0;0;0
"14/11/2024";"21:06:43";"300";"Sem vítima";"5,312";"BR-369/PR";"Decrescente";"Atropelamento de animal";1;0;0;0;0;0;0;0;0;0;3;0;0;0;0
"14/11/2024";"23:53:51";"326";"Sem vítima";"270,220";"151/PR";"Decrescente";"Choque";1;0;0;0;0;0;0;0;0;0;1;0;0;0;0
"15/11/2024";"03:24:48";"36";"Sem vítima";"0,030";"BR-277/PR";"Decrescente";"Choque";0;0;1;0;0;0;0;0;0;0;1;0;0;0;0
"15/11/2024";"04:13:03";"38";"Sem vítima";"19,850";"BR-277/PR";"Crescente";"Saída de pista";1;0;0;0;0;0;0;0;0;0;1;0;0;0;0
"15/11/2024";"04:31:53";"39";"Com vítima";"305,640";"092/PR";"Crescente";"Choque";1;0;0;0;0;0;0;0;0;0;0;2;0;0;0
"15/11/2024";"06:13:50";"45";"Sem vítima";"63,950";"BR-277/PR";"Decrescente";"Colisão traseira";2;0;0;0;0;0;0;0;0;0;2;0;0;0;0
"15/11/2024";"08:42:55";"107";"Sem vítima";"62,489";"BR-369/PR";"Crescente";"Colisão traseira";2;0;0;0;0;0;0;0;0;0;3;0;0;0;0
"15/11/2024";"10:23:51";"143";"Sem vítima";"323,193";"092/PR";"Decrescente";"Colisão traseira";0;0;0;0;0;0;0;0;0;1;2;0;0;0;0
"15/11/2024";"10:47:18";"149";"Com vítima";"72,304";"BR-277/PR";"Decrescente";"Engavetamento";3;0;0;0;0;0;0;0;0;0;3;1;0;0;0
"15/11/2024";"12:35:49";"174";"Com vítima";"43,810";"BR-277/PR";"Decrescente";"Queda de moto";0;0;0;1;0;0;0;0;0;0;0;2;0;0;0
"15/11/2024";"13:55:34";"191";"Com vítima";"3,125";"407/PR";"Crescente";"Colisão lateral no mesmo sentido";1;0;0;1;0;0;0;0;0;0;0;2;0;0;0
"15/11/2024";"14:18:48";"198";"Com vítima";"309,638";"151/PR";"Crescente";"Colisão lateral no mesmo sentido";0;0;0;2;0;0;0;0;0;0;0;4;0;0;0
"16/11/2024";"00:16:07";"4";"Sem vítima";"49,690";"BR-277/PR";"Decrescente";"Saída de pista";0;0;1;0;0;0;0;0;0;0;1;0;0;0;0
"16/11/2024";"03:55:20";"24";"Sem vítima";"257,500";"092/PR";"Crescente";"Saída de pista";1;0;0;0;0;0;0;0;0;0;4;0;0;0;0
"16/11/2024";"06:29:46";"34";"Com vítima";"82,046";"BR-277/PR";"Crescente";"Choque";1;0;0;0;0;0;0;0;0;0;0;2;0;0;0
"16/11/2024";"06:33:29";"36";"Com vítima";"0,219";"804/PR";"Crescente";"Choque";1;0;0;0;0;0;0;0;0;0;0;1;0;0;0
"16/11/2024";"09:07:58";"86";"Com vítima";"2,182";"BR-277/PR";"Decrescente";"Queda de moto";0;0;0;1;0;0;0;0;0;0;0;0;1;0;0
"16/11/2024";"09:10:56";"87";"Com vítima";"10,420";"BR-277/PR";"Decrescente";"Choque";1;0;0;0;0;0;0;0;0;0;0;1;0;0;0
"16/11/2024";"11:12:38";"103";"Com vítima";"38,162";"BR-277/PR";"Crescente";"Choque";1;0;0;0;0;0;0;0;0;0;1;1;0;0;0
"16/11/2024";"12:57:20";"120";"Sem vítima";"33,176";"BR-277/PR";"Crescente";"Saída de pista";0;0;0;0;0;0;0;0;0;1;1;0;0;0;0
"16/11/2024";"13:31:04";"124";"Com vítima";"33,330";"BR-277/PR";"Decrescente";"Choque";1;0;0;0;0;0;0;0;0;0;0;3;0;0;0
"16/11/2024";"15:43:54";"152";"Com vítima";"74,406";"BR-277/PR";"Crescente";"Engavetamento";3;0;0;0;0;0;0;0;0;0;0;10;0;0;0
"16/11/2024";"17:02:45";"165";"Sem vítima";"33,540";"BR-277/PR";"Decrescente";"Choque";1;0;0;0;0;0;0;0;0;0;1;0;0;0;0
"16/11/2024";"20:42:26";"196";"Com vítima";"2,900";"BR-277/PR";"Decrescente";"Colisão transversal";1;0;0;1;0;0;0;0;0;0;1;0;2;0;0
"16/11/2024";"21:02:48";"202";"Sem vítima";"32,500";"BR-277/PR";"Decrescente";"Choque";1;0;0;0;0;0;0;0;0;0;2;0;0;0;0
"16/11/2024";"21:29:44";"207";"Sem vítima";"37,800";"BR-277/PR";"Decrescente";"Saída de pista";1;0;0;0;0;0;0;0;0;0;3;0;0;0;0
"16/11/2024";"23:39:39";"216";"Sem vítima";"75,069";"BR-277/PR";"Crescente";"Capotamento";1;0;0;0;0;0;0;0;0;0;1;0;0;0;0
"17/11/2024";"06:32:33";"38";"Com vítima";"23,458";"BR-277/PR";"Decrescente";"Choque";0;0;0;1;0;0;0;0;0;0;0;0;1;0;0
"17/11/2024";"08:34:24";"62";"Sem vítima";"13,679";"407/PR";"Crescente";"Saída de pista";1;0;0;0;0;0;0;0;0;0;1;0;0;0;0
"17/11/2024";"10:09:16";"82";"Com vítima";"59,218";"BR-277/PR";"Crescente";"Colisão traseira";1;0;0;1;0;0;0;0;0;0;4;1;0;0;0
"17/11/2024";"16:20:19";"163";"Com vítima";"248,911";"092/PR";"Crescente";"Colisão transversal";1;0;1;0;0;0;0;0;0;0;1;1;3;0;0
"17/11/2024";"16:54:08";"175";"Com vítima";"22,095";"BR-277/PR";"Crescente";"Choque";1;0;0;0;0;0;0;0;0;0;4;1;0;0;0
"17/11/2024";"17:08:15";"181";"Sem vítima";"294,410";"151/PR";"Decrescente";"Saída de pista";0;0;0;0;0;0;0;0;0;1;1;0;0;0;0
"17/11/2024";"17:13:34";"183";"Sem vítima";"5,220";"239/PR";"Decrescente";"Tombamento";0;0;1;0;0;0;0;0;0;0;1;0;0;0;0
"17/11/2024";"18:58:28";"214";"Sem vítima";"288,015";"151/PR";"Decrescente";"Choque";1;0;0;0;0;0;0;0;0;0;2;0;0;0;0
"17/11/2024";"19:49:12";"225";"Sem vítima";"304,250";"151/PR";"Decrescente";"Colisão lateral no mesmo sentido";1;0;1;0;0;0;0;0;0;0;3;0;0;0;0
"17/11/2024";"21:05:21";"245";"Com vítima";"241,460";"092/PR";"Decrescente";"Queda de moto";0;0;0;1;0;0;0;0;0;0;1;0;0;1;0
"17/11/2024";"22:44:48";"271";"Com vítima";"293,030";"151/PR";"Decrescente";"Saída de pista";0;0;0;0;0;0;0;0;0;1;0;1;0;0;0
"18/11/2024";"01:44:36";"31";"Sem vítima";"74,959";"BR-277/PR";"Decrescente";"Choque";1;0;0;0;0;0;0;0;0;0;1;0;0;0;0
"18/11/2024";"07:47:32";"164";"Sem vítima";"77,765";"BR-277/PR";"Decrescente";"Engavetamento";2;0;1;0;0;0;0;0;0;0;4;0;0;0;0
"18/11/2024";"08:41:03";"190";"Sem vítima";"75,209";"BR-277/PR";"Crescente";"Colisão traseira";2;0;0;0;0;0;0;0;0;0;4;0;0;0;0
"18/11/2024";"10:38:30";"227";"Sem vítima";"39,194";"BR-277/PR";"Decrescente";"Saída de pista";1;0;0;0;0;0;0;0;0;0;1;0;0;0;0
"18/11/2024";"11:37:37";"241";"Com vítima";"226,060";"151/PR";"Crescente";"Choque";1;0;0;0;0;0;0;0;0;0;0;1;0;0;0
"18/11/2024";"20:22:24";"345";"Sem vítima";"51,800";"BR-369/PR";"Decrescente";"Saída de pista";1;0;0;0;0;0;0;0;0;0;2;0;0;0;0
"19/11/2024";"01:25:26";"20";"Sem vítima";"17,125";"408/PR";"Crescente";"Queda de moto";0;0;0;1;0;0;0;0;0;0;2;0;0;0;0
"19/11/2024";"07:33:30";"142";"Com vítima";"80,650";"BR-277/PR";"Crescente";"Colisão traseira";1;0;0;1;0;0;0;0;0;0;1;0;2;0;0
"19/11/2024";"16:23:12";"276";"Com vítima";"5,486";"855/PR";"Decrescente";"Choque";1;0;0;0;0;0;0;0;0;0;0;1;0;0;0
"19/11/2024";"17:43:21";"292";"Com vítima";"308,300";"092/PR";"Decrescente";"Colisão transversal";2;0;0;0;0;0;0;0;0;0;0;2;0;0;0
"19/11/2024";"18:53:00";"306";"Sem vítima";"0,010";"BR-277/PR";"Crescente";"Choque";0;0;1;0;0;0;0;0;0;0;1;0;0;0;0
"20/11/2024";"01:57:08";"32";"Sem vítima";"188,100";"151/PR";"Crescente";"Capotamento";1;0;0;0;0;0;0;0;0;0;1;0;0;0;0
"20/11/2024";"03:51:09";"40";"Com vítima";"10,310";"411/PR";"Decrescente";"Choque";0;0;1;0;0;0;0;0;0;0;0;1;0;0;0
"20/11/2024";"10:18:11";"212";"Com vítima";"26,150";"BR-153/PR";"Decrescente";"Tombamento";0;0;1;0;0;0;0;0;0;0;0;1;0;0;0
"20/11/2024";"16:07:29";"293";"Sem vítima";"38,470";"BR-277/PR";"Crescente";"Colisão traseira";1;0;1;0;0;0;0;0;0;0;6;0;0;0;0
"20/11/2024";"20:37:56";"326";"Com vítima";"0,500";"BR-277/PR";"Decrescente";"Atropelamento de pedestre";1;0;0;0;0;0;0;0;0;0;1;1;0;0;0
"20/11/2024";"22:36:20";"337";"Com vítima";"60,300";"BR-277/PR";"Decrescente";"Queda de moto";0;0;0;1;0;0;0;0;0;0;0;1;0;0;0
"20/11/2024";"23:42:04";"341";"Com vítima";"33,500";"BR-277/PR";"Decrescente";"Choque";1;0;0;0;0;0;0;0;0;0;1;1;0;0;0
"21/11/2024";"00:20:11";"7";"Sem vítima";"308,010";"151/PR";"Decrescente";"Capotamento";1;0;0;0;0;0;0;0;0;0;4;0;0;0;0
"21/11/2024";"00:23:04";"8";"Com vítima";"75,010";"BR-277/PR";"Decrescente";"Atropelamento de pedestre";0;0;0;0;0;0;0;0;0;0;0;0;0;0;1
"21/11/2024";"08:03:48";"119";"Sem vítima";"43,500";"BR-277/PR";"Crescente";"Colisão traseira";1;0;0;0;0;0;0;0;0;1;3;0;0;0;0
"21/11/2024";"09:48:54";"180";"Sem vítima";"40,500";"BR-277/PR";"Decrescente";"Choque";0;0;0;0;0;0;0;0;0;1;1;0;0;0;0
"21/11/2024";"10:28:30";"189";"Com vítima";"1,911";"BR-277/PR";"Crescente";"Colisão transversal";0;1;1;0;0;0;0;0;0;0;1;0;0;0;0
"21/11/2024";"12:34:38";"214";"Sem vítima";"78,780";"BR-277/PR";"Decrescente";"Choque";1;0;0;0;0;0;0;0;0;0;1;0;0;0;0
"21/11/2024";"15:16:21";"236";"Com vítima";"254,876";"092/PR";"Crescente";"Tombamento";0;0;1;0;0;0;0;0;0;0;0;1;0;0;0
"21/11/2024";"17:38:17";"263";"Sem vítima";"40,500";"BR-277/PR";"Crescente";"Saída de pista";1;0;0;0;0;0;0;0;0;0;2;0;0;0;0
"21/11/2024";"19:04:03";"274";"Sem vítima";"300,470";"092/PR";"Crescente";"Colisão lateral no mesmo sentido";1;0;0;1;0;0;0;0;0;0;2;0;0;0;0
"21/11/2024";"20:58:44";"281";"Sem vítima";"68,100";"BR-277/PR";"Crescente";"Saída de pista";1;0;0;0;0;0;0;0;0;0;1;0;0;0;0
"21/11/2024";"21:01:44";"283";"Sem vítima";"0,500";"BR-277/PR";"Crescente";"Saída de pista";1;0;0;0;0;0;0;0;0;0;1;0;0;0;0
"21/11/2024";"21:32:06";"285";"Sem vítima";"69,100";"BR-277/PR";"Crescente";"Queda de moto";0;0;0;1;0;0;0;0;0;0;1;0;0;0;0