data;horario;n_da_ocorrencia;tipo_de_ocorrencia;km;trecho;sentido;tipo_de_acidente;automovel;bicicleta;caminhao;moto;onibus;outros;tracao_animal;transporte_de_cargas_especiais;trator_maquinas;utilitarios;ilesos;levemente_feridos;moderadamente_feridos;gravemente_feridos;mortos
"22/11/2024";"05:39:07";"27";"Sem vítima";"12,500";"239/PR";"Crescente";"Colisão traseira";0;0;2;0;0;0;0;0;0;0;2;0;0;0;0
"22/11/2024";"07:48:56";"120";"Com vítima";"32,286";"BR-277/PR";"Crescente";"Choque";0;0;0;0;0;0;0;0;0;1;0;1;0;0;0
"22/11/2024";"07:51:28";"124";"Com vítima";"0,050";"804/PR";"Crescente";"Engavetamento";2;0;1;0;0;0;0;0;0;0;0;8;1;0;0
"22/11/2024";"13:45:18";"229";"Sem vítima";"37,989";"BR-277/PR";"Crescente";"Choque";1;0;0;0;0;0;0;0;0;0;1;0;0;0;0
"22/11/2024";"20:46:18";"313";"Sem vítima";"33,109";"BR-277/PR";"Crescente";"Choque";1;0;0;0;0;0;0;0;0;0;2;0;0;0;0
"22/11/2024";"21:03:59";"318";"Sem vítima";"31,780";"BR-277/PR";"Decrescente";"Choque";1;0;0;0;0;0;0;0;0;0;1;0;0;0;0
"22/11/2024";"21:16:12";"321";"Com vítima";"283,090";"151/PR";"Decrescente";"Choque";0;0;0;0;0;0;0;0;0;1;0;1;0;0;0
"22/11/2024";"21:17:48";"322";"Sem vítima";"36,800";"BR-277/PR";"Decrescente";"Saída de pista";1;0;0;0;0;0;0;0;0;0;2;0;0;0;0
"22/11/2024";"21:51:10";"329";"Com vítima";"276,016";"092/PR";"Crescente";"Tombamento";0;0;1;0;0;0;0;0;0;0;0;0;1;0;0
"22/11/2024";"21:52:52";"330";"Sem vítima";"36,800";"BR-277/PR";"Decrescente";"Saída de pista";1;0;0;0;0;0;0;0;0;0;1;0;0;0;0
"22/11/2024";"21:58:59";"332";"Com vítima";"33,180";"BR-277/PR";"Crescente";"Choque";1;0;0;0;0;0;0;0;0;0;1;1;0;0;0
"22/11/2024";"22:42:26";"335";"Sem vítima";"35,080";"BR-277/PR";"Decrescente";"Tombamento";0;0;1;0;0;0;0;0;0;0;1;0;0;0;0
"23/11/2024";"04:05:27";"26";"Com vítima";"8,680";"BR-277/PR";"Decrescente";"Capotamento";1;0;0;0;0;0;0;0;0;0;0;0;1;0;0
"23/11/2024";"04:10:53";"27";"Sem vítima";"6,720";"BR-277/PR";"Crescente";"Saída de pista";1;0;0;0;0;0;0;0;0;0;1;0;0;0;0
"23/11/2024";"07:53:14";"79";"Com vítima";"33,923";"BR-277/PR";"Crescente";"Choque";0;0;0;0;0;0;0;0;0;1;0;3;2;0;0
"23/11/2024";"08:40:14";"93";"Sem vítima";"36,300";"BR-277/PR";"Crescente";"Choque";1;0;0;0;0;0;0;0;0;0;1;0;0;0;0
"23/11/2024";"08:55:36";"101";"Com vítima";"32,497";"BR-277/PR";"Crescente";"Choque";0;0;0;0;0;0;0;0;0;1;0;1;0;0;0
"23/11/2024";"09:34:56";"112";"Com vítima";"35,120";"BR-153/PR";"Decrescente";"Colisão transversal";1;0;0;1;0;0;0;0;0;0;1;1;0;0;0
"23/11/2024";"09:37:25";"114";"Sem vítima";"32,230";"BR-277/PR";"Decrescente";"Saída de pista";1;0;0;0;0;0;0;0;0;0;5;0;0;0;0
"23/11/2024";"09:42:17";"115";"Com vítima";"12,322";"BR-277/PR";"Decrescente";"Queda de moto";0;0;0;1;0;0;0;0;0;0;0;0;1;0;0
"23/11/2024";"12:07:44";"137";"Com vítima";"244,010";"151/PR";"Crescente";"Engavetamento";1;0;1;0;0;0;0;0;0;1;2;1;0;0;0
"23/11/2024";"12:59:46";"143";"Sem vítima";"18,750";"408/PR";"Decrescente";"Choque";1;0;0;0;0;0;0;0;0;0;1;0;0;0;0
"23/11/2024";"13:46:35";"151";"Com vítima";"36,829";"BR-277/PR";"Decrescente";"Queda de moto";0;0;0;1;0;0;0;0;0;0;0;1;1;0;0
"23/11/2024";"17:27:05";"187";"Sem vítima";"37,846";"BR-277/PR";"Crescente";"Choque";1;0;0;0;0;0;0;0;0;0;2;0;0;0;0
"23/11/2024";"22:22:22";"237";"Sem vítima";"31,720";"BR-277/PR";"Crescente";"Choque";1;0;0;0;0;0;0;0;0;0;1;0;0;0;0
"23/11/2024";"23:56:01";"255";"Sem vítima";"3,483";"BR-277/PR";"Decrescente";"Choque";0;0;0;0;0;0;0;0;0;1;0;0;0;0;0
"24/11/2024";"02:14:14";"22";"Sem vítima";"18,720";"BR-369/PR";"Crescente";"Choque";1;0;0;0;0;0;0;0;0;0;1;0;0;0;0
"24/11/2024";"03:13:56";"24";"Com vítima";"261,610";"151/PR";"Decrescente";"Saída de pista";0;0;0;0;0;0;0;0;0;1;0;1;0;0;0
"24/11/2024";"09:39:56";"102";"Com vítima";"25,401";"508/PR";"Crescente";"Colisão lateral no mesmo sentido";0;0;0;0;0;0;0;0;0;0;0;0;0;0;0
"24/11/2024";"10:58:12";"121";"Sem vítima";"17,521";"BR-153/PR";"Decrescente";"Colisão lateral no mesmo sentido";0;0;2;0;0;0;0;0;0;0;2;0;0;0;0
"24/11/2024";"15:57:58";"190";"Com vítima";"44,929";"BR-153/PR";"Decrescente";"Colisão traseira";1;0;0;1;0;0;0;0;0;0;0;2;1;0;0
"24/11/2024";"18:44:24";"228";"Com vítima";"2,980";"BR-153/PR";"Crescente";"Tombamento";0;0;1;0;0;0;0;0;0;0;0;1;0;0;0
"25/11/2024";"06:27:26";"33";"Sem vítima";"42,230";"BR-277/PR";"Crescente";"Choque";0;0;1;0;0;0;0;0;0;0;1;0;0;0;0
"25/11/2024";"18:16:14";"282";"Com vítima";"1,010";"BR-369/PR";"Decrescente";"Colisão lateral no mesmo sentido";1;0;0;1;0;0;0;0;0;0;1;1;0;0;0
"25/11/2024";"19:05:08";"285";"Sem vítima";"36,400";"BR-277/PR";"Crescente";"Colisão traseira";2;0;0;0;0;0;0;0;0;0;2;0;0;0;0
"25/11/2024";"19:48:17";"290";"Com vítima";"20,500";"BR-153/PR";"Crescente";"Colisão traseira";1;0;0;1;0;0;0;0;0;0;1;1;0;0;0
"26/11/2024";"03:43:20";"27";"Com vítima";"34,340";"BR-153/PR";"Decrescente";"Tombamento";0;0;1;0;0;0;0;0;0;0;0;1;0;0;0
"26/11/2024";"06:55:20";"65";"Sem vítima";"45,015";"BR-277/PR";"Decrescente";"Engavetamento";0;0;3;0;0;0;0;0;0;0;3;0;0;0;0
"26/11/2024";"08:52:48";"135";"Sem vítima";"45,002";"BR-277/PR";"Decrescente";"Colisão lateral no mesmo sentido";1;0;1;0;0;0;0;0;0;0;3;0;0;0;0
"26/11/2024";"17:08:52";"289";"Sem vítima";"37,341";"BR-277/PR";"Decrescente";"Choque";0;0;0;0;0;0;0;0;0;1;1;0;0;0;0
"26/11/2024";"18:37:12";"302";"Sem vítima";"211,010";"092/PR";"Crescente";"Colisão lateral no mesmo sentido";0;0;2;0;0;0;0;0;0;0;1;0;0;0;0
"27/11/2024";"07:58:24";"161";"Sem vítima";"70,370";"BR-277/PR";"Crescente";"Colisão lateral no mesmo sentido";1;0;1;0;0;0;0;0;0;0;2;0;0;0;0
"27/11/2024";"08:04:10";"168";"Sem vítima";"70,230";"BR-277/PR";"Crescente";"Engavetamento";1;0;2;0;0;0;0;0;0;0;3;0;0;0;0
"27/11/2024";"09:32:18";"213";"Com vítima";"78,159";"BR-277/PR";"Decrescente";"Colisão traseira";0;0;0;1;0;0;0;0;0;0;0;1;0;0;0
"27/11/2024";"14:42:34";"290";"Sem vítima";"273,740";"151/PR";"Decrescente";"Colisão lateral no mesmo sentido";0;0;1;0;0;0;0;0;0;1;2;0;0;0;0
"27/11/2024";"16:01:09";"308";"Sem vítima";"67,459";"BR-277/PR";"Decrescente";"Colisão lateral no mesmo sentido";1;0;0;0;0;0;0;0;0;1;4;0;0;0;0
"27/11/2024";"20:39:44";"357";"Sem vítima";"251,510";"151/PR";"Crescente";"Saída de pista";1;0;0;0;0;0;0;0;0;0;2;0;0;0;0
"27/11/2024";"22:52:43";"382";"Com vítima";"26,382";"BR-277/PR";"Decrescente";"Tombamento";0;0;1;0;0;0;0;0;0;0;0;0;1;0;0
"28/11/2024";"07:50:55";"126";"Com vítima";"80,211";"BR-277/PR";"Crescente";"Colisão lateral no mesmo sentido";1;0;0;1;0;0;0;0;0;0;0;2;0;0;0
"28/11/2024";"09:05:55";"178";"Com vítima";"79,540";"BR-277/PR";"Crescente";"Choque";1;0;0;0;0;0;0;0;0;0;0;1;0;1;0
"28/11/2024";"09:57:45";"203";"Com vítima";"300,089";"092/PR";"Decrescente";"Queda de moto";0;0;0;1;0;0;0;0;0;0;0;1;0;0;0
"28/11/2024";"12:12:42";"236";"Sem vítima";"54,264";"BR-277/PR";"Decrescente";"Choque";1;0;0;0;0;0;0;0;0;0;5;0;0;0;0
"28/11/2024";"13:04:05";"246";"Com vítima";"296,100";"092/PR";"Decrescente";"Colisão traseira";0;0;0;1;0;0;0;0;0;1;0;2;0;0;0
"28/11/2024";"13:31:33";"251";"Sem vítima";"60,250";"BR-277/PR";"Crescente";"Colisão traseira";0;0;2;0;0;0;0;0;0;0;2;0;0;0;0
"28/11/2024";"16:36:23";"280";"Com vítima";"307,010";"151/PR";"Crescente";"Saída de pista";0;0;0;0;0;0;0;0;0;1;0;1;0;0;0
"28/11/2024";"18:51:46";"306";"Sem vítima";"31,215";"BR-277/PR";"Decrescente";"Choque";1;0;0;0;0;0;0;0;0;0;1;0;0;0;0
"28/11/2024";"20:01:22";"318";"Com vítima";"313,795";"151/PR";"Crescente";"Capotamento";1;0;0;0;0;0;0;0;0;0;0;1;0;0;0
"28/11/2024";"22:09:46";"336";"Com vítima";"311,055";"151/PR";"Decrescente";"Atropelamento de pedestre";1;0;0;0;0;0;0;0;0;0;1;0;0;1;0
"28/11/2024";"22:30:21";"338";"Sem vítima";"311,678";"151/PR";"Decrescente";"Colisão traseira";2;0;0;0;0;0;0;0;0;0;2;0;0;0;0
"29/11/2024";"01:42:17";"34";"Sem vítima";"71,315";"BR-277/PR";"Crescente";"Saída de pista";1;0;0;0;0;0;0;0;0;0;1;0;0;0;0
"29/11/2024";"07:19:52";"87";"Sem vítima";"0,532";"804/PR";"Crescente";"Choque";1;0;0;0;0;0;0;0;0;0;1;0;0;0;0
"29/11/2024";"12:22:32";"251";"Sem vítima";"10,420";"BR-277/PR";"Decrescente";"Saída de pista";1;0;0;0;0;0;0;0;0;0;3;0;0;0;0
"29/11/2024";"12:58:13";"258";"Sem vítima";"217,498";"151/PR";"Decrescente";"Choque";0;0;1;0;0;0;0;0;0;0;1;0;0;0;0
"29/11/2024";"14:39:19";"282";"Com vítima";"67,912";"BR-277/PR";"Crescente";"Colisão lateral no mesmo sentido";0;0;0;1;0;0;0;0;0;1;1;1;0;0;0
"29/11/2024";"17:38:41";"321";"Sem vítima";"317,700";"151/PR";"Decrescente";"Colisão traseira";2;0;0;0;0;0;0;0;0;0;1;0;0;0;0
"30/11/2024";"00:30:09";"9";"Sem vítima";"32,100";"BR-277/PR";"Crescente";"Saída de pista";1;0;0;0;0;0;0;0;0;0;1;0;0;0;0
"30/11/2024";"00:41:09";"11";"Sem vítima";"32,300";"BR-277/PR";"Crescente";"Capotamento";1;0;0;0;0;0;0;0;0;0;1;0;0;0;0
"30/11/2024";"00:54:05";"15";"Sem vítima";"68,800";"BR-277/PR";"Decrescente";"Choque";1;0;0;0;0;0;0;0;0;0;1;0;0;0;0
"30/11/2024";"01:25:44";"19";"Com vítima";"220,240";"092/PR";"Crescente";"Atropelamento de pedestre";0;0;0;0;1;0;0;0;0;0;8;0;0;0;1
"30/11/2024";"01:31:13";"20";"Sem vítima";"14,370";"BR-277/PR";"Decrescente";"Tombamento";0;0;1;0;0;0;0;0;0;0;1;0;0;0;0
"30/11/2024";"02:08:29";"22";"Sem vítima";"10,100";"407/PR";"Crescente";"Colisão traseira";2;0;0;0;0;0;0;0;0;0;2;0;0;0;0
"30/11/2024";"02:47:21";"25";"Com vítima";"64,010";"BR-277/PR";"Crescente";"Choque";1;0;0;0;0;0;0;0;0;0;0;0;1;0;0
"30/11/2024";"05:37:44";"32";"Com vítima";"286,715";"151/PR";"Crescente";"Choque";1;0;0;0;0;0;0;0;0;0;0;2;2;0;0
"30/11/2024";"05:50:28";"33";"Sem vítima";"0,850";"407/PR";"Decrescente";"Choque";0;0;0;0;0;0;0;0;0;1;1;0;0;0;0
"30/11/2024";"05:51:33";"34";"Sem vítima";"306,059";"151/PR";"Crescente";"Colisão traseira";1;0;1;0;0;0;0;0;0;0;3;0;0;0;0
"30/11/2024";"07:45:54";"73";"Com vítima";"38,264";"BR-369/PR";"Crescente";"Queda de moto";0;0;0;1;0;0;0;0;0;1;1;1;0;0;0
"30/11/2024";"08:34:08";"90";"Sem vítima";"22,859";"508/PR";"Crescente";"Saída de pista";1;0;0;0;0;0;0;0;0;0;1;0;0;0;0
"30/11/2024";"15:01:20";"168";"Com vítima";"21,250";"BR-277/PR";"Crescente";"Queda de moto";0;0;0;1;0;0;0;0;0;0;0;1;0;0;0
"30/11/2024";"19:55:31";"220";"Sem vítima";"60,250";"BR-277/PR";"Decrescente";"Colisão traseira";1;0;1;0;0;0;0;0;0;0;0;0;0;0;0
"01/12/2024";"00:43:15";"11";"Sem vítima";"302,265";"151/PR";"Crescente";"Saída de pista";1;0;0;0;0;0;0;0;0;0;1;0;0;0;0
"01/12/2024";"04:29:04";"26";"Sem vítima";"10,239";"BR-277/PR";"Crescente";"Choque";1;0;0;0;0;0;0;0;0;0;3;0;0;0;0
"01/12/2024";"08:05:43";"60";"Com vítima";"259,950";"151/PR";"Crescente";"Tombamento";0;0;1;0;0;0;0;0;0;0;0;1;0;0;0
"01/12/2024";"08:08:50";"61";"Sem vítima";"1,099";"508/PR";"Crescente";"Choque";1;0;0;0;0;0;0;0;0;0;1;0;0;0;0
"01/12/2024";"08:35:56";"65";"Sem vítima";"31,072";"BR-277/PR";"Decrescente";"Choque";1;0;0;0;0;0;0;0;0;0;1;0;0;0;0
"01/12/2024";"13:26:02";"101";"Sem vítima";"306,230";"151/PR";"Crescente";"Colisão lateral no mesmo sentido";0;0;2;0;0;0;0;0;0;0;2;0;0;0;0
"01/12/2024";"13:59:19";"106";"Com vítima";"240,120";"151/PR";"Crescente";"Capotamento";1;0;0;0;0;0;0;0;0;0;0;1;0;0;0
"01/12/2024";"14:17:56";"113";"Com vítima";"36,039";"BR-277/PR";"Decrescente";"Queda de moto";0;0;0;1;0;0;0;0;0;0;0;1;0;0;0
"01/12/2024";"17:09:41";"146";"Sem vítima";"24,001";"BR-369/PR";"Decrescente";"Colisão traseira";1;0;0;0;0;0;0;0;0;0;1;0;0;0;0
"01/12/2024";"20:52:26";"198";"Sem vítima";"38,009";"BR-277/PR";"Crescente";"Choque";1;0;0;0;0;0;0;0;0;0;2;0;0;0;0
"01/12/2024";"21:05:47";"201";"Sem vítima";"12,500";"407/PR";"Decrescente";"Saída de pista";1;0;0;0;0;0;0;0;0;0;1;0;0;0;0
"01/12/2024";"22:18:09";"206";"Com vítima";"14,804";"408/PR";"Decrescente";"Colisão traseira";1;0;0;1;0;0;0;0;0;0;1;1;0;0;0
"02/12/2024";"07:42:03";"118";"Com vítima";"78,550";"BR-277/PR";"Decrescente";"Engavetamento";1;0;0;2;0;0;0;0;0;0;1;2;0;0;0
"02/12/2024";"07:46:42";"124";"Sem vítima";"7,709";"855/PR";"Decrescente";"Saída de pista";1;0;0;0;0;0;0;0;0;0;1;0;0;0;0
"02/12/2024";"11:07:14";"238";"Com vítima";"309,125";"151/PR";"Crescente";"Choque";1;0;0;0;0;0;0;0;0;0;0;1;0;0;0
"02/12/2024";"12:52:33";"257";"Com vítima";"83,186";"BR-277/PR";"Crescente";"Colisão traseira";1;0;0;1;0;0;0;0;0;0;1;1;0;0;0
"02/12/2024";"13:17:40";"265";"Com vítima";"303,200";"151/PR";"Crescente";"Capotamento";1;0;0;0;0;0;0;0;0;0;0;2;0;0;0
"02/12/2024";"13:26:04";"267";"Sem vítima";"303,120";"151/PR";"Decrescente";"Colisão lateral no mesmo sentido";1;0;1;0;0;0;0;0;0;0;2;0;0;0;0
"02/12/2024";"13:37:12";"268";"Sem vítima";"82,759";"BR-277/PR";"Crescente";"Engavetamento";5;0;0;0;0;0;0;0;0;1;16;0;0;0;0
"02/12/2024";"15:03:06";"287";"Sem vítima";"66,500";"BR-277/PR";"Decrescente";"Colisão lateral no mesmo sentido";2;0;0;0;0;0;0;0;0;0;2;0;0;0;0
"02/12/2024";"16:41:08";"308";"Com vítima";"24,080";"BR-277/PR";"Crescente";"Tombamento";0;0;1;1;0;0;0;0;0;0;1;0;1;0;0
"02/12/2024";"16:50:27";"309";"Com vítima";"307,814";"151/PR";"Decrescente";"Colisão lateral no mesmo sentido";1;0;0;1;0;0;0;0;0;0;1;1;0;0;0
"02/12/2024";"18:48:25";"327";"Sem vítima";"39,518";"BR-277/PR";"Decrescente";"Choque";1;0;0;0;0;0;0;0;0;0;2;0;0;0;0
"02/12/2024";"20:07:01";"341";"Sem vítima";"206,215";"092/PR";"Crescente";"Choque";1;0;0;0;0;0;0;0;0;0;2;0;0;0;0
"02/12/2024";"20:47:14";"349";"Com vítima";"74,980";"BR-277/PR";"Crescente";"Queda de moto";0;0;0;1;0;0;0;0;0;0;0;0;1;0;0
"02/12/2024";"23:42:48";"368";"Sem vítima";"1,522";"407/PR";"Crescente";"Saída de pista";1;0;0;0;0;0;0;0;0;0;2;0;0;0;0
"03/12/2024";"05:55:26";"35";"Sem vítima";"31,538";"BR-277/PR";"Crescente";"Choque";0;0;0;0;0;0;0;0;0;1;2;0;0;0;0
"03/12/2024";"06:41:59";"48";"Com vítima";"79,992";"BR-277/PR";"Crescente";"Colisão lateral no mesmo sentido";1;0;0;1;0;0;0;0;0;0;1;1;0;0;0
"03/12/2024";"06:55:54";"63";"Com vítima";"31,199";"BR-153/PR";"Decrescente";"Saída de pista";1;0;0;0;0;0;0;0;0;0;0;1;0;0;0
"03/12/2024";"13:52:31";"240";"Com vítima";"17,100";"407/PR";"Crescente";"Atropelamento de pedestre";1;1;0;0;0;0;0;0;0;0;1;0;0;0;0
"03/12/2024";"14:40:17";"248";"Sem vítima";"37,778";"BR-277/PR";"Crescente";"Saída de pista";0;0;0;0;0;0;0;0;0;1;2;0;0;0;0
"03/12/2024";"17:24:36";"281";"Com vítima";"11,700";"408/PR";"Crescente";"Colisão lateral no mesmo sentido";1;0;0;1;0;0;0;0;0;0;0;2;1;0;0
"03/12/2024";"18:15:25";"292";"Sem vítima";"304,500";"151/PR";"Crescente";"Colisão traseira";1;0;1;0;0;0;0;0;0;0;2;0;0;0;0
"04/12/2024";"00:34:28";"15";"Sem vítima";"297,020";"151/PR";"Crescente";"Choque";1;0;0;0;0;0;0;0;0;0;1;0;0;0;0
"04/12/2024";"07:20:14";"81";"Com vítima";"29,700";"508/PR";"Decrescente";"Colisão transversal";1;0;0;1;0;0;0;0;0;0;1;1;0;0;0
"04/12/2024";"07:23:45";"82";"Com vítima";"256,815";"092/PR";"Crescente";"Colisão traseira";1;0;0;1;0;0;0;0;0;0;1;0;1;0;0
"04/12/2024";"07:28:13";"88";"Com vítima";"213,529";"151/PR";"Decrescente";"Colisão transversal";1;0;1;0;0;0;0;0;0;0;1;1;0;0;0
"04/12/2024";"13:36:29";"246";"Com vítima";"53,710";"BR-277/PR";"Decrescente";"Capotamento";1;0;0;0;0;0;0;0;0;0;0;0;3;0;0
"04/12/2024";"20:45:46";"317";"Sem vítima";"77,700";"BR-277/PR";"Decrescente";"Colisão traseira";2;0;0;0;0;0;0;0;0;0;2;0;0;0;0
"04/12/2024";"21:15:51";"319";"Sem vítima";"32,100";"BR-277/PR";"Crescente";"Saída de pista";1;0;0;0;0;0;0;0;0;0;1;0;0;0;0
"04/12/2024";"22:51:43";"324";"Sem vítima";"252,010";"151/PR";"Crescente";"Capotamento";0;0;0;0;0;0;0;0;0;1;1;0;0;0;0
"05/12/2024";"08:24:09";"118";"Com vítima";"81,751";"BR-277/PR";"Crescente";"Colisão traseira";1;0;0;1;0;0;0;0;0;0;0;1;0;0;0
"05/12/2024";"08:43:09";"129";"Sem vítima";"1,439";"BR-277/PR";"Decrescente";"Colisão traseira";1;0;1;0;0;0;0;0;0;0;2;0;0;0;0
"05/12/2024";"12:09:30";"213";"Sem vítima";"210,659";"092/PR";"Decrescente";"Colisão traseira";2;0;0;0;0;0;0;0;0;0;2;0;0;0;0
"05/12/2024";"16:14:52";"251";"Sem vítima";"262,500";"092/PR";"Crescente";"Colisão traseira";1;0;1;0;0;0;0;0;0;0;3;0;0;0;0
"05/12/2024";"16:33:40";"256";"Com vítima";"66,809";"BR-277/PR";"Crescente";"Colisão frontal";1;0;0;1;0;0;0;0;0;0;1;0;1;0;0
"06/12/2024";"07:58:38";"121";"Com vítima";"83,170";"BR-277/PR";"Crescente";"Engavetamento";1;0;0;1;0;0;0;0;0;1;2;1;0;0;0
"06/12/2024";"11:57:21";"215";"Sem vítima";"40,900";"BR-277/PR";"Decrescente";"Colisão lateral no mesmo sentido";1;0;1;0;0;0;0;0;0;0;5;0;0;0;0
"06/12/2024";"14:43:31";"255";"Com vítima";"296,120";"151/PR";"Crescente";"Engavetamento";1;0;0;1;0;0;0;0;0;1;1;0;1;0;0
"06/12/2024";"19:13:16";"322";"Com vítima";"79,560";"BR-277/PR";"Decrescente";"Colisão lateral no mesmo sentido";2;0;0;1;0;0;0;0;0;0;2;0;1;0;0
"06/12/2024";"19:55:30";"331";"Sem vítima";"290,400";"151/PR";"Decrescente";"Atropelamento de animal";1;0;0;0;0;0;0;0;0;0;2;0;0;0;0
"06/12/2024";"21:01:19";"348";"Com vítima";"5,985";"BR-277/PR";"Crescente";"Atropelamento de animal";0;0;0;1;0;0;0;0;0;0;0;0;2;0;0
"06/12/2024";"21:10:49";"351";"Sem vítima";"40,129";"BR-277/PR";"Decrescente";"Choque";1;0;0;0;0;0;0;0;0;0;3;0;0;0;0
"06/12/2024";"22:45:47";"361";"Com vítima";"3,324";"407/PR";"Decrescente";"Colisão lateral no mesmo sentido";2;0;0;0;0;0;0;0;0;0;1;5;0;0;0
"07/12/2024";"00:43:34";"12";"Com vítima";"86,795";"BR-369/PR";"Crescente";"Capotamento";1;0;0;0;0;0;0;0;0;0;0;1;0;0;1
"07/12/2024";"02:25:53";"29";"Sem vítima";"303,100";"151/PR";"Decrescente";"Saída de pista";1;0;0;0;0;0;0;0;0;0;1;0;0;0;0
"07/12/2024";"05:12:45";"43";"Sem vítima";"73,010";"BR-277/PR";"Crescente";"Choque";1;0;0;0;0;0;0;0;0;0;0;0;0;0;0
"07/12/2024";"07:09:25";"73";"Com vítima";"40,104";"BR-277/PR";"Crescente";"Choque";1;0;0;0;0;0;0;0;0;0;0;2;0;0;0
"07/12/2024";"07:21:42";"81";"Sem vítima";"83,910";"BR-277/PR";"Crescente";"Choque";1;0;0;0;0;0;0;0;0;0;2;0;0;0;0
"07/12/2024";"07:40:25";"88";"Sem vítima";"307,700";"151/PR";"Crescente";"Queda de moto";0;0;0;1;0;0;0;0;0;0;1;0;0;0;0
"07/12/2024";"08:52:50";"111";"Sem vítima";"308,900";"151/PR";"Crescente";"Saída de pista";1;0;0;0;0;0;0;0;0;0;1;0;0;0;0
"07/12/2024";"09:18:26";"119";"Sem vítima";"16,999";"408/PR";"Crescente";"Capotamento";1;0;0;0;0;0;0;0;0;0;1;0;0;0;0
"07/12/2024";"09:56:32";"126";"Sem vítima";"29,050";"BR-277/PR";"Crescente";"Choque";1;0;0;0;0;0;0;0;0;0;1;0;0;0;0
"07/12/2024";"09:59:45";"128";"Com vítima";"61,652";"BR-277/PR";"Decrescente";"Tombamento";1;0;1;0;0;0;0;0;0;0;1;1;0;0;0
"07/12/2024";"10:26:07";"132";"Sem vítima";"308,830";"151/PR";"Crescente";"Colisão traseira";1;0;1;0;0;0;0;0;0;0;2;0;0;0;0
"07/12/2024";"10:26:07";"136";"Com vítima";"307,120";"151/PR";"Crescente";"Capotamento";0;0;0;0;0;0;0;0;0;1;0;1;2;2;0
"07/12/2024";"16:09:22";"179";"Sem vítima";"33,700";"BR-277/PR";"Crescente";"Choque";1;0;0;0;0;0;0;0;0;0;1;0;0;0;0
"07/12/2024";"20:44:21";"148";"Com vítima";"229,150";"092/PR";"Decrescente";"Saída de pista";1;0;0;0;0;0;0;0;0;0;0;1;0;0;0
"07/12/2024";"21:39:26";"165";"Sem vítima";"214,020";"151/PR";"Decrescente";"Colisão transversal";2;0;0;0;0;0;0;0;0;0;1;0;0;0;0
"07/12/2024";"21:42:23";"166";"Sem vítima";"229,980";"092/PR";"Decrescente";"Saída de pista";1;0;0;0;0;0;0;0;0;0;0;0;0;0;0
"07/12/2024";"23:53:23";"186";"Sem vítima";"258,513";"151/PR";"Crescente";"Saída de pista";1;0;0;0;0;0;0;0;0;0;1;0;0;0;0
"08/12/2024";"00:47:56";"13";"Sem vítima";"258,420";"151/PR";"Crescente";"Choque";1;0;0;0;0;0;0;0;0;0;2;0;0;0;0
"08/12/2024";"01:18:40";"18";"Com vítima";"50,300";"BR-369/PR";"Crescente";"Choque";1;0;0;0;0;0;0;0;0;0;0;0;0;1;0
"08/12/2024";"04:05:02";"35";"Sem vítima";"308,650";"151/PR";"Decrescente";"Capotamento";1;0;0;0;0;0;0;0;0;0;2;0;0;0;0
"08/12/2024";"04:27:25";"39";"Sem vítima";"14,102";"508/PR";"Decrescente";"Capotamento";1;0;0;0;0;0;0;0;0;0;1;0;0;0;0
"08/12/2024";"07:03:30";"52";"Sem vítima";"83,910";"BR-277/PR";"Decrescente";"Choque";1;0;0;0;0;0;0;0;0;0;3;0;0;0;0
"08/12/2024";"09:49:51";"91";"Sem vítima";"31,500";"BR-277/PR";"Crescente";"Choque";1;0;0;0;0;0;0;0;0;0;2;0;0;0;0
"08/12/2024";"11:05:03";"113";"Sem vítima";"56,500";"BR-277/PR";"Crescente";"Queda de moto";0;0;0;1;0;0;0;0;0;0;1;0;0;0;0
"08/12/2024";"13:35:26";"142";"Sem vítima";"33,500";"BR-277/PR";"Crescente";"Choque";1;0;0;0;0;0;0;0;0;0;1;0;0;0;0
"08/12/2024";"15:47:10";"169";"Com vítima";"33,200";"BR-277/PR";"Crescente";"Colisão traseira";1;0;0;0;0;0;0;0;0;0;0;2;0;0;0
"08/12/2024";"17:39:15";"184";"Sem vítima";"8,900";"407/PR";"Crescente";"Capotamento";1;0;0;0;0;0;0;0;0;0;2;0;0;0;0
"08/12/2024";"18:57:35";"211";"Sem vítima";"32,100";"BR-277/PR";"Crescente";"Saída de pista";1;0;0;0;0;0;0;0;0;0;2;0;0;0;0
"08/12/2024";"22:09:30";"254";"Com vítima";"0,240";"407/PR";"Decrescente";"Choque";1;0;0;0;0;0;0;0;0;0;1;1;0;0;0
"09/12/2024";"07:16:17";"82";"Sem vítima";"31,615";"BR-277/PR";"Crescente";"Choque";1;0;0;0;0;0;0;0;0;0;2;0;0;0;0
"09/12/2024";"08:57:15";"124";"Com vítima";"31,747";"BR-277/PR";"Decrescente";"Colisão traseira";2;0;0;0;0;0;0;0;0;0;3;2;0;0;0
"09/12/2024";"09:17:13";"130";"Sem vítima";"1,400";"BR-277/PR";"Decrescente";"Engavetamento";3;0;0;0;0;0;0;0;0;0;3;0;0;0;0
"09/12/2024";"09:23:17";"131";"Com vítima";"286,858";"151/PR";"Decrescente";"Engavetamento";3;0;0;0;0;0;0;0;0;0;5;1;0;0;0