data;horario;n_da_ocorrencia;tipo_de_ocorrencia;km;trecho;sentido;tipo_de_acidente;automovel;bicicleta;caminhao;moto;onibus;outros;tracao_animal;transporte_de_cargas_especiais;trator_maquinas;utilitarios;ilesos;levemente_feridos;moderadamente_feridos;gravemente_feridos;mortos
"09/12/2024";"09:36:28";"133";"Com vítima";"42,950";"BR-277/PR";"Decrescente";"Colisão traseira";0;0;2;0;0;0;0;0;0;0;2;1;0;0;0
"09/12/2024";"10:23:57";"141";"Com vítima";"37,897";"BR-277/PR";"Crescente";"Choque";0;0;0;1;0;0;0;0;0;0;0;2;0;0;0
"09/12/2024";"10:38:03";"144";"Sem vítima";"223,958";"092/PR";"Crescente";"Saída de pista";1;0;0;0;0;0;0;0;0;0;2;0;0;0;0
"09/12/2024";"12:18:17";"158";"Sem vítima";"32,362";"BR-277/PR";"Crescente";"Choque";0;0;0;0;0;0;0;0;0;1;3;0;0;0;0
"09/12/2024";"13:23:11";"168";"Com vítima";"297,178";"092/PR";"Decrescente";"Colisão lateral no mesmo sentido";1;0;2;0;0;0;0;0;0;0;2;1;0;0;0
"09/12/2024";"14:07:10";"178";"Com vítima";"287,040";"092/PR";"Crescente";"Colisão lateral no mesmo sentido";1;0;1;0;0;0;0;0;0;0;2;1;0;1;0
"09/12/2024";"15:07:53";"189";"Sem vítima";"32,240";"BR-277/PR";"Crescente";"Colisão traseira";2;0;0;0;0;0;0;0;0;0;2;0;0;0;0
"09/12/2024";"16:19:15";"200";"Sem vítima";"33,238";"BR-277/PR";"Crescente";"Saída de pista";1;0;0;0;0;0;0;0;0;0;3;0;0;0;0
"09/12/2024";"16:31:34";"204";"Sem vítima";"33,238";"BR-277/PR";"Crescente";"Choque";1;0;0;0;0;0;0;0;0;0;2;0;0;0;0
"09/12/2024";"17:45:18";"214";"Sem vítima";"16,100";"407/PR";"Crescente";"Saída de pista";0;0;0;0;0;0;0;0;0;1;2;0;0;0;0
"09/12/2024";"17:50:05";"215";"Sem vítima";"8,500";"508/PR";"Decrescente";"Saída de pista";1;0;0;0;0;0;0;0;0;0;1;0;0;0;0
"09/12/2024";"18:04:05";"217";"Sem vítima";"38,009";"BR-277/PR";"Crescente";"Saída de pista";0;0;0;0;0;0;0;0;0;1;1;0;0;0;0
"09/12/2024";"19:56:13";"225";"Sem vítima";"236,010";"151/PR";"Decrescente";"Choque";0;0;0;0;0;0;0;0;0;1;2;0;0;0;0
"09/12/2024";"21:01:41";"231";"Sem vítima";"0,254";"407/PR";"Decrescente";"Choque";1;0;0;0;0;1;0;0;0;0;1;0;0;0;0
"09/12/2024";"22:52:29";"240";"Com vítima";"56,835";"BR-277/PR";"Crescente";"Colisão traseira";0;0;2;0;0;0;0;0;0;0;0;2;0;1;0
"10/12/2024";"05:25:25";"33";"Sem vítima";"260,250";"151/PR";"Crescente";"Saída de pista";1;0;0;0;0;0;0;0;0;0;1;0;0;0;0
"10/12/2024";"08:09:22";"101";"Sem vítima";"74,966";"BR-277/PR";"Decrescente";"Engavetamento";2;0;1;0;0;0;0;0;0;0;4;0;0;0;0
"10/12/2024";"16:28:24";"280";"Sem vítima";"71,100";"BR-277/PR";"Crescente";"Queda de moto";0;0;0;1;0;0;0;0;0;0;1;0;0;0;0
"11/12/2024";"08:01:20";"137";"Sem vítima";"217,010";"151/PR";"Crescente";"Colisão lateral no mesmo sentido";1;0;0;0;0;0;0;0;0;0;1;0;0;0;0
"11/12/2024";"08:09:39";"142";"Sem vítima";"23,439";"508/PR";"Crescente";"Atropelamento de animal";1;0;0;0;0;0;0;0;0;0;5;0;0;0;0
"11/12/2024";"08:17:15";"145";"Com vítima";"319,120";"151/PR";"Crescente";"Tombamento";0;0;1;0;0;0;0;0;0;0;0;1;0;0;0
"11/12/2024";"14:20:49";"276";"Sem vítima";"317,584";"151/PR";"Crescente";"Colisão traseira";1;0;1;0;0;0;0;0;0;0;2;0;0;0;0
"11/12/2024";"17:58:02";"334";"Sem vítima";"304,250";"151/PR";"Crescente";"Colisão traseira";1;0;1;0;0;0;0;0;0;0;2;0;0;0;0
"11/12/2024";"18:08:05";"335";"Com vítima";"20,204";"BR-153/PR";"Decrescente";"Colisão traseira";1;0;0;1;0;0;0;0;0;0;1;1;0;0;0
"12/12/2024";"03:16:04";"42";"Sem vítima";"68,510";"BR-277/PR";"Decrescente";"Saída de pista";1;0;0;0;0;0;0;0;0;0;1;0;0;0;0
"12/12/2024";"08:35:34";"184";"Com vítima";"28,722";"BR-369/PR";"Crescente";"Choque";1;0;0;0;0;0;0;0;0;0;0;1;0;0;0
"12/12/2024";"09:49:34";"226";"Sem vítima";"74,400";"BR-277/PR";"Crescente";"Colisão traseira";1;0;1;0;0;0;0;0;0;0;3;0;0;0;0
"12/12/2024";"10:35:37";"249";"Sem vítima";"2,400";"BR-277/PR";"Crescente";"Colisão frontal";0;0;2;0;0;0;0;0;0;0;2;0;0;0;0
"12/12/2024";"11:25:22";"266";"Sem vítima";"75,236";"BR-277/PR";"Crescente";"Engavetamento";1;0;2;0;0;0;0;0;0;0;3;0;0;0;0
"12/12/2024";"12:44:16";"275";"Com vítima";"3,500";"BR-277/PR";"Decrescente";"Colisão traseira";1;0;0;1;0;0;0;0;0;0;1;1;0;0;0
"12/12/2024";"12:54:28";"277";"Com vítima";"31,495";"BR-153/PR";"Crescente";"Colisão traseira";1;0;0;1;0;0;0;0;0;0;1;1;0;0;0
"12/12/2024";"16:06:33";"309";"Sem vítima";"15,890";"BR-277/PR";"Crescente";"Tombamento";0;0;1;0;0;0;0;0;0;0;1;0;0;0;0
"12/12/2024";"16:32:21";"317";"Com vítima";"20,150";"BR-153/PR";"Decrescente";"Colisão lateral no mesmo sentido";0;0;0;1;1;0;0;0;0;0;1;0;1;0;0
"12/12/2024";"18:38:33";"332";"Sem vítima";"36,800";"BR-277/PR";"Decrescente";"Saída de pista";0;0;1;0;0;0;0;0;0;0;1;0;0;0;0
"12/12/2024";"20:10:20";"346";"Com vítima";"262,020";"151/PR";"Crescente";"Choque";1;0;0;0;0;0;0;0;0;0;0;1;0;0;0
"12/12/2024";"20:26:27";"352";"Sem vítima";"5,425";"BR-277/PR";"Decrescente";"Colisão lateral no mesmo sentido";1;0;0;0;0;0;0;0;0;0;1;0;0;0;0
"12/12/2024";"20:27:07";"353";"Com vítima";"281,160";"092/PR";"Crescente";"Atropelamento de pedestre";1;0;0;0;0;0;0;0;0;0;1;0;0;0;1
"13/12/2024";"03:46:59";"50";"Sem vítima";"301,815";"151/PR";"Crescente";"Saída de pista";0;0;1;0;0;0;0;0;0;0;1;0;0;0;0
"13/12/2024";"05:36:47";"55";"Sem vítima";"286,500";"151/PR";"Crescente";"Capotamento";1;0;0;0;0;0;0;0;0;0;3;0;0;0;0
"13/12/2024";"07:50:10";"124";"Sem vítima";"75,980";"BR-277/PR";"Crescente";"Colisão traseira";2;0;0;0;0;0;0;0;0;0;2;0;0;0;0
"13/12/2024";"11:31:05";"231";"Com vítima";"310,758";"151/PR";"Crescente";"Engavetamento";1;0;0;0;2;0;0;0;0;0;0;37;0;0;0
"13/12/2024";"14:16:21";"254";"Sem vítima";"29,500";"508/PR";"Crescente";"Colisão traseira";1;0;0;0;0;0;0;0;0;1;2;0;0;0;0
"13/12/2024";"15:23:56";"270";"Com vítima";"5,253";"BR-277/PR";"Crescente";"Colisão traseira";0;0;0;2;0;0;0;0;0;0;0;1;1;0;0
"13/12/2024";"16:29:11";"283";"Com vítima";"223,085";"092/PR";"Decrescente";"Capotamento";1;0;0;0;0;0;0;0;0;0;0;3;0;0;0
"13/12/2024";"18:37:23";"311";"Sem vítima";"39,100";"BR-277/PR";"Crescente";"Colisão traseira";0;0;0;0;0;0;0;0;0;1;1;0;0;0;0
"13/12/2024";"19:41:58";"323";"Sem vítima";"40,200";"BR-277/PR";"Crescente";"Colisão traseira";1;0;0;0;0;0;0;0;0;0;1;0;0;0;0
"13/12/2024";"20:05:35";"331";"Sem vítima";"40,200";"BR-277/PR";"Crescente";"Colisão traseira";1;0;1;0;0;0;0;0;0;0;2;0;0;0;0
"13/12/2024";"23:10:30";"355";"Sem vítima";"37,500";"BR-153/PR";"Decrescente";"Tombamento";0;0;1;0;0;0;0;0;0;0;1;0;0;0;0
"14/12/2024";"04:31:50";"39";"Com vítima";"53,605";"BR-277/PR";"Decrescente";"Colisão traseira";1;0;1;0;0;0;0;0;0;0;1;0;2;1;2
"14/12/2024";"05:38:57";"41";"Com vítima";"315,106";"151/PR";"Crescente";"Choque";0;0;1;0;0;0;0;0;0;0;0;1;0;0;0
"14/12/2024";"06:35:03";"57";"Com vítima";"307,611";"151/PR";"Crescente";"Choque";0;0;1;0;0;0;0;0;0;0;0;1;0;0;0
"14/12/2024";"09:18:28";"81";"Sem vítima";"13,662";"407/PR";"Crescente";"Capotamento";1;0;0;0;0;0;0;0;0;0;7;0;0;0;0
"14/12/2024";"12:05:31";"118";"Sem vítima";"82,101";"BR-277/PR";"Crescente";"Colisão traseira";2;0;0;0;0;0;0;0;0;0;4;0;0;0;0
"14/12/2024";"13:15:59";"136";"Com vítima";"312,812";"151/PR";"Crescente";"Capotamento";1;0;0;0;0;0;0;0;0;0;0;0;0;1;0
"14/12/2024";"15:54:55";"177";"Sem vítima";"197,150";"151/PR";"Crescente";"Choque";0;0;1;0;0;0;0;0;0;0;1;0;0;0;0
"14/12/2024";"16:56:32";"191";"Sem vítima";"14,176";"407/PR";"Crescente";"Colisão traseira";2;0;0;0;0;0;0;0;0;0;5;0;0;0;0
"14/12/2024";"22:28:26";"250";"Sem vítima";"321,600";"092/PR";"Decrescente";"Choque";0;0;0;0;0;0;0;0;0;1;1;0;0;0;0
"14/12/2024";"23:48:35";"254";"Sem vítima";"311,010";"151/PR";"Decrescente";"Saída de pista";1;0;0;0;0;0;0;0;0;0;1;0;0;0;0
"15/12/2024";"00:56:04";"19";"Sem vítima";"306,330";"151/PR";"Decrescente";"Colisão traseira";1;0;1;0;0;0;0;0;0;0;2;0;0;0;0
"15/12/2024";"01:54:58";"36";"Sem vítima";"318,800";"151/PR";"Crescente";"Choque";1;0;0;0;0;0;0;0;0;0;1;0;0;0;0
"15/12/2024";"03:25:24";"45";"Sem vítima";"254,360";"092/PR";"Crescente";"Saída de pista";0;0;0;0;0;0;0;0;0;1;2;0;0;0;0
"15/12/2024";"05:32:56";"51";"Sem vítima";"236,300";"151/PR";"Decrescente";"Saída de pista";1;0;0;0;0;0;0;0;0;0;1;0;0;0;0
"15/12/2024";"07:27:54";"76";"Com vítima";"205,478";"092/PR";"Decrescente";"Colisão lateral no mesmo sentido";1;0;1;0;0;0;0;0;0;0;1;3;0;0;0
"15/12/2024";"10:52:23";"112";"Sem vítima";"36,584";"BR-277/PR";"Crescente";"Choque";1;0;0;0;0;0;0;0;0;0;5;0;0;0;0
"15/12/2024";"12:53:57";"137";"Com vítima";"15,524";"408/PR";"Crescente";"Queda de moto";0;0;0;1;0;0;0;0;0;0;0;2;0;0;0
"15/12/2024";"19:59:28";"216";"Sem vítima";"31,300";"BR-277/PR";"Crescente";"Saída de pista";1;0;0;0;0;0;0;0;0;0;4;0;0;0;0
"15/12/2024";"20:13:52";"220";"Sem vítima";"208,440";"092/PR";"Crescente";"Saída de pista";1;0;0;0;0;0;0;0;0;0;4;0;0;0;0
"15/12/2024";"22:07:46";"237";"Sem vítima";"310,120";"151/PR";"Decrescente";"Saída de pista";1;0;0;0;0;0;0;0;0;0;1;0;0;0;0
"15/12/2024";"22:29:41";"243";"Sem vítima";"82,900";"BR-277/PR";"Decrescente";"Capotamento";1;0;0;0;0;0;0;0;0;0;1;0;0;0;0
"16/12/2024";"01:10:36";"20";"Sem vítima";"317,100";"151/PR";"Decrescente";"Colisão transversal";1;0;1;0;0;0;0;0;0;0;4;0;0;0;0
"16/12/2024";"12:46:37";"244";"Sem vítima";"53,792";"BR-277/PR";"Crescente";"Engavetamento";1;0;2;0;0;0;0;0;0;0;7;0;0;0;0
"16/12/2024";"13:53:04";"257";"Sem vítima";"209,120";"151/PR";"Decrescente";"Colisão traseira";1;0;0;0;0;0;0;0;0;1;2;0;0;0;0
"16/12/2024";"14:44:17";"265";"Com vítima";"3,108";"BR-277/PR";"Crescente";"Colisão lateral no mesmo sentido";0;0;0;1;0;0;0;0;0;1;1;1;1;0;0
"16/12/2024";"18:10:15";"299";"Sem vítima";"254,010";"092/PR";"Decrescente";"Queda de bicicleta";0;1;0;0;0;0;0;0;0;0;0;0;0;0;0
"16/12/2024";"21:12:14";"336";"Sem vítima";"267,502";"151/PR";"Decrescente";"Saída de pista";0;0;1;0;0;0;0;0;0;0;1;0;0;0;0
"17/12/2024";"10:43:54";"235";"Sem vítima";"8,356";"BR-277/PR";"Decrescente";"Tombamento";0;0;1;0;0;0;0;0;0;0;1;0;0;0;0
"17/12/2024";"12:30:42";"264";"Com vítima";"39,710";"BR-277/PR";"Crescente";"Colisão transversal";0;0;1;1;0;0;0;0;0;0;1;0;1;0;0
"17/12/2024";"17:40:33";"328";"Sem vítima";"40,858";"BR-277/PR";"Crescente";"Colisão traseira";2;0;0;0;0;0;0;0;0;0;5;0;0;0;0
"17/12/2024";"18:04:48";"332";"Sem vítima";"306,120";"151/PR";"Decrescente";"Colisão lateral no mesmo sentido";1;0;0;0;0;0;0;0;0;0;1;0;0;0;0
"17/12/2024";"18:06:26";"333";"Com vítima";"45,710";"BR-369/PR";"Crescente";"Tombamento";0;0;1;0;0;0;0;0;0;0;0;0;1;0;0
"18/12/2024";"06:59:44";"71";"Com vítima";"46,939";"BR-369/PR";"Decrescente";"Choque";1;0;0;0;0;0;0;0;0;0;0;1;0;0;0
"18/12/2024";"07:18:28";"79";"Sem vítima";"31,774";"BR-277/PR";"Decrescente";"Choque";1;0;0;0;0;0;0;0;0;0;5;0;0;0;0
"18/12/2024";"07:31:02";"90";"Com vítima";"75,959";"BR-277/PR";"Crescente";"Colisão traseira";1;0;0;1;0;0;0;0;0;0;1;1;0;0;0
"18/12/2024";"08:01:04";"119";"Sem vítima";"31,770";"BR-277/PR";"Decrescente";"Colisão traseira";1;0;0;0;0;0;0;0;0;1;2;0;0;0;0
"18/12/2024";"08:33:39";"128";"Sem vítima";"42,328";"BR-277/PR";"Crescente";"Colisão lateral no mesmo sentido";0;0;1;0;0;0;0;0;0;1;2;0;0;0;0
"18/12/2024";"11:07:12";"191";"Sem vítima";"19,199";"BR-277/PR";"Decrescente";"Colisão lateral no mesmo sentido";1;0;0;0;0;0;0;0;0;1;0;0;0;0;0
"18/12/2024";"12:25:06";"223";"Sem vítima";"41,100";"BR-277/PR";"Crescente";"Colisão lateral no mesmo sentido";1;0;1;0;0;0;0;0;0;0;2;0;0;0;0
"18/12/2024";"12:38:05";"227";"Com vítima";"32,345";"BR-153/PR";"Crescente";"Colisão lateral no mesmo sentido";1;0;1;0;0;0;0;0;0;1;3;3;0;0;0
"18/12/2024";"14:42:35";"262";"Sem vítima";"314,620";"092/PR";"Crescente";"Colisão lateral no mesmo sentido";0;0;2;0;0;0;0;0;0;0;2;0;0;0;0
"18/12/2024";"14:55:03";"264";"Sem vítima";"18,190";"BR-277/PR";"Crescente";"Colisão traseira";1;0;0;0;0;0;0;0;0;0;1;0;0;0;0
"18/12/2024";"15:05:06";"268";"Com vítima";"78,120";"BR-277/PR";"Decrescente";"Queda de moto";0;0;0;1;0;0;0;0;0;0;0;1;0;0;0
"18/12/2024";"16:36:21";"277";"Sem vítima";"58,947";"BR-277/PR";"Crescente";"Choque";0;0;1;0;0;0;0;0;0;0;1;0;0;0;0
"18/12/2024";"17:00:50";"282";"Com vítima";"36,489";"BR-153/PR";"Crescente";"Colisão traseira";1;0;0;1;0;0;0;0;0;0;3;0;1;0;0
"18/12/2024";"21:14:30";"320";"Com vítima";"294,128";"151/PR";"Decrescente";"Choque";1;0;0;0;0;0;0;0;0;0;0;4;0;0;0
"18/12/2024";"22:11:42";"328";"Sem vítima";"60,300";"BR-277/PR";"Decrescente";"Colisão lateral no mesmo sentido";1;0;1;0;0;0;0;0;0;0;2;0;0;0;0
"19/12/2024";"04:42:01";"42";"Com vítima";"36,100";"BR-277/PR";"Decrescente";"Capotamento";1;0;0;0;0;0;0;0;0;0;0;1;0;0;0
"19/12/2024";"11:55:49";"232";"Sem vítima";"72,678";"BR-277/PR";"Crescente";"Engavetamento";2;0;0;0;0;0;0;0;0;1;3;0;0;0;0
"19/12/2024";"12:20:07";"239";"Com vítima";"24,338";"BR-153/PR";"Crescente";"Colisão transversal";0;0;1;0;0;0;0;0;0;1;1;0;0;1;0
"19/12/2024";"12:59:54";"251";"Com vítima";"43,538";"BR-277/PR";"Decrescente";"Colisão traseira";0;0;2;0;0;0;0;0;0;0;1;0;1;0;0
"19/12/2024";"13:49:33";"262";"Com vítima";"75,192";"BR-277/PR";"Crescente";"Queda de moto";0;0;0;1;0;0;0;0;0;0;0;2;0;0;0
"19/12/2024";"20:02:19";"339";"Sem vítima";"304,300";"151/PR";"Crescente";"Saída de pista";0;0;0;0;0;0;0;0;0;1;1;0;0;0;0
"19/12/2024";"20:38:48";"343";"Com vítima";"297,950";"151/PR";"Crescente";"Colisão transversal";0;0;1;0;0;0;0;0;0;1;3;0;0;1;0
"19/12/2024";"21:16:20";"348";"Sem vítima";"70,100";"BR-277/PR";"Decrescente";"Saída de pista";1;0;0;0;0;0;0;0;0;0;1;0;0;0;0
"20/12/2024";"01:42:52";"19";"Sem vítima";"79,400";"BR-277/PR";"Decrescente";"Saída de pista";1;0;0;0;0;0;0;0;0;0;2;0;0;0;0
"20/12/2024";"05:02:30";"26";"Sem vítima";"36,800";"BR-277/PR";"Decrescente";"Queda de moto";0;0;0;1;0;0;0;0;0;0;1;0;0;0;0
"20/12/2024";"08:02:08";"128";"Com vítima";"80,760";"BR-277/PR";"Crescente";"Colisão traseira";0;0;0;1;0;0;0;0;0;0;0;1;0;0;0
"20/12/2024";"08:37:14";"146";"Sem vítima";"298,110";"151/PR";"Crescente";"Colisão lateral no mesmo sentido";1;0;1;0;0;0;0;0;0;0;2;0;0;0;0
"20/12/2024";"09:36:18";"162";"Sem vítima";"9,900";"BR-153/PR";"Decrescente";"Colisão transversal";2;0;0;0;0;0;0;0;0;0;2;0;0;0;0
"20/12/2024";"10:40:35";"183";"Com vítima";"8,801";"BR-277/PR";"Crescente";"Engavetamento";0;0;2;0;0;0;0;0;0;0;0;2;0;0;0
"20/12/2024";"11:01:51";"201";"Sem vítima";"236,700";"092/PR";"Crescente";"Colisão lateral no mesmo sentido";1;0;1;0;0;0;0;0;0;0;4;0;0;0;0
"20/12/2024";"11:28:17";"208";"Com vítima";"78,280";"BR-277/PR";"Crescente";"Queda de moto";0;0;0;1;0;0;0;0;0;0;0;0;1;0;0
"20/12/2024";"11:44:03";"210";"Sem vítima";"78,280";"BR-277/PR";"Crescente";"Colisão traseira";0;0;0;0;0;0;0;0;0;0;0;0;0;0;0
"20/12/2024";"16:00:32";"264";"Com vítima";"53,249";"BR-277/PR";"Crescente";"Queda de moto";0;0;0;1;0;0;0;0;0;0;0;0;1;0;0
"20/12/2024";"16:03:49";"265";"Com vítima";"15,812";"408/PR";"Decrescente";"Queda de moto";0;0;0;1;0;0;0;0;0;0;0;0;1;0;0
"20/12/2024";"17:00:00";"278";"Com vítima";"272,200";"092/PR";"Decrescente";"Colisão traseira";1;0;1;0;0;0;0;0;0;0;4;0;1;0;0
"20/12/2024";"17:17:10";"282";"Sem vítima";"0,370";"BR-153/PR";"Decrescente";"Colisão traseira";2;0;0;0;0;0;0;0;0;0;5;0;0;0;0
"20/12/2024";"17:36:06";"288";"Sem vítima";"272,200";"092/PR";"Crescente";"Engavetamento";2;0;1;0;0;0;0;0;0;0;5;0;0;0;0
"20/12/2024";"17:38:13";"290";"Com vítima";"8,500";"408/PR";"Crescente";"Colisão traseira";0;0;0;2;0;0;0;0;0;0;0;2;0;0;0
"20/12/2024";"18:52:57";"306";"Sem vítima";"298,315";"151/PR";"Decrescente";"Saída de pista";1;0;0;0;0;0;0;0;0;0;1;0;0;0;0
"20/12/2024";"21:26:41";"339";"Sem vítima";"36,800";"BR-277/PR";"Decrescente";"Saída de pista";0;0;1;0;0;0;0;0;0;0;1;0;0;0;0
"20/12/2024";"22:16:17";"346";"Com vítima";"17,600";"407/PR";"Crescente";"Choque";1;0;0;0;0;0;0;0;0;0;0;0;1;0;0
"21/12/2024";"07:38:24";"114";"Sem vítima";"233,120";"151/PR";"Decrescente";"Choque";1;0;0;0;0;0;0;0;0;0;2;0;0;0;0
"21/12/2024";"08:10:50";"123";"Sem vítima";"24,700";"508/PR";"Decrescente";"Choque";1;0;0;0;0;0;0;0;0;0;2;0;0;0;0
"21/12/2024";"09:12:28";"139";"Com vítima";"248,931";"092/PR";"Crescente";"Colisão transversal";2;0;0;0;0;0;0;0;0;0;2;1;0;0;0
"21/12/2024";"09:52:48";"152";"Com vítima";"220,120";"092/PR";"Decrescente";"Colisão traseira";0;0;1;1;0;0;0;0;0;0;1;1;0;1;0
"21/12/2024";"10:17:53";"163";"Sem vítima";"216,120";"151/PR";"Decrescente";"Choque";0;0;0;0;0;0;0;0;0;1;2;0;0;0;0
"21/12/2024";"12:44:16";"190";"Sem vítima";"32,410";"BR-277/PR";"Crescente";"Colisão lateral no mesmo sentido";0;0;1;0;0;0;0;0;0;1;2;0;0;0;0
"21/12/2024";"15:06:20";"216";"Sem vítima";"5,009";"BR-277/PR";"Decrescente";"Colisão lateral no mesmo sentido";1;0;1;0;0;0;0;0;0;0;2;0;0;0;0
"21/12/2024";"17:02:28";"246";"Com vítima";"35,200";"BR-277/PR";"Decrescente";"Engavetamento";1;0;3;0;0;0;0;0;0;0;0;6;0;0;0
"21/12/2024";"19:47:23";"278";"Sem vítima";"305,309";"151/PR";"Decrescente";"Saída de pista";1;0;0;0;0;0;0;0;0;0;3;0;0;0;0
"21/12/2024";"20:05:08";"281";"Com vítima";"3,500";"BR-277/PR";"Crescente";"Queda de moto";0;0;0;1;0;0;0;0;0;0;0;1;0;0;0
"21/12/2024";"21:17:16";"297";"Sem vítima";"13,100";"407/PR";"Crescente";"Saída de pista";0;0;0;0;0;0;0;0;0;1;2;0;0;0;0
"22/12/2024";"06:10:32";"50";"Sem vítima";"32,204";"BR-277/PR";"Decrescente";"Choque";1;0;0;0;0;0;0;0;0;0;2;0;0;0;0
"22/12/2024";"06:53:08";"61";"Com vítima";"4,700";"239/PR";"Crescente";"Tombamento";0;0;1;0;0;0;0;0;0;0;0;0;1;0;0
"22/12/2024";"08:38:39";"97";"Sem vítima";"14,548";"BR-277/PR";"Crescente";"Choque";1;0;0;0;0;0;0;0;0;0;1;0;0;0;0
"22/12/2024";"13:49:40";"170";"Sem vítima";"37,900";"BR-277/PR";"Decrescente";"Choque";1;0;0;0;0;0;0;0;0;0;4;0;0;0;0
"22/12/2024";"16:38:19";"206";"Com vítima";"0,200";"407/PR";"Decrescente";"Colisão frontal";2;0;0;0;0;0;0;0;0;0;0;0;3;0;0
"22/12/2024";"17:22:14";"216";"Sem vítima";"32,200";"BR-277/PR";"Decrescente";"Choque";1;0;0;0;0;0;0;0;0;0;2;0;0;0;0
"22/12/2024";"21:15:42";"262";"Com vítima";"69,015";"BR-277/PR";"Crescente";"Colisão traseira";0;0;0;1;0;0;0;0;0;0;0;1;0;0;0
"23/12/2024";"01:18:11";"27";"Sem vítima";"69,125";"BR-277/PR";"Decrescente";"Saída de pista";1;0;0;0;0;0;0;0;0;0;1;0;0;0;0
"23/12/2024";"05:07:39";"42";"Com vítima";"51,550";"BR-369/PR";"Crescente";"Choque";1;0;0;0;0;0;0;0;0;0;1;1;0;0;0
"23/12/2024";"08:37:55";"117";"Sem vítima";"43,670";"BR-277/PR";"Crescente";"Choque";0;0;0;0;0;0;0;0;0;1;2;0;0;0;0
"23/12/2024";"19:09:04";"264";"Sem vítima";"302,384";"151/PR";"Decrescente";"Saída de pista";1;0;0;0;0;0;0;0;0;0;3;0;0;0;0
"24/12/2024";"05:57:27";"32";"Sem vítima";"206,022";"092/PR";"Decrescente";"Capotamento";1;0;0;0;0;0;0;0;0;0;2;0;0;0;0
"24/12/2024";"06:24:08";"38";"Sem vítima";"241,746";"151/PR";"Decrescente";"Saída de pista";1;0;0;0;0;0;0;0;0;0;2;0;0;0;0
"24/12/2024";"06:39:03";"41";"Com vítima";"12,549";"BR-277/PR";"Decrescente";"Capotamento";1;0;0;0;0;0;0;0;0;0;0;4;1;0;0
"24/12/2024";"07:29:35";"50";"Sem vítima";"7,859";"239/PR";"Crescente";"Colisão lateral no mesmo sentido";1;0;1;0;0;0;0;0;0;0;2;0;0;0;0
"24/12/2024";"11:36:40";"90";"Com vítima";"23,860";"BR-277/PR";"Decrescente";"Colisão traseira";1;0;0;0;1;0;0;0;0;0;23;2;0;0;0
"24/12/2024";"13:29:27";"105";"Com vítima";"31,200";"BR-277/PR";"Crescente";"Colisão lateral no mesmo sentido";0;0;1;0;0;0;0;0;0;1;1;1;0;0;0
"24/12/2024";"19:58:47";"161";"Sem vítima";"8,800";"407/PR";"Decrescente";"Saída de pista";1;0;0;0;0;0;0;0;0;0;1;0;0;0;0
"24/12/2024";"23:09:53";"177";"Sem vítima";"251,030";"151/PR";"Crescente";"Choque";1;0;0;0;0;0;0;0;0;0;1;0;0;0;0
"25/12/2024";"02:33:55";"24";"Sem vítima";"40,009";"BR-277/PR";"Crescente";"Saída de pista";1;0;0;0;0;0;0;0;0;0;1;0;0;0;0
"25/12/2024";"03:34:03";"27";"Sem vítima";"76,500";"BR-277/PR";"Crescente";"Colisão traseira";2;0;0;0;0;0;0;0;0;0;3;0;0;0;0
"25/12/2024";"06:45:24";"36";"Sem vítima";"78,430";"BR-277/PR";"Decrescente";"Choque";1;0;0;0;0;0;0;0;0;0;1;0;0;0;0
"25/12/2024";"09:00:11";"62";"Sem vítima";"17,050";"408/PR";"Decrescente";"Colisão traseira";1;0;0;1;0;0;0;0;0;0;6;0;0;0;0
"25/12/2024";"16:33:19";"136";"Com vítima";"49,495";"BR-277/PR";"Crescente";"Queda de moto";0;0;0;1;0;0;0;0;0;0;0;1;0;0;0
"25/12/2024";"17:23:10";"150";"Sem vítima";"12,720";"BR-277/PR";"Decrescente";"Saída de pista";1;0;0;0;0;0;0;0;0;0;4;0;0;0;0
"25/12/2024";"19:34:19";"176";"Sem vítima";"220,040";"092/PR";"Crescente";"Colisão lateral no mesmo sentido";2;0;0;0;0;0;0;0;0;0;2;0;0;0;0
"25/12/2024";"20:20:36";"182";"Sem vítima";"312,900";"151/PR";"Decrescente";"Atropelamento de animal";1;0;0;0;0;0;0;0;0;0;3;0;0;0;0
"25/12/2024";"22:48:15";"199";"Sem vítima";"76,781";"BR-277/PR";"Decrescente";"Choque";1;0;0;0;0;0;0;0;0;0;1;0;0;0;0
"26/12/2024";"05:33:28";"36";"Sem vítima";"34,010";"BR-277/PR";"Decrescente";"Capotamento";1;0;0;0;0;0;0;0;0;0;1;0;0;0;0
"26/12/2024";"06:59:37";"71";"Sem vítima";"83,910";"BR-277/PR";"Decrescente";"Choque";1;0;0;0;0;0;0;0;0;0;1;0;0;0;0
"26/12/2024";"07:42:09";"86";"Sem vítima";"37,987";"BR-277/PR";"Crescente";"Choque";1;0;0;0;0;0;0;0;0;0;1;0;0;0;0
"26/12/2024";"07:46:43";"88";"Com vítima";"83,910";"BR-277/PR";"Decrescente";"Colisão lateral no mesmo sentido";1;0;0;1;0;0;0;0;0;0;1;1;0;0;0