data;horario;n_da_ocorrencia;tipo_de_ocorrencia;km;trecho;sentido;tipo_de_acidente;automovel;bicicleta;caminhao;moto;onibus;outros;tracao_animal;transporte_de_cargas_especiais;trator_maquinas;utilitarios;ilesos;levemente_feridos;moderadamente_feridos;gravemente_feridos;mortos
"02/02/2025";"08:58:19";"125";"Sem vítima";"206,200";"092/PR";"Decrescente";"Choque";1;0;0;0;0;0;0;0;0;0;1;0;0;0;0
"02/02/2025";"09:35:58";"145";"Com vítima";"196,970";"151/PR";"Decrescente";"Tombamento";0;0;1;0;0;0;0;0;0;0;0;1;0;0;0
"02/02/2025";"16:15:58";"235";"Com vítima";"24,250";"BR-153/PR";"Crescente";"Colisão frontal";1;0;1;0;0;0;0;0;0;0;0;1;0;1;0
"02/02/2025";"19:52:08";"286";"Sem vítima";"311,200";"151/PR";"Crescente";"Atropelamento de animal";1;0;0;0;0;0;0;0;0;0;1;0;0;0;0
"02/02/2025";"21:43:56";"302";"Sem vítima";"10,920";"BR-277/PR";"Crescente";"Colisão transversal";1;0;0;0;0;0;0;0;0;0;1;0;0;0;0
"02/02/2025";"22:36:36";"311";"Sem vítima";"11,850";"407/PR";"Crescente";"Saída de pista";1;0;0;0;0;0;0;0;0;0;1;0;0;0;0
"02/02/2025";"23:23:24";"321";"Sem vítima";"7,525";"BR-277/PR";"Crescente";"Saída de pista";0;0;0;0;0;0;0;0;0;1;1;0;0;0;0
"03/02/2025";"04:29:51";"46";"Sem vítima";"10,120";"BR-277/PR";"Decrescente";"Choque";0;0;0;0;0;0;0;0;0;1;1;0;0;0;0
"03/02/2025";"07:33:54";"83";"Com vítima";"11,600";"BR-153/PR";"Crescente";"Colisão transversal";1;0;1;0;0;0;0;0;0;0;1;1;0;0;0
"03/02/2025";"10:57:03";"190";"Sem vítima";"78,200";"BR-277/PR";"Decrescente";"Choque";1;0;0;0;0;0;0;0;0;0;1;0;0;0;0
"03/02/2025";"12:48:08";"214";"Sem vítima";"205,675";"092/PR";"Crescente";"Choque";0;0;1;0;0;0;0;0;0;0;1;0;0;0;0
"03/02/2025";"15:33:09";"247";"Sem vítima";"293,087";"151/PR";"Decrescente";"Choque";1;0;0;0;0;0;0;0;0;0;1;0;0;0;0
"04/02/2025";"11:32:02";"186";"Sem vítima";"306,770";"151/PR";"Decrescente";"Choque";1;0;0;0;0;0;0;0;0;0;1;0;0;0;0
"04/02/2025";"16:11:34";"240";"Com vítima";"230,760";"151/PR";"Crescente";"Tombamento";0;0;1;0;0;0;0;0;0;0;0;0;1;0;0
"04/02/2025";"18:37:56";"264";"Com vítima";"85,100";"BR-369/PR";"Crescente";"Colisão transversal";0;0;1;1;0;0;0;0;0;0;1;1;0;0;0
"04/02/2025";"19:11:39";"272";"Com vítima";"74,010";"BR-369/PR";"Decrescente";"Colisão traseira";2;0;0;0;0;0;0;0;0;0;3;3;0;0;0
"04/02/2025";"21:53:51";"294";"Sem vítima";"51,800";"BR-369/PR";"Crescente";"Saída de pista";0;0;1;0;0;0;0;0;0;0;1;0;0;0;0
"04/02/2025";"22:16:22";"296";"Sem vítima";"306,150";"151/PR";"Decrescente";"Atropelamento de animal";1;0;0;0;0;0;0;0;0;0;1;0;0;0;0
"05/02/2025";"16:43:24";"263";"Com vítima";"41,980";"BR-153/PR";"Decrescente";"Colisão transversal";0;1;1;0;0;0;0;0;0;0;1;0;0;0;0
"06/02/2025";"07:46:18";"124";"Sem vítima";"20,290";"BR-277/PR";"Crescente";"Choque";0;0;1;0;0;0;0;0;0;0;1;0;0;0;0
"06/02/2025";"13:30:21";"258";"Com vítima";"5,900";"BR-277/PR";"Decrescente";"Atropelamento de pedestre";1;0;0;0;0;0;0;0;0;0;1;0;0;1;0
"06/02/2025";"19:05:36";"324";"Sem vítima";"284,480";"151/PR";"Decrescente";"Saída de pista";1;0;0;0;0;0;0;0;0;0;1;0;0;0;0
"06/02/2025";"21:19:16";"352";"Sem vítima";"29,100";"508/PR";"Crescente";"Colisão traseira";2;0;0;0;0;0;0;0;0;0;4;0;0;0;0
"07/02/2025";"07:02:42";"81";"Com vítima";"3,500";"BR-277/PR";"Decrescente";"Colisão lateral no mesmo sentido";0;0;0;2;0;0;0;0;0;0;0;0;2;0;0
"07/02/2025";"07:59:30";"116";"Com vítima";"76,563";"BR-277/PR";"Crescente";"Colisão lateral no mesmo sentido";1;0;0;1;0;0;0;0;0;0;1;1;0;0;0
"07/02/2025";"08:21:42";"128";"Com vítima";"237,722";"151/PR";"Decrescente";"Colisão traseira";0;0;3;0;0;0;0;0;0;0;3;5;0;0;0
"07/02/2025";"10:35:06";"194";"Sem vítima";"42,860";"BR-277/PR";"Decrescente";"Colisão transversal";1;0;1;0;0;0;0;0;0;0;2;0;0;0;0
"07/02/2025";"16:22:25";"259";"Sem vítima";"40,200";"BR-277/PR";"Crescente";"Capotamento";0;0;0;0;0;0;0;0;0;1;1;0;0;0;0
"07/02/2025";"21:44:53";"319";"Sem vítima";"6,800";"BR-277/PR";"Decrescente";"Colisão traseira";1;0;1;0;0;0;0;0;0;0;5;0;0;0;0
"07/02/2025";"22:20:19";"322";"Sem vítima";"28,400";"BR-277/PR";"Decrescente";"Saída de pista";1;0;0;0;0;0;0;0;0;0;3;0;0;0;0
"08/02/2025";"07:40:32";"88";"Com vítima";"0,833";"407/PR";"Decrescente";"Colisão traseira";1;0;0;1;0;0;0;0;0;0;1;0;1;0;0
"08/02/2025";"10:02:49";"149";"Com vítima";"10,873";"BR-277/PR";"Decrescente";"Colisão transversal";1;0;0;1;0;0;0;0;0;0;1;0;2;0;0
"08/02/2025";"11:24:05";"169";"Sem vítima";"202,010";"092/PR";"Crescente";"Engavetamento";0;0;3;0;0;0;0;0;0;0;3;0;0;0;0
"08/02/2025";"12:42:50";"177";"Com vítima";"315,870";"092/PR";"Crescente";"Tombamento";0;0;1;0;0;0;0;0;0;0;0;1;0;0;0
"08/02/2025";"13:25:02";"187";"Sem vítima";"319,486";"151/PR";"Decrescente";"Colisão traseira";2;0;0;0;0;0;0;0;0;0;5;0;0;0;0
"08/02/2025";"13:27:44";"188";"Sem vítima";"187,725";"151/PR";"Crescente";"Colisão lateral no mesmo sentido";1;0;1;0;0;0;0;0;0;0;3;0;0;0;0
"08/02/2025";"14:08:34";"207";"Sem vítima";"285,223";"151/PR";"Crescente";"Tombamento";0;0;1;0;0;0;0;0;0;0;1;0;0;0;0
"08/02/2025";"14:16:47";"208";"Com vítima";"292,010";"092/PR";"Crescente";"Engavetamento";1;0;2;0;0;0;0;0;0;0;3;1;0;0;0
"08/02/2025";"19:13:37";"263";"Sem vítima";"250,100";"092/PR";"Decrescente";"Saída de pista";1;0;0;0;0;0;0;0;0;0;1;0;0;0;0
"08/02/2025";"20:13:26";"274";"Sem vítima";"271,100";"151/PR";"Decrescente";"Colisão lateral no mesmo sentido";1;0;1;0;0;0;0;0;0;0;2;0;0;0;0
"08/02/2025";"21:35:32";"286";"Sem vítima";"41,500";"BR-277/PR";"Decrescente";"Choque";1;0;0;0;0;0;0;0;0;0;4;0;0;0;0
"08/02/2025";"21:41:47";"287";"Sem vítima";"205,652";"092/PR";"Crescente";"Colisão traseira";2;0;0;0;0;0;0;0;0;0;3;0;0;0;0
"09/02/2025";"00:24:27";"11";"Sem vítima";"8,100";"BR-277/PR";"Decrescente";"Saída de pista";1;0;0;0;0;0;0;0;0;0;1;0;0;0;0
"09/02/2025";"04:30:00";"55";"Com vítima";"82,470";"BR-277/PR";"Decrescente";"Atropelamento de pedestre";1;0;0;0;0;0;0;0;0;0;1;0;1;0;0
"09/02/2025";"08:15:32";"102";"Com vítima";"51,070";"BR-153/PR";"Decrescente";"Colisão traseira";1;0;1;0;0;0;0;0;0;0;1;0;0;0;1
"09/02/2025";"08:58:02";"114";"Com vítima";"6,010";"508/PR";"Crescente";"Engavetamento";4;0;0;0;0;0;0;0;0;0;7;1;0;0;0
"09/02/2025";"12:26:04";"149";"Com vítima";"5,857";"508/PR";"Crescente";"Colisão traseira";2;0;0;0;0;0;0;0;0;0;1;0;3;0;0
"09/02/2025";"15:47:52";"204";"Com vítima";"228,446";"092/PR";"Decrescente";"Colisão frontal";3;0;0;0;0;0;0;0;0;0;0;1;2;0;0
"09/02/2025";"16:02:10";"207";"Sem vítima";"301,000";"151/PR";"Crescente";"Choque";1;0;0;0;0;0;0;0;0;0;1;0;0;0;0
"10/02/2025";"06:52:38";"86";"Sem vítima";"11,688";"407/PR";"Decrescente";"Atropelamento de animal";1;0;0;0;0;0;0;0;0;0;1;0;0;0;0
"10/02/2025";"08:43:26";"125";"Sem vítima";"36,800";"BR-277/PR";"Decrescente";"Saída de pista";0;0;1;0;0;0;0;0;0;0;1;0;0;0;0
"10/02/2025";"09:30:14";"158";"Com vítima";"312,080";"092/PR";"Decrescente";"Colisão traseira";0;0;0;1;0;0;0;0;0;1;1;0;0;1;0
"10/02/2025";"16:28:32";"286";"Com vítima";"18,300";"BR-153/PR";"Decrescente";"Colisão transversal";1;0;0;1;0;0;0;0;0;0;1;1;0;0;0
"10/02/2025";"16:36:05";"287";"Com vítima";"0,650";"804/PR";"Decrescente";"Colisão lateral no mesmo sentido";2;0;0;0;0;0;0;0;0;0;0;1;1;0;0
"10/02/2025";"17:39:31";"312";"Com vítima";"277,776";"151/PR";"Decrescente";"Capotamento";1;0;0;0;0;0;0;0;0;0;0;1;0;0;0
"11/02/2025";"07:47:16";"106";"Sem vítima";"1,620";"BR-277/PR";"Decrescente";"Colisão lateral no mesmo sentido";0;0;1;0;1;0;0;0;0;0;2;0;0;0;0
"11/02/2025";"14:31:46";"230";"Sem vítima";"212,100";"092/PR";"Decrescente";"Saída de pista";0;0;1;0;0;0;0;0;0;0;1;0;0;0;0
"11/02/2025";"14:38:17";"232";"Com vítima";"282,010";"151/PR";"Decrescente";"Capotamento";0;0;0;0;0;0;0;0;1;0;0;0;0;0;0
"11/02/2025";"15:38:21";"249";"Sem vítima";"71,519";"BR-277/PR";"Crescente";"Colisão traseira";1;0;0;1;0;0;0;0;0;0;2;0;0;0;0
"11/02/2025";"15:51:14";"250";"Com vítima";"1,110";"BR-153/PR";"Decrescente";"Engavetamento";2;0;1;0;0;0;0;0;0;0;5;2;0;0;0
"12/02/2025";"00:01:23";"2";"Sem vítima";"228,500";"151/PR";"Crescente";"Colisão lateral no mesmo sentido";0;0;2;0;0;0;0;0;0;0;2;0;0;0;0
"12/02/2025";"06:56:43";"74";"Com vítima";"10,524";"239/PR";"Crescente";"Atropelamento de pedestre";1;0;0;0;0;0;0;0;0;0;1;1;0;0;0
"12/02/2025";"07:17:07";"80";"Sem vítima";"189,330";"151/PR";"Crescente";"Colisão traseira";0;0;2;0;0;0;0;0;0;0;2;0;0;0;0
"12/02/2025";"07:55:33";"100";"Com vítima";"289,804";"092/PR";"Decrescente";"Choque";1;0;0;0;0;0;0;0;0;0;0;1;0;0;0
"12/02/2025";"08:34:16";"127";"Com vítima";"9,250";"407/PR";"Crescente";"Colisão traseira";0;1;1;0;0;0;0;0;0;0;1;0;0;0;0
"12/02/2025";"10:42:46";"173";"Com vítima";"218,516";"092/PR";"Crescente";"Colisão lateral no mesmo sentido";0;0;2;0;0;0;0;0;0;0;0;1;1;0;0
"12/02/2025";"14:05:35";"219";"Com vítima";"24,090";"BR-277/PR";"Crescente";"Colisão transversal";1;0;0;1;0;0;0;0;0;0;0;1;0;1;1
"12/02/2025";"14:44:46";"226";"Sem vítima";"301,510";"151/PR";"Crescente";"Choque";1;0;0;0;0;0;0;0;0;0;1;0;0;0;0
"12/02/2025";"15:38:25";"238";"Sem vítima";"216,709";"151/PR";"Decrescente";"Tombamento";0;0;1;0;0;0;0;0;0;0;1;0;0;0;0
"12/02/2025";"20:22:18";"282";"Sem vítima";"57,600";"BR-277/PR";"Crescente";"Colisão traseira";1;0;1;0;0;0;0;0;0;0;2;0;0;0;0
"13/02/2025";"01:10:25";"22";"Com vítima";"2,700";"BR-277/PR";"Crescente";"Atropelamento de pedestre";1;0;0;0;0;0;0;0;0;0;2;0;1;0;0
"13/02/2025";"08:45:34";"130";"Sem vítima";"6,150";"BR-277/PR";"Crescente";"Colisão traseira";1;0;1;0;0;0;0;0;0;0;2;0;0;0;0
"13/02/2025";"11:19:12";"162";"Sem vítima";"249,010";"092/PR";"Crescente";"Colisão transversal";1;0;1;0;0;0;0;0;0;0;3;0;0;0;0
"13/02/2025";"17:26:04";"230";"Sem vítima";"12,710";"BR-277/PR";"Crescente";"Saída de pista";0;0;1;0;0;0;0;0;0;0;2;0;0;0;0
"13/02/2025";"18:01:20";"237";"Com vítima";"209,614";"151/PR";"Decrescente";"Colisão transversal";1;0;0;1;0;0;0;0;0;0;1;0;2;0;0
"13/02/2025";"19:57:19";"256";"Sem vítima";"25,880";"BR-277/PR";"Decrescente";"Tombamento";0;0;1;0;0;0;0;0;0;0;1;0;0;0;0
"14/02/2025";"00:46:27";"27";"Sem vítima";"261,100";"151/PR";"Crescente";"Choque";0;0;1;0;0;0;0;0;0;0;1;0;0;0;0
"14/02/2025";"04:16:09";"53";"Sem vítima";"313,350";"151/PR";"Decrescente";"Saída de pista";0;0;1;0;0;0;0;0;0;0;1;0;0;0;0
"14/02/2025";"06:44:45";"84";"Com vítima";"11,840";"BR-369/PR";"Crescente";"Queda de moto";0;0;0;1;0;0;0;0;0;0;0;0;1;0;0
"14/02/2025";"08:15:13";"131";"Com vítima";"184,820";"151/PR";"Decrescente";"Choque";0;0;1;0;0;0;0;0;0;0;0;2;0;0;0
"14/02/2025";"14:44:16";"257";"Com vítima";"38,310";"BR-277/PR";"Crescente";"Colisão traseira";1;0;0;0;0;0;0;0;0;1;2;0;1;0;0
"14/02/2025";"15:05:41";"261";"Sem vítima";"60,250";"BR-277/PR";"Crescente";"Colisão traseira";1;0;1;0;0;0;0;0;0;0;3;0;0;0;0
"14/02/2025";"15:45:41";"270";"Sem vítima";"282,100";"151/PR";"Decrescente";"Capotamento";1;0;0;0;0;0;0;0;0;0;1;0;0;0;0
"14/02/2025";"19:32:16";"316";"Com vítima";"82,700";"BR-277/PR";"Decrescente";"Colisão traseira";1;0;0;1;0;0;0;0;0;0;1;1;0;0;0
"14/02/2025";"20:17:20";"334";"Sem vítima";"34,032";"BR-153/PR";"Crescente";"Saída de pista";2;0;0;0;0;0;0;0;0;0;2;0;0;0;0
"15/02/2025";"05:37:57";"57";"Com vítima";"203,190";"092/PR";"Crescente";"Colisão lateral no mesmo sentido";2;0;0;0;0;0;0;0;0;0;3;1;0;0;0
"15/02/2025";"06:40:19";"73";"Sem vítima";"280,837";"151/PR";"Decrescente";"Choque";0;0;1;0;0;0;0;0;0;0;1;0;0;0;0
"15/02/2025";"08:34:36";"110";"Com vítima";"4,660";"BR-277/PR";"Decrescente";"Colisão lateral no mesmo sentido";0;0;0;2;0;0;0;0;0;0;0;0;2;0;0
"15/02/2025";"08:56:22";"120";"Com vítima";"255,010";"092/PR";"Crescente";"Colisão transversal";1;0;1;0;0;0;0;0;0;0;1;2;0;0;0
"15/02/2025";"10:26:02";"145";"Com vítima";"19,520";"BR-277/PR";"Decrescente";"Queda de moto";0;0;0;1;0;0;0;0;0;0;1;0;1;0;0
"15/02/2025";"11:42:19";"162";"Sem vítima";"314,767";"151/PR";"Crescente";"Colisão traseira";0;0;1;0;0;0;0;0;0;0;1;0;0;0;0
"15/02/2025";"12:52:56";"177";"Com vítima";"285,100";"151/PR";"Crescente";"Capotamento";1;0;0;0;0;0;0;0;0;0;0;1;0;0;0
"15/02/2025";"13:59:35";"191";"Com vítima";"12,090";"407/PR";"Crescente";"Colisão traseira";1;0;0;1;0;0;0;0;0;0;2;0;0;1;0
"15/02/2025";"15:38:37";"206";"Com vítima";"249,150";"092/PR";"Decrescente";"Colisão transversal";1;0;0;0;0;0;0;0;0;1;0;4;0;0;0
"15/02/2025";"15:40:40";"209";"Sem vítima";"60,250";"BR-277/PR";"Decrescente";"Colisão lateral no mesmo sentido";1;0;1;0;0;0;0;0;0;0;6;0;0;0;0
"15/02/2025";"17:27:47";"224";"Com vítima";"63,200";"BR-277/PR";"Decrescente";"Queda de moto";0;0;0;1;0;0;0;0;0;0;0;0;2;0;0
"15/02/2025";"23:16:35";"285";"Com vítima";"203,940";"151/PR";"Decrescente";"Queda de moto";0;0;0;1;0;0;0;0;0;0;0;2;0;0;0
"15/02/2025";"23:33:03";"287";"Sem vítima";"15,530";"408/PR";"Decrescente";"Capotamento";1;0;0;0;0;0;0;0;0;0;3;0;0;0;0
"16/02/2025";"02:23:04";"45";"Com vítima";"21,945";"BR-153/PR";"Decrescente";"Colisão frontal";2;0;0;0;0;0;0;0;0;0;0;2;1;0;1
"16/02/2025";"09:30:57";"116";"Com vítima";"80,906";"BR-277/PR";"Crescente";"Colisão lateral no mesmo sentido";1;0;0;1;0;0;0;0;0;0;1;1;0;0;0
"16/02/2025";"14:27:58";"201";"Com vítima";"19,234";"BR-277/PR";"Crescente";"Queda de moto";0;0;0;1;0;0;0;0;0;0;0;2;0;0;0
"16/02/2025";"14:37:33";"205";"Com vítima";"3,710";"855/PR";"Decrescente";"Capotamento";1;0;0;0;0;0;0;0;0;0;0;3;2;0;0
"16/02/2025";"19:12:10";"298";"Com vítima";"1,010";"BR-277/PR";"Decrescente";"Colisão lateral no mesmo sentido";1;0;0;1;0;0;0;0;0;0;1;1;0;0;0
"16/02/2025";"20:32:48";"321";"Sem vítima";"310,028";"151/PR";"Decrescente";"Colisão traseira";2;0;0;0;0;1;0;0;0;0;2;0;0;0;0
"16/02/2025";"20:55:45";"326";"Com vítima";"280,010";"092/PR";"Decrescente";"Colisão transversal";1;0;0;1;0;0;0;0;0;0;1;2;0;0;0
"16/02/2025";"20:57:28";"327";"Sem vítima";"80,100";"BR-277/PR";"Decrescente";"Queda de bicicleta";0;0;0;1;0;0;0;0;0;0;1;0;0;0;0
"17/02/2025";"04:30:53";"61";"Sem vítima";"276,170";"151/PR";"Decrescente";"Tombamento";0;0;1;0;0;0;0;0;0;0;1;0;0;0;0
"17/02/2025";"07:12:38";"92";"Com vítima";"24,100";"BR-153/PR";"Decrescente";"Colisão transversal";1;0;0;1;0;0;0;0;0;0;0;1;0;1;0
"17/02/2025";"09:45:30";"171";"Sem vítima";"15,600";"BR-153/PR";"Crescente";"Tombamento";0;0;1;0;0;0;0;0;0;0;1;0;0;0;0
"17/02/2025";"09:56:21";"174";"Sem vítima";"47,800";"BR-153/PR";"Crescente";"Colisão traseira";0;0;2;0;0;0;0;0;0;0;2;0;0;0;0
"17/02/2025";"13:33:05";"210";"Com vítima";"16,503";"508/PR";"Crescente";"Capotamento";1;0;0;0;0;0;0;0;0;0;0;1;0;0;0
"17/02/2025";"23:14:59";"298";"Sem vítima";"266,500";"151/PR";"Decrescente";"Colisão traseira";0;0;1;0;0;0;0;0;0;0;1;0;0;0;0
"18/02/2025";"05:02:07";"49";"Com vítima";"20,558";"BR-277/PR";"Crescente";"Colisão traseira";2;0;0;0;0;0;0;0;0;0;0;2;2;0;0
"18/02/2025";"07:10:46";"86";"Sem vítima";"262,300";"151/PR";"Decrescente";"Atropelamento de animal";0;0;0;0;0;0;0;0;0;1;1;0;0;0;0
"18/02/2025";"13:29:34";"206";"Sem vítima";"40,100";"BR-277/PR";"Crescente";"Saída de pista";0;0;1;0;0;0;0;0;0;0;1;0;0;0;0
"18/02/2025";"15:17:34";"228";"Sem vítima";"24,330";"BR-153/PR";"Decrescente";"Choque";0;0;1;0;0;0;0;0;0;0;1;0;0;0;0
"18/02/2025";"23:13:39";"309";"Com vítima";"77,500";"BR-277/PR";"Decrescente";"Queda de moto";0;0;0;1;0;0;0;0;0;0;0;0;1;0;0
"19/02/2025";"07:39:13";"100";"Sem vítima";"45,524";"BR-277/PR";"Decrescente";"Colisão traseira";0;0;2;0;0;0;0;0;0;0;2;0;0;0;0
"19/02/2025";"09:56:12";"187";"Sem vítima";"59,600";"BR-277/PR";"Crescente";"Colisão traseira";0;0;2;0;0;0;0;0;0;0;2;0;0;0;0
"19/02/2025";"15:41:28";"285";"Sem vítima";"266,980";"151/PR";"Crescente";"Saída de pista";1;0;0;0;0;0;0;0;0;0;1;0;0;0;0
"19/02/2025";"23:28:12";"358";"Com vítima";"82,316";"BR-277/PR";"Decrescente";"Queda de moto";0;0;0;1;0;0;0;0;0;0;0;2;0;0;0
"20/02/2025";"08:21:44";"130";"Sem vítima";"78,940";"BR-277/PR";"Crescente";"Engavetamento";2;0;0;0;0;0;0;0;0;1;3;0;0;0;0
"20/02/2025";"09:57:34";"169";"Sem vítima";"17,100";"BR-369/PR";"Crescente";"Capotamento";1;0;0;0;0;0;0;0;0;0;1;0;0;0;0
"20/02/2025";"12:03:13";"208";"Com vítima";"68,010";"BR-277/PR";"Decrescente";"Queda de moto";0;0;0;1;0;0;0;0;0;0;0;2;0;0;0
"20/02/2025";"14:48:38";"248";"Sem vítima";"43,500";"BR-277/PR";"Crescente";"Colisão traseira";0;0;1;0;0;0;0;0;0;0;1;0;0;0;0
"20/02/2025";"15:25:21";"259";"Com vítima";"27,010";"BR-277/PR";"Crescente";"Queda de moto";0;0;0;1;0;0;0;0;0;0;0;0;2;0;0
"20/02/2025";"17:51:38";"296";"Sem vítima";"40,100";"BR-277/PR";"Crescente";"Choque";0;0;0;0;0;0;0;0;0;1;1;0;0;0;0
"20/02/2025";"18:34:00";"302";"Sem vítima";"20,010";"BR-153/PR";"Decrescente";"Colisão traseira";0;0;1;0;0;0;0;0;0;0;1;0;0;0;0
"20/02/2025";"19:07:04";"305";"Sem vítima";"290,692";"151/PR";"Crescente";"Choque";1;0;0;0;0;0;0;0;0;0;1;0;0;0;0
"20/02/2025";"19:41:15";"310";"Com vítima";"225,630";"092/PR";"Crescente";"Colisão lateral no mesmo sentido";0;0;1;1;0;0;0;0;0;0;0;0;0;0;1
"21/02/2025";"03:55:55";"49";"Com vítima";"43,120";"BR-277/PR";"Crescente";"Colisão traseira";0;0;2;0;0;0;0;0;0;0;1;0;0;1;0
"21/02/2025";"08:39:18";"115";"Sem vítima";"11,303";"BR-277/PR";"Decrescente";"Colisão traseira";2;0;0;0;0;0;0;0;0;0;2;0;0;0;0
"21/02/2025";"17:48:12";"253";"Sem vítima";"223,100";"151/PR";"Decrescente";"Colisão traseira";0;0;0;1;1;0;0;0;0;0;2;0;0;0;0
"21/02/2025";"23:24:49";"299";"Com vítima";"318,600";"151/PR";"Decrescente";"Queda de moto";0;0;0;1;0;0;0;0;0;0;0;1;0;0;0
"22/02/2025";"05:23:05";"62";"Sem vítima";"309,650";"151/PR";"Crescente";"Choque";1;0;0;0;0;0;0;0;0;0;2;0;0;0;0
"22/02/2025";"08:12:29";"101";"Com vítima";"0,306";"BR-277/PR";"Decrescente";"Colisão traseira";1;0;0;1;0;0;0;0;0;0;1;1;0;0;0
"22/02/2025";"13:08:46";"152";"Com vítima";"252,750";"151/PR";"Crescente";"Colisão traseira";0;0;2;0;0;0;0;0;1;0;1;0;0;0;1
"22/02/2025";"17:18:56";"196";"Com vítima";"16,010";"508/PR";"Crescente";"Saída de pista";1;0;0;0;0;0;0;0;0;0;0;2;0;0;0
"22/02/2025";"19:15:52";"215";"Sem vítima";"12,500";"239/PR";"Decrescente";"Choque";1;0;0;0;0;0;0;0;0;0;1;0;0;0;0
"22/02/2025";"19:33:27";"218";"Com vítima";"3,900";"BR-153/PR";"Decrescente";"Queda de moto";0;0;0;1;0;0;0;0;0;0;0;1;0;0;0
"23/02/2025";"02:40:20";"40";"Sem vítima";"30,010";"BR-277/PR";"Crescente";"Choque";1;0;0;0;0;0;0;0;0;0;3;0;0;0;0
"23/02/2025";"11:05:25";"109";"Com vítima";"35,500";"BR-277/PR";"Decrescente";"Colisão traseira";2;0;0;0;0;0;0;0;0;0;4;1;0;0;0
"23/02/2025";"18:02:00";"194";"Com vítima";"40,200";"BR-277/PR";"Crescente";"Queda de moto";0;0;0;1;0;0;0;0;0;0;0;1;1;0;0
"23/02/2025";"18:43:28";"205";"Com vítima";"33,150";"BR-277/PR";"Crescente";"Colisão traseira";1;0;0;1;0;0;0;0;0;0;3;0;1;0;0
"23/02/2025";"19:57:09";"222";"Com vítima";"300,800";"151/PR";"Crescente";"Atropelamento de pedestre";1;0;0;0;0;0;0;0;0;0;3;0;0;0;1
"24/02/2025";"06:48:14";"73";"Com vítima";"74,390";"BR-277/PR";"Crescente";"Colisão traseira";1;0;0;1;0;0;0;0;0;0;3;1;0;0;0
"24/02/2025";"08:41:02";"148";"Sem vítima";"76,010";"BR-277/PR";"Crescente";"Colisão traseira";2;0;0;0;0;0;0;0;0;0;0;0;0;0;0
"24/02/2025";"20:56:48";"310";"Com vítima";"75,530";"BR-277/PR";"Crescente";"Colisão traseira";1;0;0;1;0;0;0;0;0;0;0;2;0;0;0
"25/02/2025";"00:09:02";"3";"Com vítima";"4,301";"BR-277/PR";"Crescente";"Atropelamento de animal";0;0;0;1;0;0;0;0;0;0;0;0;0;0;0
"25/02/2025";"07:40:22";"111";"Com vítima";"78,909";"BR-277/PR";"Crescente";"Colisão lateral no mesmo sentido";1;0;0;1;0;0;0;0;0;0;1;1;0;0;0
"25/02/2025";"11:37:31";"212";"Com vítima";"208,500";"151/PR";"Decrescente";"Colisão lateral no mesmo sentido";1;0;1;0;0;0;0;0;0;0;1;1;0;0;0
"25/02/2025";"12:50:05";"229";"Sem vítima";"7,740";"BR-277/PR";"Decrescente";"Colisão lateral no mesmo sentido";0;0;2;0;0;0;0;0;0;0;2;0;0;0;0
"25/02/2025";"13:30:03";"240";"Com vítima";"23,364";"BR-277/PR";"Crescente";"Choque";1;0;0;0;0;0;0;0;0;0;0;2;0;0;0
"26/02/2025";"08:35:56";"148";"Com vítima";"79,421";"BR-277/PR";"Crescente";"Colisão traseira";1;0;0;1;0;0;0;0;0;0;1;0;1;0;0
"26/02/2025";"16:30:03";"254";"Sem vítima";"69,920";"BR-277/PR";"Crescente";"Colisão traseira";0;0;2;0;0;0;0;0;0;0;2;0;0;0;0
"26/02/2025";"16:44:33";"257";"Sem vítima";"304,400";"151/PR";"Decrescente";"Queda de moto";0;0;0;1;0;0;0;0;0;0;1;0;0;0;0
"26/02/2025";"20:03:16";"285";"Com vítima";"311,900";"151/PR";"Crescente";"Engavetamento";2;0;0;0;0;0;0;0;0;1;3;2;0;0;0
"26/02/2025";"23:41:53";"299";"Com vítima";"73,010";"BR-277/PR";"Crescente";"Colisão lateral no mesmo sentido";2;0;0;0;0;0;0;0;0;0;1;1;0;0;0
"27/02/2025";"06:34:16";"64";"Sem vítima";"10,700";"BR-277/PR";"Decrescente";"Colisão traseira";0;0;1;0;0;0;0;0;0;0;1;0;0;0;0
"27/02/2025";"06:51:56";"73";"Com vítima";"0,500";"BR-277/PR";"Decrescente";"Queda de moto";0;0;0;1;0;0;0;0;0;0;0;0;1;0;0
"27/02/2025";"12:05:17";"164";"Com vítima";"214,540";"151/PR";"Crescente";"Colisão lateral no mesmo sentido";1;0;0;1;0;0;0;0;0;0;1;0;1;0;0
"27/02/2025";"16:59:59";"219";"Sem vítima";"3,500";"BR-277/PR";"Crescente";"Colisão lateral no mesmo sentido";1;0;1;0;0;0;0;0;0;0;2;0;0;0;0