data;horario;n_da_ocorrencia;tipo_de_ocorrencia;km;trecho;sentido;tipo_de_acidente;automovel;bicicleta;caminhao;moto;onibus;outros;tracao_animal;transporte_de_cargas_especiais;trator_maquinas;utilitarios;ilesos;levemente_feridos;moderadamente_feridos;gravemente_feridos;mortos
"20/04/2025";"02:32:00";"33";"Sem vítima";"304,670";"092/PR";"Decrescente";"Acidentes de outra natureza";1;0;0;0;0;0;0;0;0;0;4;0;0;0;0
"20/04/2025";"03:39:33";"36";"Com vítima";"0,500";"BR-277/PR";"Decrescente";"Colisão traseira";0;1;0;1;0;0;0;0;0;0;0;2;0;0;0
"20/04/2025";"03:55:51";"38";"Com vítima";"3,168";"239/PR";"Crescente";"Capotamento";1;0;0;0;0;0;0;0;0;0;0;1;1;0;0
"20/04/2025";"04:15:11";"39";"Com vítima";"254,020";"092/PR";"Crescente";"Queda de moto";0;0;0;1;0;0;0;0;0;0;0;0;2;0;0
"20/04/2025";"05:05:30";"41";"Sem vítima";"310,150";"151/PR";"Decrescente";"Queda de moto";1;0;0;0;0;0;0;0;0;0;2;0;0;0;0
"20/04/2025";"05:15:35";"43";"Sem vítima";"291,010";"151/PR";"Decrescente";"Capotamento";0;0;0;0;0;0;0;0;0;1;3;0;0;0;0
"20/04/2025";"06:10:54";"46";"Com vítima";"67,693";"BR-277/PR";"Decrescente";"Choque";1;0;0;0;0;0;0;0;0;0;0;1;0;0;0
"20/04/2025";"07:18:25";"51";"Com vítima";"271,100";"092/PR";"Decrescente";"Acidentes de outra natureza";1;0;0;0;0;0;0;0;0;0;0;1;0;0;0
"20/04/2025";"09:59:55";"78";"Sem vítima";"233,050";"092/PR";"Crescente";"Capotamento";1;0;0;0;0;0;0;0;0;0;0;0;0;0;0
"20/04/2025";"14:08:42";"111";"Sem vítima";"40,454";"BR-277/PR";"Crescente";"Choque";1;0;0;0;0;0;0;0;0;0;3;0;0;0;0
"20/04/2025";"14:19:34";"114";"Com vítima";"279,300";"092/PR";"Crescente";"Queda de moto";0;0;0;1;0;0;0;0;0;0;0;2;0;0;0
"20/04/2025";"14:40:35";"116";"Com vítima";"40,229";"BR-277/PR";"Crescente";"Colisão frontal";1;0;0;0;0;0;0;0;0;1;6;1;0;0;0
"20/04/2025";"14:41:21";"117";"Sem vítima";"308,556";"151/PR";"Crescente";"Tombamento";0;0;1;0;0;0;0;0;0;0;0;0;0;0;0
"20/04/2025";"17:14:11";"144";"Com vítima";"87,150";"BR-369/PR";"Crescente";"Queda de moto";1;0;0;0;0;0;0;0;0;0;0;1;0;0;0
"20/04/2025";"17:27:07";"147";"Com vítima";"19,100";"BR-153/PR";"Decrescente";"Tombamento";0;0;0;1;0;0;0;0;0;0;0;1;0;0;0
"21/04/2025";"00:16:04";"5";"Com vítima";"286,180";"151/PR";"Crescente";"Colisão frontal";2;0;0;0;0;0;0;0;0;0;0;3;2;0;0
"21/04/2025";"03:27:50";"37";"Sem vítima";"297,010";"151/PR";"Crescente";"Queda de moto";1;0;0;0;0;0;0;0;0;0;4;0;0;0;0
"21/04/2025";"03:44:31";"39";"Sem vítima";"19,580";"BR-277/PR";"Decrescente";"Queda de moto";1;0;0;0;0;0;0;0;0;0;2;0;0;0;0
"21/04/2025";"05:16:23";"42";"Sem vítima";"1,650";"BR-153/PR";"Decrescente";"Choque";1;0;0;0;0;0;0;0;0;0;1;0;0;0;0
"21/04/2025";"06:01:33";"43";"Sem vítima";"37,990";"BR-277/PR";"Crescente";"Acidentes de outra natureza";1;0;0;0;0;0;0;0;0;0;3;0;0;0;0
"21/04/2025";"14:33:17";"187";"Com vítima";"6,700";"855/PR";"Decrescente";"Colisão lateral em sentido contrário";3;0;0;0;0;0;0;0;0;0;11;1;0;0;0
"21/04/2025";"14:37:43";"188";"Com vítima";"179,277";"151/PR";"Crescente";"Queda de moto";0;0;0;1;0;0;0;0;0;0;0;0;0;1;0
"21/04/2025";"21:55:47";"289";"Com vítima";"39,840";"BR-277/PR";"Decrescente";"Atropelamento de pedestre";2;0;0;0;0;0;0;0;0;0;6;0;0;0;1
"21/04/2025";"22:10:48";"293";"Com vítima";"57,780";"BR-277/PR";"Crescente";"Colisão frontal";3;0;0;0;0;1;0;0;0;0;0;9;2;0;0
"22/04/2025";"05:33:18";"38";"Sem vítima";"0,010";"508/PR";"Decrescente";"Acidentes de outra natureza";1;0;0;0;0;0;0;0;0;0;4;0;0;0;0
"22/04/2025";"10:39:05";"140";"Com vítima";"27,800";"BR-153/PR";"Decrescente";"Choque";1;0;0;0;0;0;0;0;0;0;0;1;0;0;0
"22/04/2025";"12:24:18";"164";"Com vítima";"6,720";"BR-277/PR";"Crescente";"Colisão frontal";0;0;1;1;0;0;0;0;0;0;2;0;1;0;0
"22/04/2025";"18:20:59";"237";"Sem vítima";"79,800";"BR-277/PR";"Crescente";"Colisão frontal";1;0;0;1;0;0;0;0;0;0;2;0;0;0;0
"22/04/2025";"22:25:05";"271";"Sem vítima";"281,760";"151/PR";"Decrescente";"Colisão frontal";1;0;0;0;0;0;0;0;0;0;1;0;0;0;0
"23/04/2025";"00:42:10";"7";"Sem vítima";"4,759";"BR-277/PR";"Crescente";"Tombamento";0;0;1;0;0;0;0;0;0;0;1;0;0;0;0
"23/04/2025";"04:45:53";"50";"Sem vítima";"13,190";"BR-277/PR";"Crescente";"Choque";1;0;0;0;0;0;0;0;0;0;2;0;0;0;0
"23/04/2025";"07:39:35";"76";"Com vítima";"254,115";"092/PR";"Crescente";"Queda de moto";0;0;0;1;0;0;0;0;0;0;0;1;0;0;0
"23/04/2025";"11:48:30";"153";"Com vítima";"83,100";"BR-277/PR";"Decrescente";"Colisão frontal";0;0;0;2;0;0;0;0;0;0;1;1;0;0;0
"23/04/2025";"14:12:11";"177";"Sem vítima";"317,100";"151/PR";"Crescente";"Colisão lateral no mesmo sentido";0;0;1;0;0;0;0;0;0;0;1;0;0;0;0
"23/04/2025";"16:24:25";"198";"Sem vítima";"213,400";"092/PR";"Crescente";"Tombamento";0;0;1;0;0;0;0;0;0;0;1;0;0;0;0
"23/04/2025";"16:32:56";"200";"Sem vítima";"28,283";"BR-153/PR";"Decrescente";"Colisão frontal";0;0;2;0;0;0;0;0;0;0;2;0;0;0;0
"23/04/2025";"16:51:21";"202";"Com vítima";"1,650";"BR-153/PR";"Decrescente";"Queda de moto";0;0;0;1;0;0;0;0;0;0;0;1;0;0;0
"23/04/2025";"18:45:47";"213";"Com vítima";"0,500";"508/PR";"Crescente";"Colisão frontal";1;0;1;0;0;0;0;0;0;0;1;1;0;0;0
"23/04/2025";"19:15:58";"223";"Sem vítima";"25,030";"BR-277/PR";"Decrescente";"Choque";1;0;0;0;0;0;0;0;0;0;1;0;0;0;0
"24/04/2025";"14:00:08";"154";"Com vítima";"1,600";"BR-153/PR";"Decrescente";"Queda de moto";0;0;0;1;0;0;0;0;0;0;0;1;0;0;0
"24/04/2025";"14:31:01";"157";"Sem vítima";"38,100";"BR-277/PR";"Crescente";"Capotamento";0;0;0;0;0;0;0;0;0;1;3;0;0;0;0
"24/04/2025";"15:03:42";"159";"Sem vítima";"283,639";"151/PR";"Crescente";"Tombamento";0;0;1;0;0;0;0;0;0;0;1;0;0;0;0
"24/04/2025";"16:12:09";"170";"Com vítima";"309,656";"151/PR";"Crescente";"Choque";1;0;0;0;0;0;0;0;0;0;0;0;1;0;0
"24/04/2025";"16:12:20";"202";"Sem vítima";"309,660";"151/PR";"Crescente";"Queda de moto";1;0;0;0;0;0;0;0;0;0;1;0;0;0;0
"24/04/2025";"16:53:06";"177";"Sem vítima";"250,100";"092/PR";"Crescente";"Capotamento";1;0;0;0;0;0;0;0;0;0;1;0;0;0;0
"24/04/2025";"18:14:55";"183";"Sem vítima";"269,200";"151/PR";"Decrescente";"Colisão frontal";0;0;1;0;0;0;0;0;0;1;1;0;0;0;0
"24/04/2025";"19:34:24";"194";"Com vítima";"256,100";"092/PR";"Crescente";"Capotamento";0;0;0;0;0;0;0;0;0;1;0;0;1;0;0
"24/04/2025";"22:25:10";"208";"Sem vítima";"281,100";"151/PR";"Decrescente";"Capotamento";1;0;0;0;0;0;0;0;0;0;1;0;0;0;0
"24/04/2025";"23:13:38";"212";"Com vítima";"4,040";"BR-277/PR";"Crescente";"Colisão frontal";0;0;1;1;0;0;0;0;0;0;1;0;1;0;0
"24/04/2025";"23:59:22";"216";"Sem vítima";"3,900";"BR-277/PR";"Decrescente";"Colisão frontal";1;0;1;0;0;0;0;0;0;0;4;0;0;0;0
"25/04/2025";"06:43:18";"46";"Com vítima";"5,872";"BR-277/PR";"Decrescente";"Colisão frontal";1;0;1;0;0;0;0;0;0;0;1;0;1;0;0
"25/04/2025";"09:11:46";"108";"Com vítima";"63,570";"BR-369/PR";"Crescente";"Colisão frontal";2;0;1;0;0;0;0;0;0;0;0;4;0;0;0
"25/04/2025";"13:24:53";"166";"Sem vítima";"15,543";"BR-277/PR";"Crescente";"Colisão lateral em sentido contrário";0;0;2;0;0;0;0;0;0;0;2;0;0;0;0
"25/04/2025";"15:14:05";"185";"Com vítima";"285,439";"151/PR";"Decrescente";"Colisão frontal";0;0;2;0;0;0;0;0;0;0;2;1;0;0;0
"25/04/2025";"18:05:01";"221";"Sem vítima";"216,120";"151/PR";"Crescente";"Colisão frontal";1;0;1;0;0;0;0;0;0;0;2;0;0;0;0
"25/04/2025";"19:20:07";"237";"Com vítima";"45,200";"BR-153/PR";"Decrescente";"Colisão traseira";0;0;0;2;0;0;0;0;0;0;0;1;1;0;0
"25/04/2025";"22:59:33";"272";"Sem vítima";"36,540";"BR-277/PR";"Decrescente";"Choque";1;0;0;0;0;0;0;0;0;1;2;0;0;0;0
"26/04/2025";"01:49:38";"40";"Com vítima";"16,320";"508/PR";"Crescente";"Choque";1;0;0;0;0;0;0;0;0;0;0;2;0;0;0
"26/04/2025";"05:18:19";"54";"Sem vítima";"0,200";"407/PR";"Decrescente";"Acidentes de outra natureza";1;0;0;0;0;0;0;0;0;0;1;0;0;0;0
"26/04/2025";"07:35:39";"75";"Sem vítima";"284,068";"151/PR";"Crescente";"Choque";1;0;0;0;0;0;0;0;0;0;2;0;0;0;0
"26/04/2025";"11:03:19";"128";"Com vítima";"74,959";"BR-277/PR";"Crescente";"Atropelamento de animal";0;0;0;1;0;0;0;0;0;0;0;0;1;0;0
"26/04/2025";"19:01:38";"214";"Sem vítima";"0,100";"855/PR";"Decrescente";"Capotamento";1;0;0;0;0;0;0;0;0;0;0;0;0;0;0
"26/04/2025";"19:08:54";"216";"Sem vítima";"294,601";"151/PR";"Decrescente";"Colisão traseira";2;0;0;0;0;0;0;0;0;0;2;0;0;0;0
"26/04/2025";"19:42:43";"223";"Sem vítima";"82,010";"BR-369/PR";"Decrescente";"Atropelamento de animal";1;0;0;0;0;0;0;0;0;0;1;0;0;0;0
"26/04/2025";"20:18:03";"228";"Com vítima";"18,200";"BR-153/PR";"Decrescente";"Atropelamento de pedestre";1;0;0;0;0;0;0;0;0;0;0;1;0;0;0
"26/04/2025";"20:20:26";"229";"Sem vítima";"317,852";"151/PR";"Decrescente";"Capotamento";2;0;0;0;0;0;0;0;0;0;3;0;0;0;0
"27/04/2025";"03:46:58";"52";"Com vítima";"72,970";"BR-277/PR";"Decrescente";"Colisão traseira";0;0;0;1;0;1;0;0;0;0;0;0;1;0;0
"27/04/2025";"08:42:51";"102";"Sem vítima";"248,910";"092/PR";"Crescente";"Colisão frontal";1;0;1;0;0;0;0;0;0;0;3;0;0;0;0
"27/04/2025";"11:07:25";"141";"Sem vítima";"49,522";"BR-277/PR";"Crescente";"Queda de moto";0;0;0;1;0;0;0;0;0;0;1;0;0;0;0
"27/04/2025";"11:14:38";"142";"Sem vítima";"214,311";"151/PR";"Crescente";"Acidentes de outra natureza";1;0;0;0;0;0;0;0;0;0;1;0;0;0;0
"27/04/2025";"19:30:43";"236";"Sem vítima";"205,239";"092/PR";"Crescente";"Acidentes de outra natureza";1;0;0;0;0;0;0;0;0;0;1;0;0;0;0
"27/04/2025";"21:21:26";"255";"Sem vítima";"262,809";"151/PR";"Crescente";"Tombamento";0;0;1;0;0;0;0;0;0;0;1;0;0;0;0
"28/04/2025";"02:11:31";"31";"Sem vítima";"308,015";"151/PR";"Crescente";"Acidentes de outra natureza";1;0;0;0;0;0;0;0;0;0;3;0;0;0;0
"28/04/2025";"11:10:03";"134";"Sem vítima";"12,500";"BR-153/PR";"Decrescente";"Choque";1;0;0;0;0;0;0;0;0;0;2;0;0;0;0
"28/04/2025";"13:26:32";"152";"Sem vítima";"82,514";"BR-277/PR";"Crescente";"Colisão frontal";1;0;0;1;0;0;0;0;0;0;2;0;0;0;0
"28/04/2025";"18:11:52";"181";"Com vítima";"16,010";"407/PR";"Crescente";"Engavetamento";0;1;0;1;0;0;0;0;0;0;1;0;0;0;0
"29/04/2025";"06:59:13";"46";"Sem vítima";"75,129";"BR-277/PR";"Crescente";"Atropelamento de animal";1;0;0;0;0;0;0;0;0;0;1;0;0;0;0
"29/04/2025";"10:48:07";"111";"Sem vítima";"208,900";"092/PR";"Crescente";"Acidentes de outra natureza";1;0;0;0;0;0;0;0;0;0;2;0;0;0;0
"29/04/2025";"18:48:17";"185";"Sem vítima";"72,970";"BR-277/PR";"Decrescente";"Queda de moto";1;0;0;0;0;0;0;0;0;0;1;0;0;0;0
"29/04/2025";"19:19:46";"190";"Sem vítima";"210,532";"092/PR";"Decrescente";"Capotamento";1;0;0;0;0;0;0;0;0;0;1;0;0;0;0
"29/04/2025";"20:46:34";"197";"Com vítima";"15,750";"408/PR";"Decrescente";"Colisão frontal";1;0;1;0;0;0;0;0;0;0;0;3;0;0;0
"30/04/2025";"00:20:33";"5";"Sem vítima";"69,530";"BR-277/PR";"Crescente";"Queda de moto";1;0;0;0;0;0;0;0;0;0;0;0;0;0;0
"30/04/2025";"01:17:40";"21";"Com vítima";"78,501";"BR-277/PR";"Crescente";"Choque";2;0;0;0;0;0;0;0;0;0;1;0;0;0;1
"30/04/2025";"07:51:28";"94";"Com vítima";"74,780";"BR-277/PR";"Decrescente";"Colisão transversal";1;0;0;1;0;0;0;0;0;0;1;1;0;0;0
"30/04/2025";"10:04:26";"137";"Com vítima";"49,050";"BR-277/PR";"Crescente";"Colisão frontal";1;0;1;0;0;0;0;0;0;0;0;3;0;0;0
"30/04/2025";"11:59:52";"165";"Sem vítima";"10,700";"407/PR";"Crescente";"Colisão frontal";2;0;0;0;0;0;0;0;0;0;3;0;0;0;0
"30/04/2025";"13:00:29";"181";"Sem vítima";"15,500";"508/PR";"Decrescente";"Colisão frontal";2;0;0;0;0;0;0;0;0;0;2;0;0;0;0
"30/04/2025";"14:58:39";"198";"Sem vítima";"78,010";"BR-277/PR";"Decrescente";"Atropelamento de animal";1;0;0;0;0;0;0;0;0;0;1;0;0;0;0
"30/04/2025";"15:11:17";"202";"Sem vítima";"21,227";"408/PR";"Decrescente";"Choque";1;0;0;0;0;0;0;0;0;0;5;0;0;0;0
"30/04/2025";"17:05:21";"229";"Sem vítima";"64,010";"BR-277/PR";"Decrescente";"Choque";1;0;0;0;0;0;0;0;0;0;1;0;0;0;0
"01/05/2025";"16:12:52";"158";"Sem vítima";"78,102";"BR-277/PR";"Crescente";"Colisão traseira";1;1;0;0;0;0;0;0;0;0;2;0;0;0;0
"01/05/2025";"20:01:15";"191";"Com vítima";"68,590";"BR-277/PR";"Crescente";"Capotamento";0;0;0;0;0;0;0;0;0;1;1;0;1;0;0
"01/05/2025";"20:51:30";"199";"Sem vítima";"63,200";"BR-369/PR";"Decrescente";"Colisão frontal";1;0;1;0;0;0;0;0;0;0;2;0;0;0;0
"01/05/2025";"20:59:05";"200";"Sem vítima";"2,100";"BR-277/PR";"Decrescente";"Choque";1;0;0;0;0;0;0;0;0;0;1;0;0;0;0
"02/05/2025";"00:44:06";"10";"Sem vítima";"25,150";"BR-369/PR";"Crescente";"Choque";1;0;0;0;0;0;0;0;0;0;1;0;0;0;0
"02/05/2025";"02:06:03";"21";"Com vítima";"82,610";"BR-277/PR";"Decrescente";"Choque";1;0;0;1;0;0;0;0;0;0;1;0;0;0;1
"02/05/2025";"07:40:53";"51";"Sem vítima";"312,651";"151/PR";"Crescente";"Colisão frontal";0;0;0;0;0;0;0;0;0;2;5;0;0;0;0
"02/05/2025";"07:54:45";"58";"Com vítima";"3,010";"BR-277/PR";"Decrescente";"Colisão frontal";1;0;0;1;0;0;0;0;0;0;1;0;1;0;0
"02/05/2025";"08:27:48";"73";"Sem vítima";"255,100";"092/PR";"Crescente";"Acidentes de outra natureza";1;0;0;0;0;0;0;0;0;0;1;0;0;0;0
"02/05/2025";"19:23:20";"177";"Sem vítima";"72,200";"BR-277/PR";"Crescente";"Colisão frontal";2;0;0;1;0;0;0;0;0;0;3;0;0;0;0
"03/05/2025";"05:01:33";"20";"Com vítima";"243,120";"092/PR";"Crescente";"Atropelamento de pedestre";1;0;0;0;0;0;0;0;0;0;1;0;0;0;1
"03/05/2025";"11:26:10";"83";"Com vítima";"3,692";"508/PR";"Decrescente";"Colisão lateral em sentido contrário";2;0;0;0;0;1;0;0;0;0;2;0;3;0;0
"03/05/2025";"20:11:14";"157";"Sem vítima";"308,010";"151/PR";"Decrescente";"Colisão frontal";1;0;1;0;0;0;0;0;0;0;2;0;0;0;0
"03/05/2025";"21:42:09";"168";"Com vítima";"38,009";"BR-153/PR";"Crescente";"Acidentes de outra natureza";0;0;0;1;0;0;0;0;0;0;0;0;0;2;0
"04/05/2025";"03:54:30";"21";"Sem vítima";"318,880";"151/PR";"Crescente";"Choque";1;0;0;0;0;0;0;0;0;0;2;0;0;0;0
"04/05/2025";"07:21:02";"32";"Sem vítima";"301,200";"151/PR";"Crescente";"Colisão traseira";1;0;1;0;0;0;0;0;0;0;3;0;0;0;0
"04/05/2025";"15:01:47";"108";"Com vítima";"202,950";"092/PR";"Decrescente";"Colisão frontal";0;0;3;0;0;0;0;0;0;0;2;1;0;0;0
"04/05/2025";"18:30:25";"147";"Sem vítima";"3,200";"407/PR";"Crescente";"Engavetamento";1;1;0;0;0;0;0;0;0;0;3;0;0;0;0
"04/05/2025";"19:13:27";"157";"Com vítima";"222,010";"092/PR";"Decrescente";"Engavetamento";0;0;0;1;0;0;0;0;0;1;2;1;0;0;0
"04/05/2025";"20:25:27";"165";"Com vítima";"3,850";"BR-277/PR";"Crescente";"Colisão frontal";0;0;1;1;0;0;0;0;0;0;1;1;0;0;0
"04/05/2025";"21:32:08";"174";"Com vítima";"318,500";"151/PR";"Crescente";"Colisão frontal";1;0;0;1;0;0;0;0;0;0;1;1;0;0;0
"05/05/2025";"07:04:07";"36";"Com vítima";"75,959";"BR-277/PR";"Crescente";"Colisão frontal";2;0;0;1;0;0;0;0;0;0;0;3;1;0;0
"05/05/2025";"07:45:00";"48";"Sem vítima";"200,369";"092/PR";"Decrescente";"Colisão lateral em sentido contrário";2;0;0;0;0;0;0;0;0;0;2;0;0;0;0
"05/05/2025";"07:48:21";"50";"Com vítima";"18,200";"407/PR";"Crescente";"Colisão transversal";1;0;0;1;0;0;0;0;0;0;1;1;0;0;0
"05/05/2025";"08:09:36";"60";"Sem vítima";"75,150";"BR-277/PR";"Decrescente";"Queda de moto";1;0;0;1;0;0;0;0;0;0;1;0;0;0;0
"05/05/2025";"10:32:41";"96";"Com vítima";"213,485";"092/PR";"Crescente";"Tombamento";0;0;1;0;0;0;0;0;0;0;0;0;1;0;0
"05/05/2025";"15:56:54";"347";"Com vítima";"308,411";"151/PR";"Crescente";"Queda de moto";0;0;0;1;0;0;0;0;0;0;0;1;0;0;0
"05/05/2025";"17:20:29";"364";"Com vítima";"20,150";"408/PR";"Crescente";"Acidentes de outra natureza";0;0;0;1;0;0;0;0;0;0;0;1;1;0;0
"05/05/2025";"19:36:19";"382";"Sem vítima";"259,600";"092/PR";"Crescente";"Colisão frontal";1;0;1;0;0;0;0;0;0;0;3;0;0;0;0
"06/05/2025";"01:04:16";"13";"Sem vítima";"26,519";"BR-277/PR";"Crescente";"Atropelamento de animal";0;0;1;0;0;0;0;0;0;0;1;0;0;0;0
"06/05/2025";"11:28:23";"115";"Com vítima";"78,102";"BR-277/PR";"Decrescente";"Colisão frontal";1;0;0;1;0;0;0;0;0;0;0;4;0;0;0
"06/05/2025";"14:47:04";"151";"Sem vítima";"1,461";"BR-277/PR";"Crescente";"Colisão frontal";0;0;2;0;0;0;0;0;0;0;2;0;0;0;0
"06/05/2025";"21:15:46";"214";"Sem vítima";"40,870";"BR-277/PR";"Crescente";"Choque";0;0;2;0;0;0;0;0;0;0;2;0;0;0;0
"06/05/2025";"22:58:02";"225";"Sem vítima";"1,687";"407/PR";"Decrescente";"Queda de moto";0;0;0;1;0;0;0;0;0;0;1;0;0;0;0
"07/05/2025";"00:21:11";"5";"Com vítima";"32,291";"BR-153/PR";"Decrescente";"Colisão frontal";0;0;2;0;0;0;0;0;0;0;1;0;0;0;1
"07/05/2025";"04:31:48";"31";"Sem vítima";"13,465";"BR-277/PR";"Crescente";"Tombamento";0;0;1;0;0;0;0;0;0;0;1;0;0;0;0
"07/05/2025";"05:29:37";"34";"Com vítima";"1,347";"BR-369/PR";"Crescente";"Tombamento";0;0;1;0;0;0;0;0;0;0;0;1;0;0;0
"07/05/2025";"07:13:44";"45";"Com vítima";"3,100";"BR-277/PR";"Crescente";"Queda de moto";0;0;0;1;0;0;0;0;0;0;0;1;0;0;0
"07/05/2025";"08:08:15";"60";"Com vítima";"11,106";"BR-369/PR";"Decrescente";"Choque";1;0;0;0;0;0;0;0;0;0;0;2;0;0;0
"07/05/2025";"11:24:26";"118";"Sem vítima";"217,100";"151/PR";"Crescente";"Capotamento";1;0;1;0;0;0;0;0;0;0;4;0;0;0;0
"07/05/2025";"12:41:01";"127";"Com vítima";"31,774";"BR-277/PR";"Crescente";"Tombamento";0;0;1;0;0;0;0;0;0;0;0;1;0;0;0
"07/05/2025";"17:55:27";"161";"Com vítima";"15,500";"BR-277/PR";"Crescente";"Colisão frontal";0;0;1;1;0;0;0;0;0;0;1;1;0;0;0
"07/05/2025";"18:58:28";"170";"Sem vítima";"35,190";"BR-153/PR";"Crescente";"Colisão frontal";0;0;2;0;0;0;0;0;0;0;3;0;0;0;0
"07/05/2025";"20:02:02";"182";"Sem vítima";"34,800";"BR-153/PR";"Crescente";"Colisão frontal";2;0;1;0;0;0;0;0;0;1;4;0;0;0;0
"08/05/2025";"05:42:05";"20";"Sem vítima";"69,108";"BR-277/PR";"Crescente";"Acidentes de outra natureza";1;0;0;0;0;0;0;0;0;0;1;0;0;0;0
"08/05/2025";"06:01:37";"21";"Sem vítima";"31,100";"BR-277/PR";"Decrescente";"Capotamento";1;0;0;0;0;0;0;0;0;0;2;0;0;0;0
"08/05/2025";"22:19:17";"176";"Com vítima";"36,800";"BR-277/PR";"Decrescente";"Tombamento";0;0;1;0;0;0;0;0;0;0;0;1;0;0;0
"09/05/2025";"07:20:30";"49";"Sem vítima";"203,500";"092/PR";"Decrescente";"Choque";1;0;0;0;0;0;0;0;0;0;1;0;0;0;0
"09/05/2025";"07:34:27";"53";"Sem vítima";"75,150";"BR-277/PR";"Crescente";"Colisão frontal";1;0;0;1;0;0;0;0;0;0;2;0;0;0;0
"09/05/2025";"09:17:27";"93";"Com vítima";"211,290";"092/PR";"Crescente";"Colisão frontal";1;0;1;0;0;0;0;0;0;1;1;1;1;0;0
"09/05/2025";"12:06:31";"133";"Com vítima";"31,100";"BR-277/PR";"Decrescente";"Colisão frontal";0;0;2;0;0;0;0;0;0;0;0;2;0;0;0
"09/05/2025";"12:12:59";"138";"Com vítima";"44,010";"BR-277/PR";"Crescente";"Queda de moto";0;0;0;1;0;0;0;0;0;0;0;1;0;0;0
"09/05/2025";"16:54:13";"200";"Sem vítima";"76,055";"BR-277/PR";"Crescente";"Colisão frontal";2;0;0;0;0;0;0;0;0;0;2;0;0;0;0
"09/05/2025";"17:07:32";"204";"Sem vítima";"74,300";"BR-277/PR";"Crescente";"Colisão lateral no mesmo sentido";2;0;0;0;0;0;0;0;0;0;2;0;0;0;0
"09/05/2025";"18:25:04";"215";"Com vítima";"6,595";"408/PR";"Crescente";"Colisão frontal";2;0;0;0;0;0;0;0;0;0;0;1;3;0;0
"09/05/2025";"20:15:07";"229";"Sem vítima";"309,675";"151/PR";"Crescente";"Capotamento";1;0;0;0;0;0;0;0;0;0;4;0;0;0;0
"09/05/2025";"23:41:54";"259";"Sem vítima";"221,800";"092/PR";"Decrescente";"Atropelamento de animal";1;0;0;0;0;0;0;0;0;0;1;0;0;0;0
"10/05/2025";"01:08:53";"12";"Sem vítima";"12,390";"BR-277/PR";"Decrescente";"Acidentes de outra natureza";0;0;1;0;0;0;0;0;0;0;1;0;0;0;0
"10/05/2025";"02:11:09";"17";"Com vítima";"76,209";"BR-277/PR";"Decrescente";"Engavetamento";1;0;0;1;0;0;0;0;0;0;1;0;0;1;0
"10/05/2025";"07:33:27";"45";"Com vítima";"312,202";"092/PR";"Crescente";"Tombamento";0;0;1;0;0;0;0;0;0;0;0;2;0;0;0
"10/05/2025";"07:56:36";"50";"Sem vítima";"275,256";"092/PR";"Crescente";"Choque";1;0;0;0;0;0;0;0;0;0;2;0;0;0;0
"10/05/2025";"08:37:33";"58";"Com vítima";"265,010";"151/PR";"Crescente";"Choque";1;0;0;0;0;0;0;0;0;0;0;1;0;0;0
"10/05/2025";"10:59:38";"97";"Sem vítima";"60,250";"BR-277/PR";"Crescente";"Colisão frontal";1;0;1;0;0;0;0;0;0;0;2;0;0;0;0
"10/05/2025";"12:07:31";"114";"Com vítima";"182,345";"151/PR";"Crescente";"Tombamento";0;0;1;0;0;0;0;0;0;0;0;1;0;0;0
"10/05/2025";"12:33:01";"116";"Com vítima";"260,200";"092/PR";"Crescente";"Colisão frontal";2;0;0;0;0;0;0;0;0;0;0;3;0;0;0
"10/05/2025";"15:57:34";"140";"Sem vítima";"36,720";"BR-277/PR";"Crescente";"Choque";1;0;0;0;0;0;0;0;0;0;2;0;0;0;0
"10/05/2025";"16:14:16";"144";"Sem vítima";"6,815";"BR-277/PR";"Crescente";"Choque";1;0;0;0;0;0;0;0;0;0;1;0;0;0;0
"10/05/2025";"18:35:32";"166";"Sem vítima";"36,387";"BR-277/PR";"Crescente";"Choque";1;0;0;0;0;0;0;0;0;0;2;0;0;0;0
"10/05/2025";"20:02:41";"178";"Com vítima";"252,130";"151/PR";"Decrescente";"Colisão lateral no mesmo sentido";2;0;0;0;0;0;0;0;0;0;0;3;1;0;0
"10/05/2025";"22:34:01";"195";"Sem vítima";"218,120";"092/PR";"Crescente";"Choque";1;0;0;0;0;0;0;0;0;0;3;0;0;0;0
"10/05/2025";"22:56:44";"197";"Com vítima";"83,503";"BR-277/PR";"Decrescente";"Atropelamento de pedestre";1;0;0;0;0;0;0;0;0;0;1;0;0;0;1
"11/05/2025";"04:37:28";"26";"Com vítima";"36,259";"BR-153/PR";"Crescente";"Queda de moto";0;0;0;1;0;0;0;0;0;0;0;2;0;0;0
"11/05/2025";"06:28:46";"30";"Com vítima";"240,765";"151/PR";"Decrescente";"Colisão frontal";1;0;1;0;0;0;0;0;0;0;1;0;0;0;2
"11/05/2025";"10:58:04";"89";"Com vítima";"40,500";"BR-277/PR";"Crescente";"Queda de moto";0;0;0;1;0;0;0;0;0;0;0;0;1;0;0
"11/05/2025";"15:56:19";"141";"Sem vítima";"8,200";"BR-277/PR";"Decrescente";"Acidentes de outra natureza";1;0;0;0;0;0;0;0;0;0;6;0;0;0;0