data;horario;n_da_ocorrencia;tipo_de_ocorrencia;km;trecho;sentido;tipo_de_acidente;automovel;bicicleta;caminhao;moto;onibus;outros;tracao_animal;transporte_de_cargas_especiais;trator_maquinas;utilitarios;ilesos;levemente_feridos;moderadamente_feridos;gravemente_feridos;mortos
"11/05/2025";"16:03:15";"142";"Sem vítima";"80,500";"BR-277/PR";"Decrescente";"Colisão frontal";1;0;1;0;0;0;0;0;0;0;2;0;0;0;0
"11/05/2025";"18:23:57";"170";"Com vítima";"79,100";"BR-277/PR";"Decrescente";"Capotamento";1;0;0;0;0;0;0;0;0;0;2;0;1;0;0
"11/05/2025";"18:35:41";"172";"Sem vítima";"232,401";"151/PR";"Decrescente";"Colisão frontal";0;0;2;0;0;0;0;0;0;0;2;0;0;0;0
"11/05/2025";"20:24:09";"189";"Com vítima";"1,500";"407/PR";"Decrescente";"Colisão transversal";0;1;0;0;1;0;0;0;0;0;1;0;0;0;0
"12/05/2025";"00:16:15";"1";"Com vítima";"5,200";"BR-277/PR";"Decrescente";"Queda de moto";0;0;0;1;0;0;0;0;0;0;0;1;0;0;0
"12/05/2025";"11:43:38";"103";"Com vítima";"40,000";"BR-369/PR";"Crescente";"Colisão frontal";0;0;1;1;0;0;0;0;0;0;1;1;0;0;0
"12/05/2025";"23:56:25";"192";"Com vítima";"81,500";"BR-277/PR";"Crescente";"Colisão traseira";1;0;0;0;1;0;0;0;0;0;1;1;1;0;0
"13/05/2025";"08:26:24";"75";"Com vítima";"83,500";"BR-277/PR";"Crescente";"Colisão frontal";1;0;0;1;0;0;0;0;0;0;1;1;0;0;0
"13/05/2025";"10:09:00";"103";"Com vítima";"5,500";"BR-277/PR";"Crescente";"Colisão frontal";1;0;2;0;0;0;0;0;0;0;0;3;0;0;0
"13/05/2025";"12:58:39";"129";"Com vítima";"4,750";"BR-277/PR";"Crescente";"Tombamento";0;0;1;0;0;0;0;0;0;0;0;1;0;0;0
"13/05/2025";"20:12:14";"170";"Sem vítima";"0,800";"BR-277/PR";"Crescente";"Colisão frontal";2;0;0;0;0;0;0;0;0;0;2;0;0;0;0
"13/05/2025";"22:25:03";"177";"Sem vítima";"78,010";"BR-277/PR";"Decrescente";"Colisão frontal";2;0;0;0;0;0;0;0;0;0;2;0;0;0;0
"14/05/2025";"07:51:14";"51";"Com vítima";"78,620";"BR-277/PR";"Crescente";"Colisão frontal";1;0;0;1;0;0;0;0;0;0;0;3;0;0;0
"14/05/2025";"07:52:55";"52";"Com vítima";"40,390";"BR-277/PR";"Crescente";"Choque";1;0;0;0;0;0;0;0;0;0;0;1;0;0;0
"14/05/2025";"08:36:56";"80";"Com vítima";"280,200";"092/PR";"Crescente";"Colisão frontal";1;0;0;1;0;0;0;0;0;0;2;0;0;1;0
"14/05/2025";"08:39:30";"81";"Com vítima";"80,569";"BR-277/PR";"Crescente";"Colisão transversal";1;0;0;1;0;0;0;0;0;0;0;2;0;0;0
"14/05/2025";"09:50:04";"99";"Com vítima";"1,450";"BR-153/PR";"Crescente";"Queda de moto";1;0;0;0;0;0;0;0;0;0;0;1;0;0;0
"14/05/2025";"15:54:14";"167";"Com vítima";"71,244";"BR-369/PR";"Crescente";"Capotamento";0;0;0;0;0;0;0;0;0;1;0;1;0;0;0
"14/05/2025";"16:02:51";"168";"Sem vítima";"10,010";"BR-277/PR";"Crescente";"Choque";1;0;0;0;0;0;0;0;0;0;1;0;0;0;0
"14/05/2025";"18:56:06";"180";"Com vítima";"5,100";"BR-277/PR";"Decrescente";"Atropelamento de pedestre";0;0;0;1;0;0;0;0;0;0;0;1;0;1;0
"14/05/2025";"20:34:18";"188";"Com vítima";"294,010";"151/PR";"Decrescente";"Colisão frontal";3;0;0;0;0;0;0;0;0;0;4;0;1;0;0
"14/05/2025";"22:04:30";"196";"Sem vítima";"283,850";"151/PR";"Crescente";"Colisão transversal";0;0;2;0;0;0;0;0;0;0;2;0;0;0;0
"15/05/2025";"07:58:12";"66";"Com vítima";"30,570";"BR-277/PR";"Decrescente";"Colisão frontal";0;0;3;0;0;0;0;0;0;0;2;1;0;0;0
"15/05/2025";"08:11:48";"71";"Sem vítima";"3,150";"BR-277/PR";"Decrescente";"Colisão frontal";2;0;0;0;0;0;0;0;0;0;2;0;0;0;0
"15/05/2025";"08:12:56";"70";"Com vítima";"78,100";"BR-277/PR";"Crescente";"Colisão frontal";1;0;0;1;0;0;0;0;0;0;1;0;1;0;0
"15/05/2025";"12:59:56";"142";"Com vítima";"215,451";"092/PR";"Decrescente";"Tombamento";0;0;1;0;0;0;0;0;0;0;0;1;0;0;0
"15/05/2025";"17:34:35";"184";"Sem vítima";"6,600";"508/PR";"Decrescente";"Atropelamento de animal";1;0;0;0;0;0;0;0;0;0;3;0;0;0;0
"15/05/2025";"18:20:33";"190";"Com vítima";"5,100";"508/PR";"Crescente";"Colisão frontal";1;0;0;1;0;0;0;0;0;0;4;0;1;0;0
"15/05/2025";"18:26:45";"192";"Com vítima";"74,500";"BR-277/PR";"Decrescente";"Colisão frontal";0;0;0;1;0;0;0;0;0;0;0;0;1;0;0
"15/05/2025";"19:38:19";"200";"Sem vítima";"60,250";"BR-277/PR";"Crescente";"Colisão frontal";0;0;2;0;0;0;0;0;0;0;2;0;0;0;0
"15/05/2025";"20:58:00";"211";"Com vítima";"2,500";"BR-277/PR";"Decrescente";"Colisão frontal";1;0;0;1;0;0;0;0;0;0;0;1;1;0;0
"15/05/2025";"21:56:26";"218";"Com vítima";"252,800";"092/PR";"Crescente";"Choque";1;0;0;0;0;0;0;0;0;0;0;1;0;0;0
"15/05/2025";"22:39:48";"227";"Sem vítima";"244,297";"092/PR";"Crescente";"Acidentes de outra natureza";1;0;0;0;0;0;0;0;0;0;1;0;0;0;0
"16/05/2025";"04:47:57";"23";"Com vítima";"11,540";"508/PR";"Decrescente";"Colisão frontal";0;0;0;1;0;0;0;0;0;0;0;1;0;0;0
"16/05/2025";"09:00:42";"91";"Sem vítima";"184,820";"151/PR";"Decrescente";"Choque";2;0;0;0;0;0;0;0;0;0;2;0;0;0;0
"16/05/2025";"19:00:09";"177";"Com vítima";"43,120";"BR-153/PR";"Crescente";"Colisão frontal";1;0;0;1;0;0;0;0;0;0;2;0;1;0;0
"16/05/2025";"19:01:38";"178";"Sem vítima";"20,800";"508/PR";"Decrescente";"Atropelamento de animal";1;0;0;0;0;0;0;0;0;0;1;0;0;0;0
"16/05/2025";"22:35:27";"208";"Com vítima";"5,172";"239/PR";"Decrescente";"Tombamento";0;0;1;0;0;0;0;0;0;0;0;0;1;0;0
"17/05/2025";"04:57:32";"33";"Sem vítima";"0,350";"BR-277/PR";"Crescente";"Engavetamento";1;0;1;0;0;0;0;0;0;0;3;0;0;0;0
"17/05/2025";"14:17:59";"125";"Com vítima";"200,010";"092/PR";"Crescente";"Colisão frontal";2;0;0;0;0;0;0;0;0;0;0;3;0;0;0
"17/05/2025";"15:15:49";"132";"Com vítima";"8,100";"BR-277/PR";"Crescente";"Queda de moto";0;0;0;1;0;0;0;0;0;0;0;1;0;0;0
"17/05/2025";"18:40:00";"159";"Sem vítima";"80,400";"BR-277/PR";"Crescente";"Colisão frontal";2;0;0;0;0;0;0;0;0;0;2;0;0;0;0
"17/05/2025";"18:57:20";"161";"Sem vítima";"9,100";"BR-277/PR";"Decrescente";"Queda de moto";1;0;0;0;0;0;0;0;0;0;2;0;0;0;0
"17/05/2025";"20:37:11";"172";"Sem vítima";"234,001";"092/PR";"Decrescente";"Queda de moto";1;0;0;0;0;0;0;0;0;0;2;0;0;0;0
"17/05/2025";"23:30:58";"188";"Com vítima";"18,100";"508/PR";"Decrescente";"Queda de moto";0;0;0;1;0;0;0;0;0;0;0;0;2;0;0
"18/05/2025";"14:15:56";"90";"Sem vítima";"198,720";"151/PR";"Decrescente";"Acidentes de outra natureza";0;0;1;0;0;0;0;0;0;0;1;0;0;0;0
"18/05/2025";"14:49:36";"94";"Com vítima";"25,830";"BR-369/PR";"Decrescente";"Capotamento";1;0;0;0;0;0;0;0;0;0;0;3;0;0;0
"18/05/2025";"15:12:28";"98";"Sem vítima";"0,010";"508/PR";"Crescente";"Queda de moto";0;0;0;1;0;0;0;0;0;0;2;0;0;0;0
"18/05/2025";"18:33:50";"137";"Sem vítima";"295,198";"151/PR";"Crescente";"Colisão frontal";0;0;1;0;0;0;0;0;0;1;1;0;0;0;0
"19/05/2025";"02:17:28";"15";"Com vítima";"5,210";"BR-277/PR";"Crescente";"Queda de moto";0;0;0;1;0;0;0;0;0;0;0;0;1;0;0
"19/05/2025";"06:43:51";"30";"Com vítima";"309,620";"151/PR";"Crescente";"Capotamento";0;0;0;0;0;0;0;0;0;1;2;4;0;0;0
"19/05/2025";"07:05:04";"37";"Com vítima";"309,580";"151/PR";"Crescente";"Capotamento";0;0;0;0;0;0;0;0;0;1;0;4;0;0;0
"19/05/2025";"08:12:31";"69";"Com vítima";"83,150";"BR-277/PR";"Crescente";"Colisão frontal";1;0;0;1;0;0;0;0;0;0;2;1;0;0;0
"19/05/2025";"08:32:53";"77";"Com vítima";"40,376";"BR-277/PR";"Crescente";"Colisão frontal";1;0;1;0;0;0;0;0;0;0;1;1;0;0;0
"19/05/2025";"08:34:50";"79";"Sem vítima";"310,600";"151/PR";"Crescente";"Choque";1;0;0;0;0;0;0;0;0;0;1;0;0;0;0
"19/05/2025";"12:05:17";"132";"Sem vítima";"36,550";"BR-277/PR";"Crescente";"Choque";0;0;0;0;0;0;0;0;0;1;2;0;0;0;0
"19/05/2025";"13:03:21";"138";"Com vítima";"70,640";"BR-277/PR";"Crescente";"Acidentes de outra natureza";1;0;0;0;0;0;0;0;0;0;0;1;0;0;0
"19/05/2025";"18:15:47";"189";"Sem vítima";"36,800";"BR-277/PR";"Decrescente";"Acidentes de outra natureza";1;0;0;0;0;0;0;0;0;0;2;0;0;0;0
"20/05/2025";"04:10:06";"22";"Sem vítima";"39,780";"BR-277/PR";"Decrescente";"Tombamento";0;0;2;0;0;0;0;0;0;0;2;0;0;0;0
"20/05/2025";"04:13:08";"23";"Com vítima";"233,300";"092/PR";"Decrescente";"Tombamento";0;0;1;0;0;0;0;0;0;0;0;1;0;0;0
"20/05/2025";"07:04:09";"30";"Com vítima";"16,488";"407/PR";"Decrescente";"Engavetamento";0;1;0;0;0;0;0;0;0;1;1;0;0;0;0
"20/05/2025";"08:01:25";"47";"Com vítima";"37,000";"BR-369/PR";"Decrescente";"Colisão traseira";0;0;1;1;0;0;0;0;0;0;0;1;1;0;0
"20/05/2025";"08:38:34";"58";"Sem vítima";"20,166";"408/PR";"Crescente";"Capotamento";1;0;0;0;0;0;0;0;0;0;0;0;0;0;0
"20/05/2025";"15:06:19";"125";"Com vítima";"217,710";"092/PR";"Decrescente";"Colisão frontal";0;0;1;1;0;0;0;0;0;0;1;0;0;1;0
"20/05/2025";"16:11:49";"135";"Sem vítima";"68,269";"BR-277/PR";"Crescente";"Tombamento";0;0;1;0;0;0;0;0;0;0;1;0;0;0;0
"20/05/2025";"19:08:30";"168";"Sem vítima";"74,800";"BR-277/PR";"Decrescente";"Colisão traseira";2;0;0;0;0;0;0;0;0;0;2;0;0;0;0
"20/05/2025";"19:21:55";"170";"Com vítima";"39,479";"BR-277/PR";"Decrescente";"Colisão frontal";0;0;2;0;0;0;0;0;0;0;1;1;0;0;0
"20/05/2025";"21:07:26";"179";"Com vítima";"76,709";"BR-277/PR";"Crescente";"Atropelamento de pedestre";1;0;0;0;0;0;0;0;0;0;1;0;0;0;1
"21/05/2025";"13:32:02";"129";"Sem vítima";"40,100";"BR-277/PR";"Crescente";"Choque";1;0;0;0;0;0;0;0;0;0;2;0;0;0;0
"21/05/2025";"15:08:13";"144";"Sem vítima";"231,150";"151/PR";"Decrescente";"Colisão transversal";0;0;3;0;0;0;0;0;0;0;3;0;0;0;0
"21/05/2025";"18:17:13";"171";"Com vítima";"74,500";"BR-277/PR";"Decrescente";"Colisão frontal";1;0;0;1;0;0;0;0;0;0;1;0;1;0;0
"21/05/2025";"18:24:06";"172";"Sem vítima";"43,840";"BR-277/PR";"Crescente";"Tombamento";0;0;1;0;0;0;0;0;0;0;1;0;0;0;0
"21/05/2025";"19:12:50";"179";"Sem vítima";"17,010";"BR-153/PR";"Decrescente";"Colisão frontal";1;0;0;0;0;0;0;0;0;1;4;0;0;0;0
"21/05/2025";"20:09:32";"187";"Sem vítima";"60,250";"BR-277/PR";"Crescente";"Colisão lateral em sentido contrário";1;0;1;0;0;0;0;0;0;0;4;0;0;0;0
"22/05/2025";"03:51:29";"16";"Sem vítima";"33,340";"BR-277/PR";"Decrescente";"Engavetamento";0;0;2;0;0;0;0;0;0;0;2;0;0;0;0
"22/05/2025";"05:32:24";"28";"Sem vítima";"3,680";"408/PR";"Decrescente";"Tombamento";0;0;1;0;0;0;0;0;0;0;1;0;0;0;0
"22/05/2025";"14:18:05";"152";"Com vítima";"283,010";"151/PR";"Crescente";"Capotamento";1;0;0;0;0;0;0;0;0;0;0;0;2;0;0
"22/05/2025";"18:08:15";"179";"Sem vítima";"74,310";"BR-277/PR";"Crescente";"Colisão frontal";4;0;0;0;0;0;0;0;0;0;5;0;0;0;0
"22/05/2025";"18:24:57";"185";"Com vítima";"5,009";"BR-153/PR";"Crescente";"Choque";0;0;0;1;0;0;0;0;0;0;0;1;0;0;0
"22/05/2025";"19:19:14";"192";"Com vítima";"277,150";"151/PR";"Decrescente";"Queda de moto";1;0;0;0;0;0;0;0;0;0;0;1;0;0;0
"23/05/2025";"02:08:11";"15";"Com vítima";"3,151";"407/PR";"Crescente";"Engavetamento";0;1;0;1;0;0;0;0;0;0;0;0;0;0;1
"23/05/2025";"08:09:47";"72";"Com vítima";"83,220";"BR-277/PR";"Crescente";"Colisão frontal";1;0;0;1;0;0;0;0;0;0;1;1;0;0;0
"23/05/2025";"10:51:29";"109";"Sem vítima";"21,900";"BR-369/PR";"Crescente";"Capotamento";1;0;0;0;0;0;0;0;0;0;2;0;0;0;0
"23/05/2025";"12:59:02";"132";"Sem vítima";"31,300";"BR-277/PR";"Decrescente";"Tombamento";0;0;1;0;0;0;0;0;0;0;1;0;0;0;0
"23/05/2025";"15:09:24";"152";"Com vítima";"3,090";"508/PR";"Crescente";"Capotamento";1;0;0;0;0;0;0;0;0;0;0;1;0;0;0
"23/05/2025";"17:04:28";"174";"Sem vítima";"82,780";"BR-277/PR";"Decrescente";"Colisão frontal";1;0;0;0;0;0;0;0;0;0;2;0;0;0;0
"23/05/2025";"19:25:27";"197";"Sem vítima";"67,900";"BR-277/PR";"Crescente";"Atropelamento de pedestre";1;0;0;0;0;0;0;0;0;0;2;0;0;0;0
"24/05/2025";"02:27:37";"17";"Sem vítima";"290,320";"151/PR";"Decrescente";"Choque";1;0;0;0;0;0;0;0;0;0;1;0;0;0;0
"24/05/2025";"05:32:30";"30";"Com vítima";"38,100";"BR-277/PR";"Crescente";"Queda de moto";1;0;0;0;0;0;0;0;0;0;4;1;0;0;0
"24/05/2025";"06:09:23";"32";"Com vítima";"286,860";"151/PR";"Crescente";"Queda de moto";0;0;0;1;0;0;0;0;0;0;0;0;1;0;0
"24/05/2025";"08:19:27";"56";"Sem vítima";"26,612";"BR-277/PR";"Decrescente";"Acidentes de outra natureza";1;0;0;0;0;0;0;0;0;0;1;0;0;0;0
"24/05/2025";"10:57:47";"89";"Sem vítima";"34,276";"BR-277/PR";"Decrescente";"Colisão frontal";1;0;0;0;0;0;0;0;0;0;3;0;0;0;0
"24/05/2025";"12:13:09";"107";"Com vítima";"0,593";"508/PR";"Crescente";"Colisão frontal";1;0;0;1;0;0;0;0;0;0;0;0;2;0;0
"24/05/2025";"12:45:32";"111";"Sem vítima";"1,630";"BR-277/PR";"Decrescente";"Colisão frontal";1;0;0;1;0;0;0;0;0;0;2;0;0;0;0
"24/05/2025";"12:55:57";"113";"Sem vítima";"33,360";"BR-277/PR";"Decrescente";"Acidentes de outra natureza";1;0;0;0;0;0;0;0;0;0;2;0;0;0;0
"24/05/2025";"13:07:20";"116";"Sem vítima";"24,100";"BR-277/PR";"Crescente";"Choque";1;0;0;0;0;0;0;0;0;0;3;0;0;0;0
"24/05/2025";"14:31:50";"132";"Com vítima";"7,210";"408/PR";"Crescente";"Capotamento";1;0;0;0;0;0;0;0;0;0;0;1;1;0;0
"24/05/2025";"15:46:16";"147";"Com vítima";"5,172";"239/PR";"Crescente";"Choque";0;0;0;1;0;0;0;0;0;0;0;1;0;0;0
"24/05/2025";"19:45:02";"178";"Sem vítima";"36,800";"BR-277/PR";"Crescente";"Choque";1;0;0;0;0;0;0;0;0;0;3;0;0;0;0
"24/05/2025";"20:51:08";"188";"Com vítima";"310,880";"151/PR";"Decrescente";"Atropelamento de pedestre";1;0;0;0;0;0;0;0;0;0;1;0;1;0;0
"25/05/2025";"00:57:51";"9";"Sem vítima";"302,780";"151/PR";"Crescente";"Acidentes de outra natureza";1;0;0;0;0;0;0;0;0;0;3;0;0;0;0
"25/05/2025";"01:21:01";"11";"Com vítima";"234,880";"092/PR";"Crescente";"Acidentes de outra natureza";1;0;0;0;0;0;0;0;0;0;0;1;0;0;0
"25/05/2025";"04:51:43";"22";"Sem vítima";"2,700";"BR-277/PR";"Decrescente";"Colisão frontal";1;0;1;0;0;0;0;0;0;0;3;0;0;0;0
"25/05/2025";"05:01:52";"23";"Sem vítima";"12,500";"407/PR";"Crescente";"Engavetamento";2;0;0;0;0;0;0;0;0;0;5;0;0;0;0
"25/05/2025";"16:53:58";"143";"Sem vítima";"42,200";"BR-277/PR";"Decrescente";"Queda de moto";0;0;0;1;0;0;0;0;0;0;1;0;0;0;0
"26/05/2025";"06:58:30";"34";"Com vítima";"83,200";"BR-277/PR";"Crescente";"Colisão frontal";1;0;0;1;0;0;0;0;0;0;1;1;0;0;0
"26/05/2025";"09:29:40";"81";"Com vítima";"4,009";"BR-277/PR";"Decrescente";"Queda de moto";0;0;0;1;0;0;0;0;0;0;0;1;0;0;0
"26/05/2025";"14:11:13";"136";"Com vítima";"47,150";"BR-369/PR";"Decrescente";"Choque";0;0;1;0;0;0;0;0;0;0;0;0;1;1;0
"26/05/2025";"16:06:09";"151";"Sem vítima";"74,010";"BR-277/PR";"Crescente";"Colisão frontal";1;1;0;0;0;0;0;0;0;0;1;0;0;0;0
"27/05/2025";"09:06:20";"72";"Sem vítima";"83,500";"BR-277/PR";"Crescente";"Colisão frontal";1;0;0;1;0;0;0;0;0;0;2;0;0;0;0
"27/05/2025";"10:18:25";"89";"Sem vítima";"75,256";"BR-277/PR";"Decrescente";"Colisão frontal";1;0;1;0;0;0;0;0;0;0;2;0;0;0;0
"27/05/2025";"16:19:00";"141";"Sem vítima";"27,010";"BR-277/PR";"Decrescente";"Choque";1;0;0;0;0;0;0;0;0;0;2;0;0;0;0
"27/05/2025";"22:46:24";"164";"Sem vítima";"46,695";"BR-153/PR";"Crescente";"Colisão frontal";1;0;0;0;0;0;0;0;0;0;1;0;0;0;0
"28/05/2025";"04:54:53";"14";"Sem vítima";"19,658";"BR-277/PR";"Decrescente";"Tombamento";0;0;1;0;0;0;0;0;0;0;1;0;0;0;0
"28/05/2025";"07:15:40";"44";"Sem vítima";"82,950";"BR-277/PR";"Crescente";"Colisão frontal";1;0;0;1;0;0;0;0;0;0;3;0;0;0;0
"28/05/2025";"11:30:23";"98";"Sem vítima";"182,260";"151/PR";"Crescente";"Choque";1;0;0;0;0;0;0;0;0;0;1;0;0;0;0
"29/05/2025";"00:05:58";"1";"Com vítima";"0,665";"BR-277/PR";"Decrescente";"Colisão frontal";0;1;0;1;0;0;0;0;0;0;0;1;0;0;0
"29/05/2025";"06:42:18";"44";"Com vítima";"38,620";"BR-277/PR";"Crescente";"Choque";0;0;1;0;0;0;0;0;0;0;0;1;0;0;0
"29/05/2025";"09:08:58";"110";"Sem vítima";"83,300";"BR-277/PR";"Crescente";"Colisão frontal";2;0;0;0;0;0;0;0;0;0;3;0;0;0;0
"29/05/2025";"10:40:48";"133";"Sem vítima";"69,202";"BR-277/PR";"Crescente";"Colisão frontal";0;0;2;0;0;0;0;0;0;0;2;0;0;0;0
"29/05/2025";"11:02:40";"139";"Com vítima";"49,680";"BR-369/PR";"Crescente";"Queda de moto";0;0;0;1;0;0;0;0;0;0;0;1;0;0;0
"29/05/2025";"17:20:58";"221";"Com vítima";"213,150";"151/PR";"Crescente";"Colisão frontal";2;0;0;0;0;0;0;0;0;0;2;1;0;0;0
"29/05/2025";"17:27:30";"222";"Sem vítima";"70,720";"BR-277/PR";"Crescente";"Colisão frontal";2;0;0;0;0;0;0;0;0;0;2;0;0;0;0
"29/05/2025";"22:35:13";"264";"Sem vítima";"311,500";"151/PR";"Crescente";"Acidentes de outra natureza";1;0;0;0;0;0;0;0;0;0;1;0;0;0;0
"30/05/2025";"06:32:17";"40";"Com vítima";"294,400";"092/PR";"Decrescente";"Colisão frontal";1;0;1;0;0;0;0;0;0;0;1;2;0;0;0
"30/05/2025";"06:39:00";"43";"Sem vítima";"3,907";"BR-153/PR";"Decrescente";"Choque";1;0;0;0;0;0;0;0;0;0;0;0;0;0;0
"30/05/2025";"06:58:19";"57";"Sem vítima";"215,010";"151/PR";"Decrescente";"Colisão frontal";1;0;1;0;0;0;0;0;0;0;2;0;0;0;0
"30/05/2025";"10:05:11";"101";"Sem vítima";"256,000";"092/PR";"Crescente";"Choque";1;0;0;0;0;0;0;0;0;0;0;0;0;0;0
"30/05/2025";"15:06:00";"146";"Sem vítima";"28,010";"BR-277/PR";"Crescente";"Acidentes de outra natureza";1;0;0;0;0;0;0;0;0;0;1;0;0;0;0
"30/05/2025";"16:01:26";"154";"Com vítima";"83,080";"BR-277/PR";"Decrescente";"Colisão frontal";2;0;0;1;0;0;0;0;0;0;2;0;2;0;0
"30/05/2025";"16:58:19";"159";"Com vítima";"14,100";"BR-369/PR";"Decrescente";"Queda de moto";0;0;0;1;0;0;0;0;0;0;0;1;0;0;0
"30/05/2025";"17:31:33";"165";"Com vítima";"294,000";"151/PR";"Crescente";"Queda de moto";0;0;0;1;0;0;0;0;0;0;0;1;0;0;0
"31/05/2025";"02:06:46";"31";"Sem vítima";"213,310";"092/PR";"Decrescente";"Queda de moto";1;0;0;0;0;0;0;0;0;0;1;0;0;0;0
"31/05/2025";"08:08:42";"69";"Sem vítima";"289,800";"151/PR";"Decrescente";"Choque";1;0;0;0;0;0;0;0;0;0;4;0;0;0;0
"31/05/2025";"10:58:32";"106";"Com vítima";"239,698";"092/PR";"Decrescente";"Colisão frontal";1;0;1;0;0;0;0;0;0;0;1;1;0;0;0
"31/05/2025";"18:38:36";"170";"Com vítima";"45,380";"BR-277/PR";"Crescente";"Queda de moto";0;0;0;1;0;0;0;0;0;0;0;0;2;0;0
"31/05/2025";"20:00:58";"179";"Com vítima";"6,580";"BR-277/PR";"Decrescente";"Colisão frontal";0;1;0;2;0;0;0;0;0;0;0;2;1;0;0
"31/05/2025";"22:51:38";"191";"Sem vítima";"65,900";"BR-277/PR";"Decrescente";"Engavetamento";1;0;0;1;0;0;0;0;0;1;3;0;0;0;0
"31/05/2025";"23:39:46";"197";"Com vítima";"25,060";"BR-153/PR";"Crescente";"Choque";1;0;0;0;0;0;0;0;0;0;0;1;0;1;0
"01/06/2025";"02:19:36";"19";"Com vítima";"240,540";"092/PR";"Crescente";"Colisão frontal";1;0;1;0;0;0;0;0;0;0;1;1;0;0;0
"01/06/2025";"09:39:15";"51";"Sem vítima";"36,800";"BR-277/PR";"Decrescente";"Acidentes de outra natureza";0;0;1;0;0;0;0;0;0;0;2;0;0;0;0
"01/06/2025";"14:49:21";"88";"Com vítima";"7,000";"508/PR";"Decrescente";"Colisão frontal";2;0;0;0;0;0;0;0;0;0;0;3;0;0;0
"02/06/2025";"07:50:00";"56";"Com vítima";"0,484";"BR-277/PR";"Decrescente";"Colisão frontal";1;0;0;1;0;0;0;0;0;0;1;1;0;0;0
"02/06/2025";"08:39:45";"85";"Com vítima";"78,850";"BR-277/PR";"Decrescente";"Colisão frontal";1;0;0;0;1;0;0;0;0;0;0;2;0;0;0
"02/06/2025";"10:08:05";"109";"Sem vítima";"31,504";"BR-277/PR";"Crescente";"Choque";1;0;0;0;0;0;0;0;0;0;3;0;0;0;0
"02/06/2025";"13:47:43";"157";"Sem vítima";"72,100";"BR-277/PR";"Decrescente";"Choque";1;0;0;0;0;0;0;0;0;0;2;0;0;0;0
"02/06/2025";"14:39:12";"166";"Sem vítima";"6,990";"BR-277/PR";"Decrescente";"Colisão frontal";1;0;1;0;0;0;0;0;0;0;2;0;0;0;0
"02/06/2025";"17:14:47";"187";"Com vítima";"280,706";"092/PR";"Crescente";"Colisão frontal";2;0;0;0;0;0;0;0;0;0;1;2;0;0;0
"03/06/2025";"07:25:12";"46";"Com vítima";"8,050";"407/PR";"Crescente";"Queda de moto";0;0;0;1;0;0;0;0;0;0;0;1;0;0;0
"03/06/2025";"09:35:15";"73";"Com vítima";"280,423";"092/PR";"Decrescente";"Colisão frontal";2;0;0;0;0;0;0;0;0;0;0;2;0;0;0
"03/06/2025";"09:47:49";"77";"Sem vítima";"12,300";"BR-277/PR";"Crescente";"Tombamento";0;0;0;0;1;0;0;0;0;0;1;0;0;0;0
"03/06/2025";"11:35:13";"101";"Sem vítima";"68,937";"BR-277/PR";"Crescente";"Colisão frontal";0;0;2;0;0;0;0;0;0;0;2;0;0;0;0
"03/06/2025";"13:03:25";"111";"Com vítima";"14,470";"BR-277/PR";"Decrescente";"Choque";1;0;0;0;0;0;0;0;0;0;3;1;0;0;0
"03/06/2025";"13:27:01";"118";"Com vítima";"21,400";"BR-369/PR";"Decrescente";"Capotamento";0;0;0;0;0;0;0;0;0;1;0;1;0;0;0
"03/06/2025";"13:57:31";"124";"Sem vítima";"1,400";"BR-369/PR";"Crescente";"Colisão frontal";1;0;0;0;0;0;0;0;0;2;3;0;0;0;0
"03/06/2025";"14:39:21";"132";"Sem vítima";"5,620";"BR-277/PR";"Decrescente";"Colisão frontal";0;0;2;0;0;0;0;0;0;0;2;0;0;0;0
"03/06/2025";"19:48:18";"179";"Sem vítima";"3,810";"BR-277/PR";"Decrescente";"Acidentes de outra natureza";1;0;0;0;0;0;0;0;0;0;1;0;0;0;0
"04/06/2025";"08:25:54";"61";"Com vítima";"214,820";"151/PR";"Decrescente";"Colisão frontal";1;0;0;1;0;0;0;0;0;0;1;1;0;0;0
"04/06/2025";"08:39:14";"69";"Sem vítima";"304,420";"151/PR";"Crescente";"Colisão frontal";1;0;0;1;0;0;0;0;0;0;2;0;0;0;0
"04/06/2025";"15:55:36";"141";"Sem vítima";"24,100";"BR-153/PR";"Decrescente";"Colisão frontal";1;0;0;0;0;0;0;0;0;1;2;0;0;0;0
"04/06/2025";"17:52:06";"158";"Sem vítima";"307,600";"092/PR";"Crescente";"Colisão frontal";2;0;0;0;0;0;0;0;0;0;3;0;0;0;0
"04/06/2025";"21:48:17";"192";"Sem vítima";"276,130";"092/PR";"Crescente";"Queda de moto";1;0;0;0;0;0;0;0;0;0;0;0;0;0;0
"04/06/2025";"22:21:34";"195";"Sem vítima";"36,800";"BR-277/PR";"Decrescente";"Acidentes de outra natureza";0;0;1;0;0;0;0;0;0;0;1;0;0;0;0
"05/06/2025";"08:20:55";"60";"Sem vítima";"71,010";"BR-277/PR";"Decrescente";"Choque";1;0;0;0;0;0;0;0;0;0;1;0;0;0;0
"05/06/2025";"08:23:11";"62";"Sem vítima";"70,102";"BR-277/PR";"Crescente";"Acidentes de outra natureza";1;0;0;0;0;0;0;0;0;0;1;0;0;0;0
"05/06/2025";"16:06:31";"136";"Com vítima";"27,264";"BR-277/PR";"Crescente";"Capotamento";1;0;0;0;0;0;0;0;0;0;0;0;1;0;0