data;horario;n_da_ocorrencia;tipo_de_ocorrencia;km;trecho;sentido;tipo_de_acidente;automovel;bicicleta;caminhao;moto;onibus;outros;tracao_animal;transporte_de_cargas_especiais;trator_maquinas;utilitarios;ilesos;levemente_feridos;moderadamente_feridos;gravemente_feridos;mortos
"05/06/2025";"16:43:58";"142";"Sem vítima";"38,009";"BR-277/PR";"Crescente";"Capotamento";1;0;0;0;0;0;0;0;0;0;1;0;0;0;0
"05/06/2025";"17:19:44";"149";"Sem vítima";"297,100";"151/PR";"Decrescente";"Capotamento";1;0;0;0;0;0;0;0;0;0;1;0;0;0;0
"05/06/2025";"18:27:09";"152";"Com vítima";"10,010";"BR-369/PR";"Crescente";"Queda de moto";0;0;0;1;0;0;0;0;0;0;0;1;0;0;0
"05/06/2025";"18:34:43";"153";"Sem vítima";"260,550";"151/PR";"Decrescente";"Queda de moto";1;0;0;0;0;0;0;0;0;0;1;0;0;0;0
"05/06/2025";"20:32:19";"168";"Sem vítima";"63,500";"BR-277/PR";"Decrescente";"Colisão frontal";1;0;0;0;0;0;0;0;0;1;2;0;0;0;0
"05/06/2025";"20:57:13";"173";"Sem vítima";"73,800";"BR-369/PR";"Decrescente";"Queda de moto";1;0;0;0;0;0;0;0;0;0;1;0;0;0;0
"06/06/2025";"06:29:55";"37";"Com vítima";"4,210";"BR-277/PR";"Crescente";"Colisão frontal";0;0;1;1;0;0;0;0;0;0;1;1;0;0;0
"06/06/2025";"07:55:54";"60";"Sem vítima";"276,100";"092/PR";"Decrescente";"Choque";0;0;1;0;0;0;0;0;0;0;1;0;0;0;0
"06/06/2025";"08:05:27";"64";"Sem vítima";"31,482";"BR-277/PR";"Crescente";"Choque";1;0;0;0;0;0;0;0;0;0;2;0;0;0;0
"06/06/2025";"13:16:13";"152";"Sem vítima";"39,900";"BR-277/PR";"Crescente";"Acidentes de outra natureza";1;0;0;0;0;0;0;0;0;0;1;0;0;0;0
"06/06/2025";"14:39:46";"180";"Sem vítima";"82,452";"BR-277/PR";"Crescente";"Colisão frontal";0;0;0;2;0;0;0;0;0;0;2;0;0;0;0
"06/06/2025";"16:19:29";"191";"Sem vítima";"1,470";"BR-277/PR";"Decrescente";"Colisão frontal";1;0;1;0;0;0;0;0;0;0;2;0;0;0;0
"06/06/2025";"16:43:35";"197";"Com vítima";"0,100";"BR-153/PR";"Crescente";"Tombamento";0;0;1;0;0;0;0;0;0;0;0;1;0;0;0
"06/06/2025";"17:05:28";"201";"Com vítima";"312,480";"151/PR";"Crescente";"Colisão frontal";1;1;0;0;0;0;0;0;0;0;2;0;0;0;0
"06/06/2025";"22:05:08";"235";"Sem vítima";"60,250";"BR-277/PR";"Crescente";"Colisão frontal";2;0;0;0;0;0;0;0;0;0;5;0;0;0;0
"07/06/2025";"01:54:19";"14";"Com vítima";"290,692";"151/PR";"Decrescente";"Colisão frontal";1;0;1;0;0;0;0;0;0;0;0;1;0;1;0
"07/06/2025";"02:45:22";"18";"Sem vítima";"11,900";"408/PR";"Decrescente";"Choque";1;0;0;0;0;0;0;0;0;0;0;0;0;0;0
"07/06/2025";"03:46:07";"23";"Sem vítima";"82,100";"BR-277/PR";"Crescente";"Colisão frontal";2;0;0;0;0;0;0;0;0;0;2;0;0;0;0
"07/06/2025";"04:55:39";"27";"Com vítima";"216,330";"151/PR";"Decrescente";"Capotamento";1;0;0;0;0;0;0;0;0;0;0;0;1;0;0
"07/06/2025";"05:45:12";"28";"Sem vítima";"12,700";"BR-277/PR";"Decrescente";"Acidentes de outra natureza";1;0;0;0;0;0;0;0;0;0;4;0;0;0;0
"07/06/2025";"08:28:03";"60";"Com vítima";"196,216";"151/PR";"Decrescente";"Colisão frontal";0;0;0;1;0;0;0;0;0;1;1;1;0;0;0
"07/06/2025";"11:01:40";"100";"Com vítima";"6,300";"BR-277/PR";"Decrescente";"Queda de moto";0;0;0;1;0;0;0;0;0;0;0;2;0;0;0
"07/06/2025";"11:34:16";"108";"Com vítima";"24,050";"BR-153/PR";"Crescente";"Colisão frontal";1;0;1;0;0;0;0;0;0;0;1;3;0;0;0
"07/06/2025";"12:20:25";"117";"Sem vítima";"55,655";"BR-277/PR";"Crescente";"Colisão frontal";1;0;1;0;0;0;0;0;0;0;2;0;0;0;0
"07/06/2025";"12:42:07";"123";"Sem vítima";"2,622";"BR-277/PR";"Crescente";"Colisão frontal";2;0;1;0;0;0;0;0;0;0;3;0;0;0;0
"07/06/2025";"13:40:34";"130";"Sem vítima";"3,519";"407/PR";"Crescente";"Choque";1;0;0;0;0;0;0;0;0;0;2;0;0;0;0
"07/06/2025";"16:43:36";"159";"Sem vítima";"33,850";"BR-277/PR";"Decrescente";"Colisão frontal";0;0;0;0;0;0;0;0;0;1;1;0;0;0;0
"07/06/2025";"18:45:32";"181";"Sem vítima";"70,200";"BR-277/PR";"Decrescente";"Acidentes de outra natureza";3;0;0;0;0;0;0;0;0;0;3;0;0;0;0
"07/06/2025";"20:27:50";"197";"Com vítima";"3,445";"BR-277/PR";"Decrescente";"Colisão frontal";1;0;2;0;0;0;0;0;0;0;2;0;4;0;0
"07/06/2025";"23:52:13";"219";"Sem vítima";"203,510";"092/PR";"Decrescente";"Colisão frontal";2;0;0;0;0;0;0;0;0;0;3;0;0;0;0
"08/06/2025";"02:36:22";"18";"Com vítima";"293,100";"092/PR";"Crescente";"Colisão frontal";3;0;0;0;0;0;0;0;0;0;1;2;0;0;0
"08/06/2025";"02:44:31";"19";"Sem vítima";"29,100";"BR-153/PR";"Crescente";"Capotamento";1;0;0;0;0;0;0;0;0;0;1;0;0;0;0
"08/06/2025";"02:57:14";"21";"Sem vítima";"204,754";"092/PR";"Decrescente";"Acidentes de outra natureza";1;0;0;0;0;0;0;0;0;0;2;0;0;0;0
"08/06/2025";"03:47:42";"25";"Sem vítima";"72,200";"BR-277/PR";"Decrescente";"Acidentes de outra natureza";1;0;0;0;0;0;0;0;0;0;2;0;0;0;0
"08/06/2025";"04:41:05";"28";"Com vítima";"46,200";"BR-277/PR";"Decrescente";"Choque";1;0;0;0;0;0;0;0;0;0;0;1;0;0;0
"08/06/2025";"04:52:43";"31";"Sem vítima";"316,200";"151/PR";"Decrescente";"Acidentes de outra natureza";1;0;0;0;0;0;0;0;0;0;2;0;0;0;0
"08/06/2025";"04:53:08";"32";"Sem vítima";"5,200";"408/PR";"Decrescente";"Acidentes de outra natureza";1;0;0;0;0;0;0;0;0;0;2;0;0;0;0
"08/06/2025";"05:18:32";"33";"Com vítima";"18,500";"BR-369/PR";"Crescente";"Acidentes de outra natureza";1;0;0;0;0;0;0;0;0;0;0;3;0;0;0
"08/06/2025";"09:18:29";"69";"Com vítima";"319,150";"151/PR";"Crescente";"Choque";1;0;0;0;0;0;0;0;0;0;0;1;0;0;0
"08/06/2025";"10:02:01";"82";"Com vítima";"83,730";"BR-277/PR";"Decrescente";"Capotamento";1;0;0;0;0;0;0;0;0;0;2;1;0;0;0
"08/06/2025";"14:34:34";"128";"Sem vítima";"262,331";"151/PR";"Decrescente";"Choque";1;0;0;0;0;0;0;0;0;0;1;0;0;0;0
"08/06/2025";"17:31:00";"168";"Sem vítima";"15,700";"407/PR";"Crescente";"Acidentes de outra natureza";1;0;0;0;0;0;0;0;0;0;4;0;0;0;0
"08/06/2025";"18:16:27";"178";"Sem vítima";"257,100";"151/PR";"Crescente";"Acidentes de outra natureza";1;0;0;0;0;0;0;0;0;0;2;0;0;0;0
"08/06/2025";"19:01:29";"186";"Com vítima";"65,600";"BR-277/PR";"Crescente";"Queda de moto";0;0;0;1;0;0;0;0;0;0;0;1;0;0;0
"08/06/2025";"20:22:11";"200";"Com vítima";"250,770";"092/PR";"Crescente";"Colisão frontal";0;0;1;1;0;0;0;0;0;0;1;1;0;0;0
"08/06/2025";"20:28:46";"202";"Com vítima";"255,910";"151/PR";"Decrescente";"Choque";1;0;1;0;0;0;0;0;0;0;2;1;0;0;0
"08/06/2025";"20:51:07";"204";"Com vítima";"72,100";"BR-277/PR";"Decrescente";"Colisão frontal";2;0;0;0;0;0;0;0;0;0;3;2;0;0;0
"08/06/2025";"22:26:39";"209";"Com vítima";"246,940";"092/PR";"Decrescente";"Acidentes de outra natureza";1;0;0;0;0;0;0;0;0;0;3;1;0;0;0
"08/06/2025";"23:22:23";"214";"Sem vítima";"201,200";"151/PR";"Decrescente";"Choque";0;0;1;0;0;0;0;0;0;0;1;0;0;0;0
"09/06/2025";"07:40:59";"50";"Com vítima";"85,236";"BR-369/PR";"Crescente";"Capotamento";1;0;0;0;0;0;0;0;0;0;0;1;0;0;0
"09/06/2025";"07:56:22";"58";"Com vítima";"65,800";"BR-277/PR";"Decrescente";"Colisão frontal";1;0;0;1;0;0;0;0;0;0;1;1;0;0;0
"09/06/2025";"10:32:30";"96";"Sem vítima";"311,800";"151/PR";"Decrescente";"Acidentes de outra natureza";0;0;1;0;0;0;0;0;0;0;1;0;0;0;0
"09/06/2025";"11:31:03";"105";"Sem vítima";"1,500";"BR-277/PR";"Crescente";"Colisão frontal";0;0;1;1;0;0;0;0;0;0;2;0;0;0;0
"09/06/2025";"14:45:34";"126";"Sem vítima";"297,000";"151/PR";"Decrescente";"Choque";0;0;0;0;0;0;0;0;0;1;1;0;0;0;0
"09/06/2025";"14:57:02";"130";"Sem vítima";"40,190";"BR-277/PR";"Decrescente";"Choque";1;0;0;0;0;0;0;0;0;0;1;0;0;0;0
"09/06/2025";"15:18:40";"133";"Sem vítima";"27,010";"BR-277/PR";"Crescente";"Colisão frontal";0;0;1;0;0;0;0;0;0;1;2;0;0;0;0
"09/06/2025";"15:48:06";"139";"Sem vítima";"316,010";"151/PR";"Decrescente";"Capotamento";1;0;0;0;0;0;0;0;0;0;1;0;0;0;0
"09/06/2025";"18:59:16";"163";"Com vítima";"25,420";"BR-277/PR";"Crescente";"Queda de moto";1;0;0;0;0;0;0;0;0;0;0;1;1;0;0
"09/06/2025";"21:25:11";"177";"Sem vítima";"31,010";"BR-277/PR";"Decrescente";"Queda de moto";1;0;0;0;0;0;0;0;0;0;4;0;0;0;0
"09/06/2025";"21:39:11";"178";"Sem vítima";"215,740";"151/PR";"Crescente";"Colisão frontal";0;0;2;0;0;0;0;0;0;0;2;0;0;0;0
"09/06/2025";"23:11:23";"184";"Sem vítima";"207,493";"092/PR";"Decrescente";"Choque";0;0;1;0;0;0;0;0;0;0;1;0;0;0;0
"10/06/2025";"02:58:32";"19";"Sem vítima";"322,100";"092/PR";"Decrescente";"Acidentes de outra natureza";1;0;0;0;0;0;0;0;0;0;3;0;0;0;0
"10/06/2025";"09:24:01";"62";"Com vítima";"10,000";"508/PR";"Crescente";"Tombamento";0;0;1;0;0;0;0;0;0;0;0;1;0;0;0
"10/06/2025";"20:03:34";"176";"Sem vítima";"60,250";"BR-277/PR";"Crescente";"Colisão frontal";0;0;2;0;0;0;0;0;0;0;2;0;0;0;0
"10/06/2025";"21:07:27";"181";"Sem vítima";"54,010";"BR-277/PR";"Decrescente";"Colisão frontal";0;0;2;0;0;0;0;0;0;0;2;0;0;0;0
"11/06/2025";"06:59:31";"43";"Com vítima";"81,409";"BR-277/PR";"Crescente";"Queda de moto";0;0;0;1;0;0;0;0;0;0;0;1;0;0;0
"11/06/2025";"07:40:29";"63";"Com vítima";"216,130";"151/PR";"Decrescente";"Colisão frontal";0;0;2;0;0;0;0;0;0;0;1;1;0;0;0
"11/06/2025";"14:10:37";"150";"Sem vítima";"17,600";"BR-153/PR";"Crescente";"Colisão frontal";2;0;0;0;0;0;0;0;0;0;1;0;0;0;0
"11/06/2025";"18:24:06";"197";"Sem vítima";"78,978";"BR-277/PR";"Decrescente";"Colisão frontal";1;0;0;0;0;0;0;0;0;0;1;0;0;0;0
"11/06/2025";"20:04:28";"206";"Com vítima";"54,915";"BR-277/PR";"Decrescente";"Acidentes de outra natureza";0;0;1;0;0;0;0;0;0;0;0;0;1;0;0
"11/06/2025";"21:05:01";"212";"Sem vítima";"44,925";"BR-277/PR";"Crescente";"Colisão frontal";0;0;2;0;0;0;0;0;0;0;2;0;0;0;0
"12/06/2025";"05:28:08";"32";"Sem vítima";"315,120";"151/PR";"Decrescente";"Choque";1;0;0;0;0;0;0;0;0;0;1;0;0;0;0
"12/06/2025";"08:57:30";"91";"Com vítima";"1,422";"BR-153/PR";"Crescente";"Queda de moto";0;0;0;1;0;0;0;0;0;0;0;1;0;0;0
"12/06/2025";"14:55:21";"171";"Sem vítima";"184,900";"151/PR";"Decrescente";"Colisão frontal";1;0;0;0;0;0;0;0;0;0;1;0;0;0;0
"12/06/2025";"18:05:43";"203";"Com vítima";"8,260";"BR-277/PR";"Decrescente";"Colisão frontal";1;0;1;0;0;0;0;0;0;0;2;1;0;0;0
"12/06/2025";"18:35:43";"205";"Sem vítima";"62,110";"BR-277/PR";"Crescente";"Acidentes de outra natureza";1;0;0;0;0;0;0;0;0;0;1;0;0;0;0
"13/06/2025";"03:58:11";"27";"Sem vítima";"29,300";"BR-153/PR";"Crescente";"Choque";1;0;0;0;0;0;0;0;0;0;2;0;0;0;0
"13/06/2025";"04:46:41";"34";"Com vítima";"35,085";"BR-153/PR";"Crescente";"Choque";1;0;0;0;0;0;0;0;0;0;1;1;0;0;0
"13/06/2025";"07:49:10";"68";"Sem vítima";"83,015";"BR-277/PR";"Crescente";"Colisão frontal";1;0;0;1;0;0;0;0;0;0;2;0;0;0;0
"13/06/2025";"08:03:44";"72";"Com vítima";"3,500";"BR-277/PR";"Crescente";"Colisão frontal";0;0;1;1;0;0;0;0;0;0;1;1;0;0;0
"13/06/2025";"10:06:53";"98";"Sem vítima";"73,950";"BR-277/PR";"Decrescente";"Choque";1;0;0;0;0;0;0;0;0;0;0;0;0;0;0
"13/06/2025";"16:11:51";"151";"Sem vítima";"37,847";"BR-153/PR";"Decrescente";"Tombamento";0;0;1;0;0;0;0;0;0;0;1;0;0;0;0
"13/06/2025";"16:23:01";"153";"Sem vítima";"23,165";"BR-277/PR";"Decrescente";"Colisão frontal";0;0;2;0;0;0;0;0;0;0;2;0;0;0;0
"13/06/2025";"16:45:13";"156";"Sem vítima";"276,871";"092/PR";"Crescente";"Colisão frontal";0;0;0;0;0;0;0;0;0;2;5;0;0;0;0
"13/06/2025";"18:16:38";"166";"Sem vítima";"80,100";"BR-277/PR";"Decrescente";"Colisão frontal";0;0;1;1;0;0;0;0;0;0;2;0;0;0;0
"13/06/2025";"18:51:10";"176";"Com vítima";"75,300";"BR-277/PR";"Crescente";"Colisão frontal";1;0;0;1;0;0;0;0;0;1;2;1;0;0;0
"13/06/2025";"19:08:47";"180";"Com vítima";"254,500";"151/PR";"Crescente";"Colisão frontal";1;0;0;0;0;0;0;0;0;1;3;3;1;0;0
"13/06/2025";"21:49:16";"197";"Sem vítima";"306,100";"151/PR";"Decrescente";"Choque";1;0;0;0;0;0;0;0;0;0;1;0;0;0;0
"13/06/2025";"22:55:22";"204";"Sem vítima";"36,300";"BR-277/PR";"Decrescente";"Choque";0;0;1;0;0;0;0;0;0;0;1;0;0;0;0
"14/06/2025";"12:04:40";"87";"Sem vítima";"276,000";"151/PR";"Crescente";"Capotamento";1;0;0;0;0;0;0;0;0;0;1;0;0;0;0
"14/06/2025";"14:04:44";"98";"Sem vítima";"6,128";"508/PR";"Crescente";"Colisão frontal";1;0;0;1;0;0;0;0;0;0;2;0;0;0;0
"14/06/2025";"18:37:38";"137";"Com vítima";"23,294";"BR-369/PR";"Crescente";"Engavetamento";1;0;0;1;0;0;0;0;0;0;1;1;0;1;0
"14/06/2025";"18:39:49";"138";"Com vítima";"82,010";"BR-277/PR";"Crescente";"Colisão frontal";1;0;0;1;0;0;0;0;0;0;1;1;0;0;0
"14/06/2025";"19:08:09";"142";"Com vítima";"65,900";"BR-277/PR";"Decrescente";"Colisão frontal";1;0;0;1;0;0;0;0;0;0;1;1;0;0;0
"14/06/2025";"19:15:42";"145";"Sem vítima";"26,010";"508/PR";"Crescente";"Atropelamento de animal";1;0;0;0;0;0;0;0;0;0;1;0;0;0;0
"14/06/2025";"21:27:07";"160";"Sem vítima";"76,010";"BR-277/PR";"Crescente";"Choque";1;0;0;0;0;0;0;0;0;0;1;0;0;0;0
"14/06/2025";"22:48:57";"169";"Sem vítima";"2,800";"508/PR";"Decrescente";"Atropelamento de animal";1;0;0;0;0;0;0;0;0;0;1;0;0;0;0
"15/06/2025";"05:16:11";"28";"Sem vítima";"285,500";"092/PR";"Crescente";"Choque";0;0;1;0;0;0;0;0;0;0;1;0;0;0;0
"15/06/2025";"05:38:59";"31";"Sem vítima";"82,010";"BR-369/PR";"Decrescente";"Choque";1;0;0;0;0;0;0;0;0;0;1;0;0;0;0
"15/06/2025";"05:43:19";"32";"Com vítima";"38,894";"BR-369/PR";"Crescente";"Colisão frontal";1;0;0;0;0;0;0;0;0;0;0;0;1;0;0
"15/06/2025";"06:53:27";"35";"Sem vítima";"79,180";"BR-277/PR";"Decrescente";"Colisão frontal";2;0;0;0;0;0;0;0;0;0;2;0;0;0;0
"15/06/2025";"09:11:20";"49";"Sem vítima";"310,000";"151/PR";"Crescente";"Choque";1;0;0;0;0;0;0;0;0;0;1;0;0;0;0
"15/06/2025";"12:49:03";"79";"Sem vítima";"230,135";"151/PR";"Crescente";"Tombamento";0;0;1;0;0;0;0;0;0;0;0;0;0;0;0
"15/06/2025";"15:24:54";"96";"Sem vítima";"14,200";"BR-369/PR";"Decrescente";"Choque";1;0;0;0;0;0;0;0;0;0;1;0;0;0;0
"15/06/2025";"19:41:34";"119";"Com vítima";"24,010";"508/PR";"Crescente";"Colisão frontal";0;1;0;1;0;0;0;0;0;0;0;1;0;0;0
"15/06/2025";"22:37:38";"143";"Sem vítima";"1,400";"BR-369/PR";"Decrescente";"Colisão frontal";1;0;1;0;0;0;0;0;0;0;4;0;0;0;0
"16/06/2025";"03:06:48";"13";"Sem vítima";"5,300";"BR-277/PR";"Crescente";"Engavetamento";0;0;2;0;0;0;0;0;0;0;2;0;0;0;0
"16/06/2025";"07:18:27";"45";"Com vítima";"80,080";"BR-277/PR";"Crescente";"Colisão frontal";0;0;0;1;0;0;0;0;0;0;0;1;0;0;0
"16/06/2025";"17:51:01";"195";"Sem vítima";"14,400";"BR-369/PR";"Decrescente";"Colisão frontal";0;0;0;0;0;0;0;0;0;2;3;0;0;0;0
"16/06/2025";"19:40:35";"204";"Sem vítima";"308,480";"092/PR";"Crescente";"Colisão frontal";2;0;0;0;0;0;0;0;0;0;2;0;0;0;0
"17/06/2025";"07:17:19";"53";"Sem vítima";"36,729";"BR-277/PR";"Crescente";"Choque";0;0;1;0;0;0;0;0;0;0;1;0;0;0;0
"17/06/2025";"07:47:25";"64";"Com vítima";"82,760";"BR-277/PR";"Crescente";"Queda de moto";0;0;0;1;0;0;0;0;0;0;0;1;1;0;0
"17/06/2025";"10:01:57";"102";"Com vítima";"305,850";"092/PR";"Decrescente";"Colisão frontal";0;0;0;1;0;0;0;0;0;1;1;1;0;0;0
"17/06/2025";"18:05:37";"203";"Sem vítima";"22,100";"BR-153/PR";"Crescente";"Colisão frontal";1;0;0;1;0;0;0;0;0;0;2;0;0;0;0
"17/06/2025";"20:53:07";"228";"Sem vítima";"253,110";"151/PR";"Crescente";"Engavetamento";1;0;1;0;0;0;0;0;0;0;5;0;0;0;0
"17/06/2025";"23:03:23";"240";"Com vítima";"9,380";"408/PR";"Crescente";"Engavetamento";0;0;0;2;0;0;0;0;0;0;0;0;0;1;1
"18/06/2025";"09:08:53";"80";"Com vítima";"5,009";"BR-277/PR";"Decrescente";"Colisão traseira";0;0;1;0;1;0;0;0;0;0;3;3;0;0;0
"18/06/2025";"12:14:41";"113";"Sem vítima";"64,000";"BR-369/PR";"Crescente";"Colisão traseira";1;0;0;1;0;0;0;0;0;0;2;0;0;0;0
"18/06/2025";"14:45:21";"145";"Sem vítima";"3,807";"BR-277/PR";"Decrescente";"Colisão traseira";1;0;0;1;0;0;0;0;0;0;2;0;0;0;0
"18/06/2025";"18:48:58";"194";"Com vítima";"81,010";"BR-277/PR";"Decrescente";"Colisão frontal";0;0;0;1;0;0;0;0;0;0;1;0;1;0;0
"18/06/2025";"18:59:54";"197";"Sem vítima";"76,010";"BR-277/PR";"Crescente";"Engavetamento";3;0;0;0;0;0;0;0;0;0;3;0;0;0;0
"18/06/2025";"20:56:52";"208";"Com vítima";"217,964";"151/PR";"Decrescente";"Colisão frontal";1;0;1;0;0;0;0;0;0;0;0;2;0;0;0
"19/06/2025";"01:16:59";"12";"Sem vítima";"30,260";"BR-277/PR";"Decrescente";"Saída de pista";1;0;0;0;0;0;0;0;0;0;2;0;0;0;0
"19/06/2025";"03:21:41";"21";"Sem vítima";"70,819";"BR-277/PR";"Crescente";"Capotamento";1;0;0;0;0;0;0;0;0;0;1;0;0;0;0
"19/06/2025";"08:49:01";"49";"Com vítima";"213,603";"092/PR";"Crescente";"Tombamento";0;0;1;0;0;0;0;0;0;0;0;1;0;0;0
"19/06/2025";"15:23:14";"112";"Com vítima";"14,550";"408/PR";"Decrescente";"Colisão traseira";0;0;1;1;0;0;0;0;0;0;0;2;0;0;0
"19/06/2025";"18:18:02";"131";"Com vítima";"0,400";"508/PR";"Crescente";"Colisão frontal";0;0;0;0;0;0;0;0;0;0;0;0;0;0;0
"19/06/2025";"18:53:14";"140";"Com vítima";"311,214";"151/PR";"Crescente";"Queda de moto";1;0;0;0;0;0;0;0;0;0;0;0;0;1;0
"19/06/2025";"23:34:43";"175";"Com vítima";"68,159";"BR-277/PR";"Crescente";"Colisão frontal";1;0;1;0;0;0;0;0;0;0;1;0;0;1;1
"20/06/2025";"03:51:12";"15";"Com vítima";"201,940";"092/PR";"Crescente";"Queda de moto";1;0;0;0;0;0;0;0;0;0;3;1;0;0;0
"20/06/2025";"04:30:29";"19";"Com vítima";"82,430";"BR-277/PR";"Crescente";"Colisão frontal";2;0;0;0;0;0;0;0;0;0;1;1;1;0;0
"20/06/2025";"08:18:13";"65";"Com vítima";"72,704";"BR-369/PR";"Crescente";"Saída de pista";1;0;0;0;0;0;0;0;0;0;0;1;0;0;0
"20/06/2025";"18:27:43";"217";"Com vítima";"8,200";"239/PR";"Crescente";"Colisão frontal";2;0;0;0;0;0;0;0;0;0;0;2;0;0;0
"20/06/2025";"18:34:14";"218";"Sem vítima";"307,060";"092/PR";"Crescente";"Colisão frontal";2;0;0;0;0;0;0;0;0;0;2;0;0;0;0
"20/06/2025";"21:10:41";"240";"Com vítima";"310,200";"151/PR";"Crescente";"Queda de moto";0;0;0;1;0;0;0;0;0;0;0;1;0;0;0
"20/06/2025";"21:49:36";"243";"Com vítima";"84,500";"BR-369/PR";"Decrescente";"Capotamento";1;0;0;0;0;0;0;0;0;0;3;1;0;0;0
"21/06/2025";"04:18:19";"24";"Sem vítima";"35,615";"BR-277/PR";"Crescente";"Colisão frontal";0;0;2;0;0;0;0;0;0;0;2;0;0;0;0
"21/06/2025";"14:48:53";"120";"Sem vítima";"82,620";"BR-277/PR";"Crescente";"Colisão traseira";2;0;0;0;0;0;0;0;0;0;4;0;0;0;0
"21/06/2025";"14:49:33";"121";"Sem vítima";"82,280";"BR-277/PR";"Decrescente";"Colisão frontal";3;0;0;0;0;0;0;0;0;0;5;0;0;0;0
"21/06/2025";"22:02:28";"183";"Com vítima";"22,880";"408/PR";"Crescente";"Colisão frontal";0;0;1;1;0;0;0;0;0;0;1;0;0;0;1
"21/06/2025";"22:38:05";"187";"Sem vítima";"0,812";"804/PR";"Crescente";"Acidentes de outra natureza";1;0;0;0;0;0;0;0;0;0;1;0;0;0;0
"22/06/2025";"02:37:36";"25";"Sem vítima";"283,010";"151/PR";"Decrescente";"Choque";0;0;0;0;0;0;0;0;0;1;0;0;0;0;0
"22/06/2025";"04:40:45";"27";"Sem vítima";"4,218";"BR-277/PR";"Decrescente";"Acidentes de outra natureza";1;0;0;0;0;0;0;0;0;0;3;0;0;0;0
"22/06/2025";"05:52:13";"32";"Sem vítima";"243,500";"092/PR";"Decrescente";"Acidentes de outra natureza";1;0;0;0;0;0;0;0;0;0;2;0;0;0;0
"22/06/2025";"09:03:05";"63";"Sem vítima";"11,250";"508/PR";"Crescente";"Choque";1;0;0;0;0;0;0;0;0;0;2;0;0;0;0
"22/06/2025";"09:38:24";"72";"Sem vítima";"36,800";"BR-277/PR";"Crescente";"Choque";0;0;0;0;0;0;0;0;0;1;1;0;0;0;0
"22/06/2025";"11:41:47";"98";"Com vítima";"6,690";"BR-277/PR";"Decrescente";"Queda de moto";0;0;0;1;0;0;0;0;0;0;0;1;0;0;0
"22/06/2025";"15:03:33";"135";"Com vítima";"78,754";"BR-277/PR";"Crescente";"Colisão frontal";1;0;0;1;0;0;0;0;0;0;4;2;0;0;0
"22/06/2025";"15:22:42";"144";"Com vítima";"10,070";"BR-277/PR";"Crescente";"Queda de moto";0;0;0;1;0;0;0;0;0;0;0;1;0;0;0
"22/06/2025";"17:51:40";"178";"Sem vítima";"79,200";"BR-369/PR";"Decrescente";"Engavetamento";3;0;0;0;0;0;0;0;0;0;2;0;0;0;0
"22/06/2025";"20:04:23";"201";"Com vítima";"7,738";"BR-277/PR";"Decrescente";"Queda de moto";0;0;0;1;0;0;0;0;0;0;0;1;1;0;0
"22/06/2025";"20:42:06";"206";"Com vítima";"275,535";"092/PR";"Crescente";"Colisão traseira";2;0;0;0;0;0;0;0;0;0;1;4;4;0;0
"23/06/2025";"05:55:41";"33";"Sem vítima";"216,200";"151/PR";"Decrescente";"Colisão frontal";1;0;0;0;0;0;0;0;0;0;0;0;0;0;0
"23/06/2025";"12:36:25";"118";"Sem vítima";"31,600";"BR-277/PR";"Crescente";"Saída de pista";1;0;0;0;0;0;0;0;0;0;2;0;0;0;0
"23/06/2025";"13:44:18";"127";"Sem vítima";"36,500";"BR-277/PR";"Crescente";"Choque";0;0;0;0;0;0;0;0;0;1;1;0;0;0;0
"23/06/2025";"14:09:37";"130";"Sem vítima";"36,200";"BR-277/PR";"Crescente";"Choque";0;0;0;0;0;0;0;0;0;1;2;0;0;0;0
"23/06/2025";"15:37:42";"143";"Com vítima";"70,010";"BR-277/PR";"Decrescente";"Queda de moto";0;0;0;1;0;0;0;0;0;0;0;1;0;0;0
"23/06/2025";"18:12:09";"163";"Com vítima";"309,486";"151/PR";"Crescente";"Queda de moto";1;0;0;0;0;0;0;0;0;0;0;0;1;0;0
"23/06/2025";"23:39:36";"183";"Com vítima";"77,010";"BR-277/PR";"Crescente";"Atropelamento de pedestre";0;0;0;1;0;0;0;0;0;0;0;2;0;0;0
"23/06/2025";"23:51:14";"184";"Com vítima";"15,160";"407/PR";"Crescente";"Colisão frontal";0;1;0;1;0;0;0;0;0;0;0;0;1;0;0
"24/06/2025";"03:31:13";"18";"Sem vítima";"16,500";"407/PR";"Crescente";"Queda de moto";1;0;0;0;0;0;0;0;0;0;3;0;0;0;0
"24/06/2025";"06:52:01";"33";"Com vítima";"80,010";"BR-277/PR";"Crescente";"Colisão frontal";1;0;0;1;0;0;0;0;0;0;1;1;1;0;0
"24/06/2025";"08:11:51";"71";"Sem vítima";"37,140";"BR-369/PR";"Crescente";"Colisão frontal";2;0;0;0;0;0;0;0;0;0;2;0;0;0;0
"24/06/2025";"14:02:32";"138";"Com vítima";"41,700";"BR-369/PR";"Crescente";"Colisão frontal";2;0;0;0;0;0;0;0;0;2;2;2;1;2;2
"24/06/2025";"17:19:39";"163";"Sem vítima";"217,620";"092/PR";"Decrescente";"Queda de moto";1;0;0;0;0;0;0;0;0;0;1;0;0;0;0
"24/06/2025";"17:23:34";"164";"Com vítima";"177,010";"151/PR";"Crescente";"Colisão transversal";1;0;0;1;0;0;0;0;0;0;1;1;0;0;0