data;horario;n_da_ocorrencia;tipo_de_ocorrencia;km;trecho;sentido;tipo_de_acidente;automovel;bicicleta;caminhao;moto;onibus;outros;tracao_animal;transporte_de_cargas_especiais;trator_maquinas;utilitarios;ilesos;levemente_feridos;moderadamente_feridos;gravemente_feridos;mortos
"24/06/2025";"18:23:48";"170";"Sem vítima";"74,400";"BR-277/PR";"Decrescente";"Queda de moto";0;1;0;0;0;0;0;0;0;0;0;0;0;0;0
"25/06/2025";"07:12:59";"56";"Sem vítima";"203,232";"092/PR";"Decrescente";"Atropelamento de animal";1;0;0;0;0;0;0;0;0;0;1;0;0;0;0
"25/06/2025";"08:11:26";"80";"Com vítima";"5,750";"BR-153/PR";"Crescente";"Colisão frontal";1;0;0;1;0;0;0;0;0;0;0;1;2;0;0
"25/06/2025";"15:22:02";"176";"Sem vítima";"36,800";"BR-277/PR";"Decrescente";"Queda de moto";0;0;1;0;0;0;0;0;0;0;1;0;0;0;0
"25/06/2025";"17:41:21";"195";"Sem vítima";"74,350";"BR-277/PR";"Crescente";"Colisão traseira";2;0;0;0;0;0;0;0;0;0;2;0;0;0;0
"25/06/2025";"17:59:15";"196";"Sem vítima";"71,200";"BR-277/PR";"Crescente";"Colisão traseira";2;0;0;0;0;0;0;0;0;0;2;0;0;0;0
"25/06/2025";"18:11:19";"201";"Sem vítima";"71,280";"BR-277/PR";"Crescente";"Colisão frontal";2;0;0;0;0;0;0;0;0;0;2;0;0;0;0
"25/06/2025";"18:14:02";"202";"Com vítima";"317,200";"151/PR";"Decrescente";"Colisão transversal";0;0;1;1;0;0;0;0;0;0;1;0;1;0;0
"26/06/2025";"03:13:57";"18";"Sem vítima";"3,250";"855/PR";"Decrescente";"Capotamento";1;0;0;0;0;0;0;0;0;0;3;0;0;0;0
"26/06/2025";"06:46:58";"35";"Sem vítima";"22,236";"BR-369/PR";"Decrescente";"Colisão transversal";0;0;2;0;0;0;0;0;0;0;2;0;0;0;0
"26/06/2025";"07:21:43";"57";"Com vítima";"2,100";"BR-277/PR";"Decrescente";"Colisão frontal";0;0;1;1;0;0;0;0;0;0;1;1;0;0;0
"26/06/2025";"07:41:34";"62";"Com vítima";"278,523";"151/PR";"Decrescente";"Capotamento";0;0;0;0;0;0;0;0;0;1;0;1;0;0;0
"26/06/2025";"10:16:27";"113";"Com vítima";"302,431";"092/PR";"Decrescente";"Colisão frontal";2;0;0;0;0;0;0;0;0;0;2;1;0;0;0
"26/06/2025";"11:43:32";"126";"Com vítima";"51,720";"BR-369/PR";"Crescente";"Tombamento";0;0;1;0;0;0;0;0;0;0;0;2;0;0;0
"26/06/2025";"12:03:49";"128";"Com vítima";"30,530";"BR-277/PR";"Decrescente";"Capotamento";0;0;1;0;0;0;0;0;0;0;1;0;1;0;0
"26/06/2025";"12:44:29";"137";"Com vítima";"36,800";"BR-277/PR";"Decrescente";"Engavetamento";0;0;2;0;0;0;0;0;0;0;1;1;0;0;0
"26/06/2025";"17:34:47";"201";"Sem vítima";"68,205";"BR-369/PR";"Decrescente";"Colisão traseira";1;0;1;0;0;0;0;0;0;0;2;0;0;0;0
"26/06/2025";"18:17:42";"207";"Sem vítima";"9,300";"BR-369/PR";"Decrescente";"Acidentes de outra natureza";1;0;0;0;0;0;0;0;0;0;1;0;0;0;0
"27/06/2025";"07:39:37";"54";"Sem vítima";"314,800";"151/PR";"Crescente";"Tombamento";0;0;1;0;0;0;0;0;0;0;1;0;0;0;0
"27/06/2025";"07:58:49";"57";"Sem vítima";"68,150";"BR-277/PR";"Crescente";"Colisão traseira";1;0;1;0;0;0;0;0;0;0;2;0;0;0;0
"27/06/2025";"11:06:30";"90";"Sem vítima";"37,909";"BR-277/PR";"Decrescente";"Colisão traseira";2;0;0;0;0;0;0;0;0;0;2;0;0;0;0
"27/06/2025";"16:35:14";"131";"Sem vítima";"36,700";"BR-277/PR";"Crescente";"Choque";0;0;0;0;0;0;0;0;0;1;3;0;0;0;0
"27/06/2025";"18:57:58";"208";"Com vítima";"281,220";"092/PR";"Crescente";"Colisão frontal";1;0;0;1;0;0;0;0;0;0;1;2;0;0;0
"27/06/2025";"21:55:41";"235";"Com vítima";"4,910";"508/PR";"Decrescente";"Colisão frontal";2;0;0;0;0;0;0;0;0;0;0;0;3;0;0
"28/06/2025";"01:51:09";"14";"Com vítima";"276,397";"151/PR";"Crescente";"Queda de moto";1;0;0;0;0;0;0;0;0;0;0;5;0;0;0
"28/06/2025";"05:08:59";"21";"Sem vítima";"12,260";"407/PR";"Decrescente";"Queda de moto";0;0;0;0;0;0;0;0;0;1;1;0;0;0;0
"28/06/2025";"14:05:30";"86";"Sem vítima";"42,180";"BR-277/PR";"Decrescente";"Choque";0;0;1;0;0;0;0;0;0;0;1;0;0;0;0
"28/06/2025";"20:35:39";"148";"Com vítima";"291,900";"151/PR";"Decrescente";"Queda de moto";1;0;0;0;0;0;0;0;0;0;0;3;0;0;0
"29/06/2025";"02:18:12";"16";"Com vítima";"227,766";"092/PR";"Crescente";"Queda de moto";1;0;0;0;0;0;0;0;0;0;0;1;0;0;0
"29/06/2025";"18:27:35";"118";"Sem vítima";"36,800";"BR-277/PR";"Decrescente";"Queda de moto";0;0;1;0;0;0;0;0;0;0;1;0;0;0;0
"29/06/2025";"19:19:03";"129";"Com vítima";"271,350";"092/PR";"Decrescente";"Colisão frontal";0;0;1;1;0;0;0;0;0;0;2;0;0;0;1
"30/06/2025";"00:23:04";"5";"Com vítima";"77,480";"BR-277/PR";"Decrescente";"Colisão frontal";4;0;0;0;0;0;0;0;0;0;3;0;1;0;0
"30/06/2025";"01:56:39";"14";"Sem vítima";"282,500";"151/PR";"Crescente";"Tombamento";0;0;1;0;0;0;0;0;0;0;1;0;0;0;0
"30/06/2025";"06:05:18";"23";"Com vítima";"307,660";"092/PR";"Decrescente";"Queda de moto";0;0;0;1;0;0;0;0;0;0;0;1;0;0;0
"30/06/2025";"06:24:26";"31";"Com vítima";"37,515";"BR-153/PR";"Decrescente";"Tombamento";0;0;1;0;0;0;0;0;0;0;0;1;0;0;0
"30/06/2025";"07:58:28";"57";"Com vítima";"49,630";"BR-277/PR";"Decrescente";"Choque";1;0;0;0;0;0;0;0;0;0;0;1;0;0;0
"30/06/2025";"11:18:51";"101";"Com vítima";"31,685";"BR-277/PR";"Decrescente";"Choque";1;0;0;0;0;0;0;0;0;0;1;1;0;0;0
"30/06/2025";"11:48:28";"107";"Sem vítima";"31,700";"BR-277/PR";"Decrescente";"Colisão frontal";2;0;0;0;0;0;0;0;0;0;6;0;0;0;0
"30/06/2025";"12:56:17";"117";"Sem vítima";"60,250";"BR-277/PR";"Crescente";"Acidentes de outra natureza";0;0;1;0;0;0;0;0;0;0;3;0;0;0;0
"30/06/2025";"13:43:19";"122";"Com vítima";"71,400";"BR-369/PR";"Crescente";"Colisão frontal";1;0;1;0;0;0;0;0;0;0;0;1;0;1;1
"30/06/2025";"17:04:32";"162";"Com vítima";"221,120";"092/PR";"Decrescente";"Choque";1;0;0;0;0;0;0;0;0;0;1;1;0;0;0
"30/06/2025";"17:59:47";"171";"Sem vítima";"11,750";"BR-277/PR";"Crescente";"Colisão frontal";1;0;1;0;0;0;0;0;0;0;2;0;0;0;0
"01/07/2025";"02:46:22";"17";"Sem vítima";"13,277";"BR-277/PR";"Decrescente";"Tombamento";0;0;1;0;0;0;0;0;0;0;1;0;0;0;0
"01/07/2025";"03:39:36";"21";"Sem vítima";"65,130";"BR-277/PR";"Decrescente";"Atropelamento de animal";0;0;1;0;0;0;0;0;0;0;1;0;0;0;0
"01/07/2025";"07:05:56";"53";"Sem vítima";"40,500";"BR-277/PR";"Crescente";"Colisão traseira";1;0;0;0;0;0;0;0;0;1;4;0;0;0;0
"01/07/2025";"07:18:16";"55";"Com vítima";"34,120";"BR-153/PR";"Crescente";"Capotamento";1;0;0;0;0;0;0;0;0;0;0;1;0;0;0
"01/07/2025";"08:45:14";"79";"Sem vítima";"295,060";"151/PR";"Crescente";"Acidentes de outra natureza";0;0;0;0;0;0;0;0;0;1;3;0;0;0;0
"01/07/2025";"12:04:50";"119";"Sem vítima";"69,590";"BR-277/PR";"Crescente";"Capotamento";1;0;0;0;0;0;0;0;0;0;2;0;0;0;0
"01/07/2025";"18:13:17";"183";"Com vítima";"82,500";"BR-277/PR";"Decrescente";"Colisão frontal";1;0;0;1;0;0;0;0;0;0;1;1;0;0;0
"01/07/2025";"23:42:30";"218";"Com vítima";"52,190";"BR-277/PR";"Crescente";"Queda de moto";1;0;1;0;0;0;0;0;0;0;0;0;1;0;0
"02/07/2025";"04:18:03";"19";"Sem vítima";"28,015";"BR-277/PR";"Crescente";"Colisão frontal";0;0;1;0;0;0;0;0;0;0;1;0;0;0;0
"02/07/2025";"06:43:38";"40";"Com vítima";"72,096";"BR-277/PR";"Crescente";"Colisão frontal";1;0;0;1;0;0;0;0;0;0;0;2;0;0;0
"02/07/2025";"07:23:07";"43";"Sem vítima";"32,010";"BR-277/PR";"Decrescente";"Choque";0;0;1;0;0;0;0;0;0;0;1;0;0;0;0
"02/07/2025";"07:26:25";"45";"Sem vítima";"4,300";"411/PR";"Crescente";"Tombamento";0;0;1;0;0;0;0;0;0;0;1;0;0;0;0
"02/07/2025";"09:44:37";"89";"Sem vítima";"69,800";"BR-277/PR";"Crescente";"Choque";1;0;0;0;0;0;0;0;0;0;1;0;0;0;0
"02/07/2025";"12:48:56";"112";"Sem vítima";"6,800";"407/PR";"Decrescente";"Acidentes de outra natureza";1;0;0;0;0;0;0;0;0;0;0;0;0;0;0
"02/07/2025";"17:33:22";"161";"Sem vítima";"15,500";"BR-277/PR";"Decrescente";"Queda de moto";1;0;0;0;0;0;0;0;0;0;1;0;0;0;0
"02/07/2025";"17:52:17";"163";"Sem vítima";"23,700";"BR-277/PR";"Crescente";"Queda de moto";1;0;0;0;0;0;0;0;0;0;1;0;0;0;0
"03/07/2025";"04:51:10";"23";"Com vítima";"41,440";"BR-153/PR";"Crescente";"Colisão transversal";0;0;0;0;2;0;0;0;0;0;4;1;0;0;0
"03/07/2025";"08:26:01";"70";"Sem vítima";"293,121";"151/PR";"Decrescente";"Colisão frontal";1;0;1;0;0;0;0;0;0;0;2;0;0;0;0
"03/07/2025";"10:14:00";"91";"Com vítima";"260,190";"092/PR";"Crescente";"Colisão frontal";0;0;2;0;0;0;0;0;0;0;1;0;1;0;0
"03/07/2025";"10:38:30";"95";"Sem vítima";"281,760";"151/PR";"Crescente";"Colisão frontal";1;0;1;0;0;0;0;0;0;0;2;0;0;0;0
"03/07/2025";"13:03:17";"111";"Com vítima";"11,040";"508/PR";"Decrescente";"Capotamento";0;0;0;0;0;0;0;0;0;1;0;1;0;0;0
"03/07/2025";"13:44:48";"116";"Sem vítima";"221,930";"092/PR";"Crescente";"Colisão frontal";2;0;0;0;0;0;0;0;0;0;2;0;0;0;0
"03/07/2025";"14:06:53";"121";"Com vítima";"268,010";"092/PR";"Decrescente";"Colisão frontal";0;0;1;0;1;0;0;0;0;0;0;2;1;0;0
"03/07/2025";"19:25:18";"158";"Sem vítima";"1,450";"BR-277/PR";"Crescente";"Colisão frontal";1;0;2;1;0;0;0;0;0;0;4;0;0;0;0
"04/07/2025";"06:04:43";"20";"Sem vítima";"216,131";"151/PR";"Crescente";"Tombamento";0;0;1;0;0;0;0;0;0;0;1;0;0;0;0
"04/07/2025";"06:29:09";"24";"Sem vítima";"0,100";"BR-277/PR";"Crescente";"Colisão frontal";2;0;1;0;0;0;0;0;0;0;3;0;0;0;0
"04/07/2025";"11:01:45";"108";"Sem vítima";"258,017";"151/PR";"Crescente";"Colisão traseira";0;0;2;0;0;0;0;0;0;0;2;0;0;0;0
"04/07/2025";"12:41:49";"132";"Com vítima";"34,200";"BR-153/PR";"Decrescente";"Choque";1;0;0;0;0;0;0;0;0;0;0;0;2;0;0
"04/07/2025";"14:54:22";"159";"Sem vítima";"15,120";"408/PR";"Crescente";"Colisão frontal";1;0;0;1;0;0;0;0;0;0;2;0;0;0;0
"04/07/2025";"16:09:42";"177";"Com vítima";"75,200";"BR-277/PR";"Decrescente";"Queda de moto";0;0;0;1;0;0;0;0;0;0;1;0;1;0;0
"04/07/2025";"16:35:20";"182";"Com vítima";"0,010";"855/PR";"Crescente";"Tombamento";0;0;1;0;0;0;0;0;0;0;0;0;1;0;0
"04/07/2025";"17:34:28";"196";"Sem vítima";"51,120";"BR-277/PR";"Crescente";"Colisão frontal";1;0;1;0;0;0;0;0;0;0;4;0;0;0;0
"04/07/2025";"19:49:54";"221";"Sem vítima";"71,200";"BR-369/PR";"Crescente";"Colisão traseira";2;0;0;0;0;0;0;0;0;0;2;0;0;0;0
"04/07/2025";"22:43:58";"250";"Com vítima";"219,932";"092/PR";"Crescente";"Atropelamento de pedestre";0;0;2;1;0;0;0;0;0;0;0;0;1;0;1
"05/07/2025";"02:52:52";"22";"Sem vítima";"193,645";"151/PR";"Crescente";"Tombamento";0;0;1;0;0;0;0;0;0;0;1;0;0;0;0
"05/07/2025";"05:45:43";"29";"Sem vítima";"2,880";"BR-277/PR";"Decrescente";"Choque";1;0;0;0;0;0;0;0;0;0;1;0;0;0;0
"05/07/2025";"06:20:52";"31";"Sem vítima";"1,867";"407/PR";"Decrescente";"Choque";1;0;0;0;0;0;0;0;0;0;1;0;0;0;0
"05/07/2025";"16:32:16";"162";"Com vítima";"210,120";"092/PR";"Crescente";"Choque";1;0;0;0;0;0;0;0;0;0;0;1;0;0;0
"05/07/2025";"18:35:28";"179";"Com vítima";"70,583";"BR-369/PR";"Crescente";"Colisão frontal";1;0;0;1;0;0;0;0;0;0;0;0;3;0;0
"06/07/2025";"08:56:19";"68";"Sem vítima";"54,680";"BR-277/PR";"Crescente";"Choque";1;0;0;0;0;1;0;0;0;0;1;0;0;0;0
"06/07/2025";"09:11:54";"73";"Sem vítima";"74,970";"BR-277/PR";"Decrescente";"Capotamento";1;0;0;0;0;0;0;0;0;0;1;0;0;0;0
"06/07/2025";"13:45:57";"121";"Com vítima";"37,890";"BR-277/PR";"Decrescente";"Queda de moto";0;0;0;1;0;0;0;0;0;0;0;0;2;0;0
"06/07/2025";"15:58:01";"145";"Sem vítima";"80,900";"BR-277/PR";"Crescente";"Colisão frontal";2;0;0;0;0;0;0;0;0;0;5;0;0;0;0
"06/07/2025";"18:48:16";"177";"Com vítima";"228,104";"092/PR";"Crescente";"Engavetamento";1;0;0;1;0;0;0;0;0;0;1;0;0;0;1
"06/07/2025";"18:57:35";"179";"Com vítima";"64,304";"BR-277/PR";"Decrescente";"Capotamento";1;0;0;0;0;0;0;0;0;0;0;1;0;0;0
"06/07/2025";"20:49:05";"204";"Com vítima";"5,740";"508/PR";"Crescente";"Capotamento";1;0;0;0;0;0;0;0;0;0;0;0;2;0;1
"07/07/2025";"03:51:34";"30";"Com vítima";"8,776";"BR-277/PR";"Decrescente";"Queda de moto";1;0;0;0;0;0;0;0;0;1;2;0;0;0;0
"07/07/2025";"09:43:26";"95";"Sem vítima";"39,500";"BR-277/PR";"Decrescente";"Colisão frontal";1;0;0;0;0;0;0;0;0;1;2;0;0;0;0
"07/07/2025";"16:06:37";"159";"Sem vítima";"262,558";"092/PR";"Decrescente";"Colisão frontal";0;0;0;1;0;0;0;0;0;1;2;0;0;0;0
"08/07/2025";"06:49:41";"35";"Sem vítima";"302,570";"151/PR";"Crescente";"Queda de moto";1;0;0;0;0;0;0;0;0;0;3;0;0;0;0
"08/07/2025";"07:01:51";"38";"Com vítima";"11,540";"239/PR";"Decrescente";"Colisão frontal";1;0;1;0;0;0;0;0;0;0;1;3;0;0;0
"08/07/2025";"07:33:02";"48";"Com vítima";"0,050";"BR-277/PR";"Crescente";"Queda de moto";0;0;0;1;0;0;0;0;0;0;0;1;0;1;0
"08/07/2025";"08:18:05";"67";"Sem vítima";"16,000";"BR-277/PR";"Decrescente";"Choque";1;0;0;0;0;0;0;0;0;0;2;0;0;0;0
"08/07/2025";"11:04:38";"103";"Com vítima";"192,180";"151/PR";"Decrescente";"Engavetamento";1;0;2;0;0;0;0;0;0;0;2;3;0;0;0
"08/07/2025";"16:11:45";"156";"Sem vítima";"23,010";"BR-277/PR";"Crescente";"Choque";1;0;0;0;0;0;0;0;0;0;1;0;0;0;0
"08/07/2025";"17:07:37";"165";"Sem vítima";"0,050";"BR-277/PR";"Decrescente";"Colisão frontal";2;0;0;0;0;0;0;0;0;0;2;0;0;0;0
"08/07/2025";"20:10:12";"192";"Com vítima";"255,380";"151/PR";"Crescente";"Atropelamento de pedestre";1;0;0;0;0;0;0;0;0;0;1;0;0;0;1
"09/07/2025";"05:37:03";"17";"Sem vítima";"213,500";"092/PR";"Crescente";"Acidentes de outra natureza";0;0;1;0;0;0;0;0;0;0;1;0;0;0;0
"09/07/2025";"08:05:41";"59";"Com vítima";"214,188";"151/PR";"Decrescente";"Colisão frontal";0;0;0;2;0;0;0;0;0;0;0;1;1;0;0
"09/07/2025";"10:52:22";"100";"Com vítima";"2,381";"239/PR";"Decrescente";"Tombamento";0;0;1;0;0;0;0;0;0;0;0;0;0;1;0
"09/07/2025";"13:19:17";"136";"Sem vítima";"74,200";"BR-277/PR";"Decrescente";"Colisão frontal";1;0;0;0;0;0;0;0;0;1;4;0;0;0;0
"09/07/2025";"16:51:14";"169";"Com vítima";"70,120";"BR-277/PR";"Crescente";"Colisão frontal";0;0;2;0;0;0;0;0;0;0;1;1;0;0;0
"09/07/2025";"18:17:43";"185";"Com vítima";"310,200";"151/PR";"Decrescente";"Colisão frontal";1;0;1;0;0;0;0;0;0;0;1;3;0;0;0
"10/07/2025";"07:42:27";"61";"Com vítima";"78,392";"BR-369/PR";"Decrescente";"Engavetamento";1;0;0;1;0;0;0;0;0;0;1;1;0;0;0
"10/07/2025";"10:04:38";"100";"Com vítima";"77,480";"BR-277/PR";"Crescente";"Acidentes de outra natureza";1;0;0;1;0;0;0;0;0;1;2;1;0;0;0
"10/07/2025";"11:15:20";"112";"Sem vítima";"35,070";"BR-277/PR";"Decrescente";"Colisão frontal";2;0;0;0;0;0;0;0;0;0;3;0;0;0;0
"10/07/2025";"12:42:03";"132";"Com vítima";"253,120";"092/PR";"Crescente";"Colisão frontal";1;1;0;0;0;0;0;0;0;0;1;0;0;0;0
"10/07/2025";"13:38:04";"141";"Com vítima";"27,800";"BR-277/PR";"Decrescente";"Colisão frontal";1;0;1;0;0;0;0;0;0;0;2;1;0;0;0
"10/07/2025";"16:34:19";"166";"Sem vítima";"301,120";"151/PR";"Decrescente";"Colisão frontal";0;0;2;0;0;0;0;0;0;0;2;0;0;0;0
"10/07/2025";"16:54:11";"174";"Sem vítima";"312,700";"151/PR";"Crescente";"Choque";1;0;0;0;0;0;0;0;0;0;2;0;0;0;0
"10/07/2025";"17:07:15";"175";"Com vítima";"2,650";"BR-277/PR";"Crescente";"Colisão frontal";1;0;0;1;0;0;0;0;0;0;0;1;1;0;0
"10/07/2025";"17:28:08";"180";"Sem vítima";"18,796";"BR-153/PR";"Decrescente";"Tombamento";0;0;1;0;0;0;0;0;0;0;1;0;0;0;0
"10/07/2025";"17:41:53";"183";"Com vítima";"5,140";"BR-277/PR";"Crescente";"Colisão frontal";0;0;1;1;0;0;0;0;0;0;1;0;0;0;1
"10/07/2025";"17:51:01";"186";"Sem vítima";"230,120";"151/PR";"Decrescente";"Colisão frontal";0;0;1;0;0;0;0;0;0;0;1;0;0;0;0
"10/07/2025";"18:51:19";"192";"Sem vítima";"37,100";"BR-369/PR";"Crescente";"Colisão frontal";1;0;1;0;0;0;0;0;0;0;2;0;0;0;0
"10/07/2025";"22:52:07";"227";"Com vítima";"225,100";"151/PR";"Decrescente";"Capotamento";1;0;0;0;0;0;0;0;0;0;0;1;0;0;0
"10/07/2025";"22:53:44";"228";"Sem vítima";"307,100";"151/PR";"Crescente";"Acidentes de outra natureza";1;0;0;0;0;0;0;0;0;0;2;0;0;0;0
"11/07/2025";"04:06:30";"22";"Sem vítima";"258,800";"092/PR";"Crescente";"Atropelamento de animal";0;0;1;0;0;0;0;0;0;0;1;0;0;0;0
"11/07/2025";"07:32:06";"58";"Sem vítima";"314,300";"151/PR";"Crescente";"Choque";1;0;0;0;0;0;0;0;0;0;1;0;0;0;0
"11/07/2025";"09:40:48";"88";"Com vítima";"313,350";"151/PR";"Decrescente";"Capotamento";1;0;0;0;0;0;0;0;0;0;0;0;1;0;0
"11/07/2025";"11:52:07";"108";"Sem vítima";"207,150";"092/PR";"Crescente";"Queda de moto";0;0;0;1;0;0;0;0;0;0;1;0;0;0;0
"11/07/2025";"12:39:39";"115";"Sem vítima";"23,050";"BR-153/PR";"Crescente";"Colisão frontal";2;0;0;0;0;0;0;0;0;0;2;0;0;0;0
"11/07/2025";"17:24:45";"172";"Sem vítima";"68,100";"BR-277/PR";"Decrescente";"Queda de moto";0;0;0;0;0;0;0;0;0;1;2;0;0;0;0
"11/07/2025";"19:02:10";"189";"Sem vítima";"83,200";"BR-277/PR";"Decrescente";"Colisão frontal";4;0;0;0;0;0;0;0;0;1;5;0;0;0;0
"11/07/2025";"21:31:10";"212";"Com vítima";"45,810";"BR-153/PR";"Crescente";"Colisão frontal";1;0;1;0;0;0;0;0;0;0;1;0;1;0;0
"12/07/2025";"00:03:02";"1";"Com vítima";"37,852";"BR-153/PR";"Decrescente";"Tombamento";0;0;1;0;0;0;0;0;0;0;0;1;0;0;0
"12/07/2025";"00:36:20";"10";"Sem vítima";"25,010";"BR-277/PR";"Crescente";"Capotamento";1;0;0;0;0;0;0;0;0;0;1;0;0;0;0
"12/07/2025";"02:23:56";"20";"Sem vítima";"262,020";"151/PR";"Decrescente";"Saída de pista";1;0;0;0;0;0;0;0;0;0;1;0;0;0;0
"12/07/2025";"06:26:20";"28";"Sem vítima";"22,100";"BR-369/PR";"Crescente";"Choque";1;0;0;0;0;0;0;0;0;0;2;0;0;0;0
"12/07/2025";"06:53:17";"33";"Sem vítima";"70,102";"BR-277/PR";"Crescente";"Acidentes de outra natureza";0;0;1;0;0;0;0;0;0;0;1;0;0;0;0
"12/07/2025";"09:42:07";"63";"Com vítima";"21,180";"BR-277/PR";"Crescente";"Colisão frontal";1;0;1;0;0;0;0;0;0;0;1;1;0;0;0
"12/07/2025";"12:30:25";"88";"Sem vítima";"46,850";"BR-277/PR";"Decrescente";"Colisão frontal";2;0;0;0;0;0;0;0;0;0;2;0;0;0;0
"12/07/2025";"16:21:32";"122";"Com vítima";"37,500";"BR-277/PR";"Decrescente";"Queda de moto";0;0;0;1;0;0;0;0;0;0;0;0;0;1;0
"12/07/2025";"16:27:11";"124";"Sem vítima";"18,010";"508/PR";"Decrescente";"Choque";1;0;0;0;0;0;0;0;0;0;1;0;0;0;0
"12/07/2025";"18:10:35";"136";"Com vítima";"10,301";"407/PR";"Crescente";"Colisão frontal";1;0;0;0;0;0;0;0;0;1;0;1;1;0;1
"13/07/2025";"02:37:14";"19";"Sem vítima";"301,010";"151/PR";"Crescente";"Engavetamento";2;0;0;0;0;1;0;0;0;0;8;0;0;0;0
"13/07/2025";"15:05:17";"84";"Sem vítima";"250,160";"092/PR";"Crescente";"Capotamento";1;0;0;0;0;0;0;0;0;0;1;0;0;0;0
"13/07/2025";"18:38:39";"127";"Sem vítima";"34,900";"BR-277/PR";"Decrescente";"Colisão frontal";1;0;0;2;0;0;0;0;0;0;4;0;0;0;0
"13/07/2025";"19:09:06";"133";"Sem vítima";"78,090";"BR-277/PR";"Crescente";"Choque";1;0;0;0;0;0;0;0;0;0;4;0;0;0;0
"13/07/2025";"19:59:12";"138";"Com vítima";"44,600";"BR-277/PR";"Crescente";"Colisão frontal";1;0;1;0;0;0;0;0;0;0;2;1;0;0;0
"13/07/2025";"21:09:21";"150";"Com vítima";"87,090";"BR-369/PR";"Crescente";"Tombamento";0;0;2;0;0;0;0;0;0;0;0;2;0;0;0
"13/07/2025";"21:17:04";"151";"Sem vítima";"16,800";"408/PR";"Crescente";"Queda de moto";0;0;0;1;0;0;0;0;0;0;1;0;0;0;0
"13/07/2025";"23:20:04";"162";"Com vítima";"5,009";"239/PR";"Crescente";"Queda de moto";0;0;0;1;0;0;0;0;0;0;0;1;0;0;0
"14/07/2025";"00:24:03";"10";"Com vítima";"3,600";"407/PR";"Decrescente";"Colisão frontal";0;0;0;1;0;0;0;0;0;1;1;0;1;0;0
"14/07/2025";"01:49:58";"16";"Com vítima";"28,010";"BR-277/PR";"Decrescente";"Tombamento";0;0;2;0;0;0;0;0;0;0;1;0;1;0;0
"14/07/2025";"02:59:27";"26";"Com vítima";"36,780";"BR-277/PR";"Crescente";"Tombamento";0;0;1;0;0;0;0;0;0;0;0;1;0;0;0
"14/07/2025";"07:58:25";"80";"Com vítima";"0,488";"BR-277/PR";"Crescente";"Colisão frontal";1;0;0;1;0;0;0;0;0;0;1;1;0;0;0
"14/07/2025";"12:32:38";"139";"Sem vítima";"217,240";"092/PR";"Decrescente";"Colisão frontal";0;0;1;0;0;0;0;0;0;1;2;0;0;0;0
"14/07/2025";"16:17:44";"183";"Com vítima";"84,540";"BR-369/PR";"Crescente";"Colisão frontal";1;0;1;0;0;0;0;0;0;0;1;2;0;0;0
"14/07/2025";"18:49:49";"200";"Com vítima";"305,500";"092/PR";"Crescente";"Colisão frontal";0;0;0;2;0;0;0;0;0;0;0;1;1;0;0
"15/07/2025";"07:16:49";"69";"Sem vítima";"200,803";"092/PR";"Decrescente";"Colisão frontal";1;0;0;0;0;0;0;0;0;1;6;0;0;0;0
"15/07/2025";"09:04:27";"100";"Sem vítima";"8,010";"BR-277/PR";"Decrescente";"Choque";1;0;0;0;0;0;0;0;0;0;2;0;0;0;0
"15/07/2025";"11:33:46";"132";"Sem vítima";"1,470";"BR-277/PR";"Decrescente";"Colisão frontal";0;0;2;0;0;0;0;0;0;0;2;0;0;0;0
"15/07/2025";"13:38:07";"149";"Sem vítima";"42,100";"BR-277/PR";"Crescente";"Colisão frontal";0;0;1;0;0;0;0;0;0;0;1;0;0;0;0
"15/07/2025";"14:37:45";"161";"Sem vítima";"308,010";"151/PR";"Crescente";"Colisão frontal";0;0;3;0;0;0;0;0;0;0;3;0;0;0;0
"15/07/2025";"17:40:43";"202";"Com vítima";"80,200";"BR-369/PR";"Crescente";"Colisão frontal";2;0;0;0;0;0;0;0;0;0;1;1;0;0;0
"15/07/2025";"20:12:36";"230";"Sem vítima";"3,500";"BR-277/PR";"Decrescente";"Colisão frontal";0;0;1;0;0;0;0;0;0;0;1;0;0;0;0
"15/07/2025";"22:36:46";"257";"Sem vítima";"82,335";"BR-277/PR";"Crescente";"Choque";1;0;0;0;0;1;0;0;0;0;1;0;0;0;0
"16/07/2025";"07:41:37";"61";"Com vítima";"4,100";"BR-277/PR";"Crescente";"Colisão frontal";2;0;0;0;0;0;0;0;0;0;1;1;0;0;0
"16/07/2025";"07:52:34";"64";"Sem vítima";"3,900";"BR-277/PR";"Decrescente";"Colisão frontal";1;0;0;0;0;0;0;0;0;1;4;0;0;0;0
"16/07/2025";"10:43:21";"106";"Com vítima";"12,500";"407/PR";"Crescente";"Capotamento";1;0;0;0;0;0;0;0;0;0;0;0;2;0;0
"16/07/2025";"16:52:58";"156";"Com vítima";"70,400";"BR-277/PR";"Crescente";"Colisão frontal";1;0;0;1;0;0;0;0;0;0;1;0;1;0;0
"16/07/2025";"19:27:13";"179";"Com vítima";"298,587";"151/PR";"Decrescente";"Colisão frontal";2;0;0;0;0;0;0;0;0;0;0;3;0;0;0
"17/07/2025";"00:23:41";"11";"Sem vítima";"11,540";"508/PR";"Decrescente";"Atropelamento de animal";0;0;0;0;0;0;0;0;0;1;1;0;0;0;0