data;horario;n_da_ocorrencia;tipo_de_ocorrencia;km;trecho;sentido;tipo_de_acidente;automovel;bicicleta;caminhao;moto;onibus;outros;tracao_animal;transporte_de_cargas_especiais;trator_maquinas;utilitarios;ilesos;levemente_feridos;moderadamente_feridos;gravemente_feridos;mortos
"17/07/2025";"09:54:11";"102";"Sem vítima";"47,400";"BR-277/PR";"Decrescente";"Colisão frontal";0;0;2;0;0;0;0;0;0;0;2;0;0;0;0
"17/07/2025";"13:48:12";"148";"Com vítima";"37,496";"BR-153/PR";"Decrescente";"Tombamento";0;0;1;0;0;0;0;0;0;0;0;1;0;0;0
"17/07/2025";"20:44:39";"216";"Com vítima";"295,010";"151/PR";"Crescente";"Capotamento";1;0;0;0;0;0;0;0;0;0;0;1;0;0;0
"17/07/2025";"22:26:18";"222";"Com vítima";"12,610";"BR-153/PR";"Crescente";"Atropelamento de pedestre";0;0;0;1;0;0;0;0;0;0;0;2;0;0;0
"17/07/2025";"23:32:10";"226";"Sem vítima";"15,830";"BR-369/PR";"Crescente";"Colisão frontal";1;0;0;0;0;0;0;0;0;0;1;0;0;0;0
"18/07/2025";"03:41:29";"22";"Com vítima";"319,731";"092/PR";"Crescente";"Choque";1;0;0;0;0;0;0;0;0;0;0;0;1;1;0
"18/07/2025";"07:52:53";"70";"Sem vítima";"292,900";"151/PR";"Decrescente";"Colisão frontal";0;0;2;0;0;0;0;0;0;0;2;0;0;0;0
"18/07/2025";"08:03:33";"79";"Sem vítima";"72,670";"BR-277/PR";"Crescente";"Colisão frontal";1;0;1;0;0;0;0;0;0;0;3;0;0;0;0
"18/07/2025";"09:41:45";"114";"Sem vítima";"75,560";"BR-369/PR";"Crescente";"Colisão frontal";1;0;0;0;0;0;0;0;0;1;11;0;0;0;0
"18/07/2025";"11:10:01";"129";"Sem vítima";"213,430";"092/PR";"Crescente";"Tombamento";0;0;1;0;0;0;0;0;0;0;1;0;0;0;0
"18/07/2025";"11:10:17";"130";"Sem vítima";"46,470";"BR-277/PR";"Decrescente";"Colisão frontal";1;0;1;0;0;0;0;0;0;0;3;0;0;0;0
"18/07/2025";"13:51:37";"166";"Com vítima";"297,194";"092/PR";"Decrescente";"Queda de moto";0;0;0;1;0;0;0;0;0;0;0;2;0;0;0
"18/07/2025";"15:17:17";"187";"Sem vítima";"296,120";"151/PR";"Decrescente";"Capotamento";1;0;0;0;0;0;0;0;0;0;2;0;0;0;0
"18/07/2025";"18:46:37";"219";"Com vítima";"77,940";"BR-277/PR";"Decrescente";"Colisão frontal";1;0;0;1;0;0;0;0;0;0;1;1;0;0;0
"18/07/2025";"21:58:09";"253";"Sem vítima";"73,101";"BR-369/PR";"Decrescente";"Queda de moto";1;0;0;0;0;0;0;0;0;0;1;0;0;0;0
"19/07/2025";"02:48:03";"31";"Com vítima";"81,023";"BR-369/PR";"Crescente";"Queda de moto";1;0;0;0;0;0;0;0;0;0;0;0;1;0;0
"19/07/2025";"03:03:27";"32";"Com vítima";"214,600";"092/PR";"Crescente";"Choque";0;0;0;0;0;0;0;0;0;1;0;1;0;0;0
"19/07/2025";"04:47:49";"37";"Sem vítima";"2,360";"BR-277/PR";"Crescente";"Choque";1;0;0;0;0;0;0;0;0;0;4;0;0;0;0
"19/07/2025";"07:13:54";"51";"Com vítima";"50,100";"BR-369/PR";"Crescente";"Capotamento";1;0;0;0;0;0;0;0;0;0;0;1;0;0;0
"19/07/2025";"07:59:39";"61";"Sem vítima";"24,150";"BR-277/PR";"Crescente";"Choque";1;0;0;0;0;0;0;0;0;0;2;0;0;0;0
"19/07/2025";"08:44:38";"78";"Sem vítima";"7,800";"BR-277/PR";"Decrescente";"Colisão frontal";1;0;1;0;0;0;0;0;0;0;2;0;0;0;0
"19/07/2025";"09:21:21";"87";"Com vítima";"13,200";"508/PR";"Decrescente";"Queda de moto";0;1;0;0;0;0;0;0;0;0;0;0;0;0;0
"19/07/2025";"09:41:36";"95";"Com vítima";"2,430";"BR-277/PR";"Crescente";"Colisão frontal";1;0;1;0;0;0;0;0;0;0;1;2;0;0;0
"19/07/2025";"14:17:11";"156";"Com vítima";"51,163";"BR-277/PR";"Crescente";"Engavetamento";1;0;1;0;0;0;0;0;0;0;1;2;1;0;0
"19/07/2025";"17:18:17";"196";"Com vítima";"299,940";"092/PR";"Decrescente";"Colisão frontal";1;0;1;0;0;0;0;0;0;0;1;0;0;1;0
"19/07/2025";"21:27:11";"243";"Com vítima";"1,200";"BR-277/PR";"Crescente";"Queda de moto";1;0;0;1;0;0;0;0;0;0;1;1;0;0;0
"20/07/2025";"00:57:47";"8";"Sem vítima";"280,250";"092/PR";"Crescente";"Colisão frontal";2;0;0;0;0;0;0;0;0;0;4;0;0;0;0
"20/07/2025";"05:13:31";"30";"Com vítima";"313,800";"151/PR";"Decrescente";"Acidentes de outra natureza";1;0;0;0;0;0;0;0;0;0;1;1;0;0;0
"20/07/2025";"05:25:19";"31";"Sem vítima";"304,500";"151/PR";"Crescente";"Choque";1;0;0;0;0;0;0;0;0;0;0;0;0;0;0
"20/07/2025";"06:11:35";"34";"Com vítima";"14,500";"BR-277/PR";"Decrescente";"Choque";1;0;0;0;0;0;0;0;0;0;0;1;0;0;0
"20/07/2025";"09:58:04";"77";"Com vítima";"2,500";"508/PR";"Crescente";"Queda de moto";0;0;0;1;0;0;0;0;0;0;0;0;2;0;0
"20/07/2025";"17:17:41";"179";"Sem vítima";"75,980";"BR-277/PR";"Crescente";"Colisão frontal";2;0;0;0;0;0;0;0;0;0;3;0;0;0;0
"20/07/2025";"17:23:32";"183";"Sem vítima";"75,980";"BR-277/PR";"Crescente";"Colisão frontal";2;0;0;0;0;0;0;0;0;0;3;0;0;0;0
"20/07/2025";"17:32:18";"185";"Sem vítima";"74,010";"BR-277/PR";"Crescente";"Colisão frontal";1;0;0;1;0;0;0;0;0;0;2;0;0;0;0
"20/07/2025";"17:44:57";"188";"Com vítima";"255,010";"092/PR";"Crescente";"Capotamento";1;0;0;0;0;0;0;0;0;0;0;0;1;0;0
"20/07/2025";"19:06:00";"204";"Sem vítima";"60,250";"BR-277/PR";"Crescente";"Colisão frontal";1;0;1;0;0;0;0;0;0;0;2;0;0;0;0
"20/07/2025";"19:40:57";"213";"Com vítima";"22,100";"BR-277/PR";"Decrescente";"Queda de moto";0;0;0;1;0;0;0;0;0;0;0;2;0;0;0
"20/07/2025";"20:21:34";"222";"Com vítima";"4,650";"407/PR";"Crescente";"Colisão frontal";1;0;1;0;0;0;0;0;0;0;1;1;1;0;0
"21/07/2025";"01:45:15";"8";"Com vítima";"7,230";"239/PR";"Decrescente";"Acidentes de outra natureza";1;0;0;0;0;0;0;0;0;0;0;1;0;0;0
"21/07/2025";"05:45:38";"25";"Sem vítima";"12,500";"BR-277/PR";"Crescente";"Atropelamento de animal";1;0;0;0;0;0;0;0;0;0;1;0;0;0;0
"21/07/2025";"07:37:16";"63";"Com vítima";"307,110";"151/PR";"Decrescente";"Colisão frontal";1;0;0;0;1;0;0;0;0;0;2;1;0;0;0
"21/07/2025";"10:50:56";"108";"Com vítima";"212,940";"151/PR";"Decrescente";"Colisão frontal";1;0;1;0;0;0;0;0;0;0;1;0;1;0;0
"21/07/2025";"11:37:21";"119";"Sem vítima";"268,756";"151/PR";"Decrescente";"Choque";0;0;1;0;0;0;0;0;0;0;5;0;0;0;0
"21/07/2025";"15:15:31";"152";"Sem vítima";"217,010";"092/PR";"Crescente";"Queda de moto";0;0;1;0;0;0;0;0;0;0;1;0;0;0;0
"21/07/2025";"17:33:52";"174";"Com vítima";"77,530";"BR-277/PR";"Decrescente";"Colisão frontal";1;0;0;0;0;0;0;0;0;1;0;2;0;0;0
"21/07/2025";"19:27:56";"185";"Sem vítima";"288,160";"092/PR";"Crescente";"Engavetamento";2;0;0;0;0;0;0;0;0;0;7;0;0;0;0
"22/07/2025";"05:49:11";"26";"Sem vítima";"314,500";"092/PR";"Crescente";"Colisão frontal";1;0;0;0;0;0;0;0;0;0;2;0;0;0;0
"22/07/2025";"07:05:38";"51";"Sem vítima";"86,000";"BR-369/PR";"Crescente";"Colisão frontal";2;0;0;0;0;0;0;0;0;0;3;0;0;0;0
"22/07/2025";"10:02:52";"106";"Sem vítima";"260,250";"151/PR";"Crescente";"Queda de moto";1;0;0;0;0;0;0;0;0;0;3;0;0;0;0
"22/07/2025";"15:57:02";"176";"Com vítima";"11,100";"BR-277/PR";"Crescente";"Queda de moto";0;0;0;1;0;0;0;0;0;0;0;1;0;0;0
"22/07/2025";"17:05:11";"182";"Sem vítima";"306,180";"151/PR";"Crescente";"Colisão frontal";0;0;0;0;0;0;0;0;0;2;3;0;0;0;0
"22/07/2025";"20:25:13";"202";"Com vítima";"16,500";"508/PR";"Crescente";"Capotamento";1;0;0;0;0;0;0;0;0;0;0;0;1;0;0
"22/07/2025";"20:43:01";"204";"Com vítima";"12,010";"BR-277/PR";"Decrescente";"Colisão frontal";1;0;1;0;0;0;0;0;0;0;2;1;0;0;0
"22/07/2025";"22:19:53";"213";"Com vítima";"2,010";"BR-277/PR";"Crescente";"Colisão frontal";0;0;1;1;0;0;0;0;0;0;1;0;0;0;1
"23/07/2025";"02:07:45";"23";"Com vítima";"27,910";"BR-277/PR";"Decrescente";"Tombamento";0;0;1;0;0;0;0;0;0;0;0;0;1;0;0
"23/07/2025";"02:44:26";"29";"Sem vítima";"4,710";"BR-277/PR";"Crescente";"Acidentes de outra natureza";1;0;0;0;0;0;0;0;0;0;2;0;0;0;0
"23/07/2025";"06:30:09";"44";"Sem vítima";"2,540";"BR-277/PR";"Decrescente";"Choque";0;0;1;0;0;0;0;0;0;0;1;0;0;0;0
"23/07/2025";"06:56:47";"65";"Sem vítima";"41,130";"BR-369/PR";"Crescente";"Tombamento";0;0;1;0;0;0;0;0;0;0;1;0;0;0;0
"23/07/2025";"07:26:19";"79";"Sem vítima";"17,555";"407/PR";"Crescente";"Choque";1;0;0;0;0;0;0;0;0;0;1;0;0;0;0
"23/07/2025";"17:17:48";"256";"Sem vítima";"69,130";"BR-277/PR";"Crescente";"Capotamento";2;0;0;0;0;0;0;0;0;0;5;0;0;0;0
"23/07/2025";"18:13:45";"266";"Com vítima";"1,600";"508/PR";"Decrescente";"Queda de moto";1;0;0;0;0;0;0;0;0;0;0;1;1;0;0
"23/07/2025";"18:14:40";"268";"Com vítima";"68,500";"BR-277/PR";"Crescente";"Colisão frontal";1;0;1;0;0;0;0;0;0;0;0;2;0;0;0
"23/07/2025";"18:24:32";"270";"Com vítima";"68,010";"BR-277/PR";"Crescente";"Colisão frontal";1;0;1;0;0;0;0;0;0;0;1;1;0;0;0
"24/07/2025";"01:09:41";"9";"Com vítima";"77,700";"BR-277/PR";"Decrescente";"Atropelamento de animal";1;0;0;0;0;0;0;0;0;0;0;1;0;0;0
"24/07/2025";"01:32:29";"12";"Com vítima";"77,700";"BR-277/PR";"Decrescente";"Colisão frontal";1;0;0;0;0;0;0;0;0;1;0;1;3;0;0
"24/07/2025";"02:54:50";"23";"Com vítima";"3,500";"BR-277/PR";"Decrescente";"Choque";1;0;0;0;0;0;0;0;0;0;0;1;0;0;0
"24/07/2025";"04:25:38";"27";"Sem vítima";"304,050";"151/PR";"Decrescente";"Colisão transversal";1;0;1;0;0;0;0;0;0;0;3;0;0;0;0
"24/07/2025";"06:33:05";"50";"Sem vítima";"44,200";"BR-277/PR";"Crescente";"Choque";0;0;1;0;0;0;0;0;0;0;1;0;0;0;0
"24/07/2025";"16:14:29";"183";"Sem vítima";"37,500";"BR-277/PR";"Crescente";"Choque";0;0;0;0;0;0;0;0;0;1;1;0;0;0;0
"24/07/2025";"16:35:53";"189";"Com vítima";"28,200";"BR-277/PR";"Decrescente";"Tombamento";0;0;1;0;0;0;0;0;0;0;0;0;1;0;0
"24/07/2025";"19:43:39";"220";"Sem vítima";"18,500";"407/PR";"Crescente";"Colisão frontal";1;0;0;0;0;0;0;0;0;0;1;0;0;0;0
"24/07/2025";"20:55:13";"230";"Sem vítima";"206,750";"092/PR";"Decrescente";"Queda de moto";1;0;0;0;0;0;0;0;0;0;1;0;0;0;0
"25/07/2025";"07:50:11";"62";"Com vítima";"213,395";"092/PR";"Crescente";"Tombamento";0;0;1;0;0;0;0;0;0;0;0;0;2;0;0
"25/07/2025";"09:24:11";"86";"Sem vítima";"44,277";"BR-153/PR";"Decrescente";"Colisão frontal";2;0;0;0;0;0;0;0;0;0;5;0;0;0;0
"25/07/2025";"14:39:34";"135";"Sem vítima";"6,130";"BR-277/PR";"Crescente";"Colisão frontal";1;0;1;0;0;0;0;0;0;0;2;0;0;0;0
"25/07/2025";"14:59:18";"140";"Sem vítima";"2,150";"508/PR";"Decrescente";"Colisão frontal";1;0;0;0;0;0;0;0;0;1;2;0;0;0;0
"25/07/2025";"15:54:30";"146";"Sem vítima";"215,200";"092/PR";"Decrescente";"Colisão frontal";2;0;0;0;0;0;0;0;0;0;3;0;0;0;0
"25/07/2025";"16:21:53";"149";"Sem vítima";"205,800";"092/PR";"Decrescente";"Colisão frontal";1;0;1;0;0;0;0;0;0;0;2;0;0;0;0
"25/07/2025";"17:35:09";"169";"Sem vítima";"3,020";"BR-369/PR";"Decrescente";"Capotamento";1;0;0;0;0;0;0;0;0;0;1;0;0;0;0
"25/07/2025";"18:34:56";"178";"Com vítima";"12,500";"BR-277/PR";"Decrescente";"Acidentes de outra natureza";1;0;0;0;0;0;0;0;0;0;0;2;0;0;0
"25/07/2025";"18:58:35";"183";"Sem vítima";"82,800";"BR-277/PR";"Crescente";"Colisão frontal";2;0;0;0;0;0;0;0;0;0;4;0;0;0;0
"25/07/2025";"20:52:10";"203";"Sem vítima";"4,110";"BR-277/PR";"Crescente";"Colisão frontal";2;0;0;0;0;0;0;0;0;0;2;0;0;0;0
"26/07/2025";"02:31:43";"19";"Com vítima";"215,252";"151/PR";"Decrescente";"Choque";1;0;0;0;0;0;0;0;0;0;0;1;0;0;0
"26/07/2025";"04:09:53";"21";"Sem vítima";"288,500";"151/PR";"Crescente";"Choque";1;0;0;0;0;0;0;0;0;0;1;0;0;0;0
"26/07/2025";"04:27:18";"22";"Sem vítima";"83,800";"BR-277/PR";"Crescente";"Choque";1;0;0;0;0;0;0;0;0;0;1;0;0;0;0
"26/07/2025";"11:30:25";"75";"Sem vítima";"305,040";"151/PR";"Crescente";"Colisão frontal";1;0;0;0;0;0;0;0;0;1;2;0;0;0;0
"26/07/2025";"15:31:47";"111";"Com vítima";"33,740";"BR-277/PR";"Decrescente";"Tombamento";0;0;1;0;0;0;0;0;0;0;0;0;1;0;0
"26/07/2025";"16:43:17";"123";"Com vítima";"78,010";"BR-277/PR";"Crescente";"Colisão frontal";2;0;0;0;0;0;0;0;0;0;0;4;1;0;0
"26/07/2025";"18:03:11";"142";"Com vítima";"5,000";"239/PR";"Decrescente";"Colisão frontal";0;0;0;1;0;0;0;0;0;0;0;2;0;0;0
"26/07/2025";"21:20:15";"164";"Sem vítima";"303,180";"092/PR";"Crescente";"Acidentes de outra natureza";0;0;0;0;0;0;0;0;0;1;1;0;0;0;0
"26/07/2025";"22:09:55";"171";"Com vítima";"279,630";"092/PR";"Decrescente";"Atropelamento de pedestre";1;0;0;0;0;0;0;0;0;0;1;0;1;0;0
"26/07/2025";"23:10:39";"181";"Com vítima";"296,490";"092/PR";"Crescente";"Atropelamento de animal";1;0;0;0;0;0;0;0;0;0;0;1;0;0;0
"27/07/2025";"14:24:06";"88";"Com vítima";"306,550";"151/PR";"Crescente";"Queda de moto";0;0;0;1;0;0;0;0;0;0;0;1;0;0;0
"27/07/2025";"16:14:57";"107";"Com vítima";"88,000";"BR-369/PR";"Decrescente";"Colisão frontal";1;0;0;1;0;0;0;0;0;0;0;2;1;0;0
"27/07/2025";"17:51:47";"128";"Com vítima";"290,100";"092/PR";"Crescente";"Capotamento";1;0;0;0;0;0;0;0;0;0;0;0;1;0;0
"27/07/2025";"18:37:21";"137";"Com vítima";"14,100";"BR-153/PR";"Decrescente";"Queda de moto";0;0;0;1;0;0;0;0;0;0;0;1;1;0;0
"27/07/2025";"18:49:33";"139";"Sem vítima";"12,500";"BR-277/PR";"Crescente";"Colisão frontal";1;0;1;0;0;0;0;0;0;0;5;0;0;0;0
"27/07/2025";"22:54:37";"170";"Sem vítima";"302,500";"151/PR";"Crescente";"Acidentes de outra natureza";1;0;0;0;0;0;0;0;0;0;2;0;0;0;0
"28/07/2025";"06:45:56";"64";"Sem vítima";"24,200";"BR-153/PR";"Crescente";"Atropelamento de animal";0;0;1;0;0;0;0;0;0;0;1;0;0;0;0
"28/07/2025";"09:21:27";"123";"Sem vítima";"0,800";"BR-277/PR";"Crescente";"Colisão frontal";0;0;2;0;0;0;0;0;0;0;2;0;0;0;0
"28/07/2025";"10:12:29";"137";"Com vítima";"49,010";"BR-153/PR";"Crescente";"Queda de moto";0;0;0;1;0;0;0;0;0;0;0;1;0;0;0
"28/07/2025";"11:09:39";"151";"Sem vítima";"313,178";"151/PR";"Crescente";"Choque";0;0;1;0;0;0;0;0;0;0;1;0;0;0;0
"28/07/2025";"15:36:14";"219";"Com vítima";"68,200";"BR-369/PR";"Crescente";"Tombamento";0;0;1;0;0;0;0;0;0;0;0;0;1;0;0
"29/07/2025";"10:15:09";"132";"Sem vítima";"24,150";"BR-369/PR";"Crescente";"Colisão frontal";0;0;3;0;0;0;0;0;0;0;3;0;0;0;0
"29/07/2025";"18:00:11";"244";"Com vítima";"28,180";"BR-277/PR";"Crescente";"Colisão frontal";1;0;1;0;0;0;0;0;0;0;1;2;1;0;0
"29/07/2025";"19:24:28";"260";"Com vítima";"270,200";"092/PR";"Crescente";"Atropelamento de animal";0;0;0;1;0;0;0;0;0;0;0;2;0;0;0
"30/07/2025";"07:52:11";"79";"Com vítima";"83,010";"BR-369/PR";"Decrescente";"Atropelamento de animal";0;0;0;1;0;0;0;0;0;0;0;1;0;0;0
"30/07/2025";"11:31:55";"122";"Com vítima";"77,980";"BR-277/PR";"Decrescente";"Choque";1;0;0;0;0;0;0;0;0;0;0;0;1;0;0
"30/07/2025";"13:44:54";"141";"Sem vítima";"1,600";"BR-277/PR";"Decrescente";"Colisão frontal";0;0;0;1;0;0;0;0;0;1;2;0;0;0;0
"30/07/2025";"18:44:19";"183";"Sem vítima";"4,820";"BR-277/PR";"Crescente";"Colisão frontal";1;0;1;0;0;0;0;0;0;0;2;0;0;0;0
"30/07/2025";"18:52:37";"184";"Com vítima";"69,985";"BR-277/PR";"Crescente";"Engavetamento";1;0;1;1;0;0;0;0;0;0;2;1;0;0;0
"30/07/2025";"18:56:05";"185";"Sem vítima";"76,300";"BR-277/PR";"Decrescente";"Colisão frontal";1;0;0;0;0;0;0;0;0;0;1;0;0;0;0
"31/07/2025";"05:11:05";"29";"Com vítima";"194,750";"151/PR";"Crescente";"Tombamento";0;0;1;0;0;0;0;0;0;0;0;2;0;0;0
"31/07/2025";"07:45:09";"75";"Com vítima";"12,000";"408/PR";"Crescente";"Colisão frontal";1;0;0;1;0;0;0;0;0;0;1;0;1;0;0
"31/07/2025";"13:25:45";"132";"Sem vítima";"35,500";"BR-277/PR";"Crescente";"Colisão frontal";0;0;2;0;0;0;0;0;0;0;2;0;0;0;0
"31/07/2025";"14:26:37";"143";"Sem vítima";"308,000";"092/PR";"Crescente";"Colisão frontal";0;0;0;0;0;0;0;0;0;2;2;0;0;0;0
"31/07/2025";"16:46:55";"161";"Sem vítima";"30,200";"BR-277/PR";"Crescente";"Acidentes de outra natureza";1;0;0;0;0;0;0;0;0;0;1;0;0;0;0
"31/07/2025";"18:22:34";"178";"Com vítima";"1,500";"BR-277/PR";"Crescente";"Colisão frontal";2;0;1;0;0;0;0;0;0;0;4;1;0;0;0
"01/08/2025";"00:04:22";"2";"Com vítima";"39,102";"BR-277/PR";"Decrescente";"Engavetamento";0;0;2;0;0;0;0;0;0;0;1;0;1;0;0
"01/08/2025";"01:03:18";"13";"Com vítima";"10,320";"BR-153/PR";"Decrescente";"Colisão frontal";1;0;1;0;0;0;0;0;0;0;1;0;0;0;1
"01/08/2025";"10:03:26";"138";"Sem vítima";"28,120";"BR-153/PR";"Crescente";"Colisão frontal";0;0;2;0;0;0;0;0;0;0;2;0;0;0;0
"01/08/2025";"10:38:22";"148";"Com vítima";"298,264";"151/PR";"Crescente";"Capotamento";0;0;0;0;0;0;0;0;0;1;0;1;0;0;0
"01/08/2025";"14:26:34";"200";"Sem vítima";"33,800";"BR-277/PR";"Decrescente";"Colisão frontal";0;0;1;0;0;0;0;0;0;1;2;0;0;0;0
"01/08/2025";"15:04:06";"213";"Sem vítima";"75,330";"BR-277/PR";"Crescente";"Colisão lateral no mesmo sentido";3;0;0;0;0;0;0;0;0;0;5;0;0;0;0
"01/08/2025";"16:34:13";"234";"Sem vítima";"37,200";"BR-277/PR";"Decrescente";"Choque";0;0;1;0;0;0;0;0;0;0;1;0;0;0;0
"01/08/2025";"16:49:39";"238";"Com vítima";"77,100";"BR-277/PR";"Decrescente";"Choque";1;0;0;0;0;0;0;0;0;0;0;5;0;0;0
"01/08/2025";"18:47:06";"262";"Com vítima";"76,100";"BR-277/PR";"Crescente";"Colisão frontal";1;0;0;1;0;0;0;0;0;0;1;1;0;0;0
"01/08/2025";"20:39:58";"277";"Sem vítima";"60,500";"BR-277/PR";"Crescente";"Queda de moto";1;0;0;0;0;0;0;0;0;0;4;0;0;0;0
"01/08/2025";"23:55:22";"297";"Com vítima";"228,316";"092/PR";"Decrescente";"Queda de moto";1;0;0;0;0;0;0;0;0;0;0;0;1;0;0
"02/08/2025";"00:48:41";"11";"Sem vítima";"71,200";"BR-369/PR";"Decrescente";"Atropelamento de animal";0;0;0;0;0;0;0;0;0;1;2;0;0;0;0
"02/08/2025";"04:50:46";"29";"Com vítima";"0,010";"407/PR";"Decrescente";"Queda de moto";0;0;0;1;0;0;0;0;0;0;0;0;1;0;0
"02/08/2025";"07:49:10";"54";"Com vítima";"6,250";"BR-277/PR";"Decrescente";"Colisão frontal";1;0;0;1;0;0;0;0;0;0;1;0;1;0;0
"02/08/2025";"09:07:18";"79";"Sem vítima";"5,200";"407/PR";"Decrescente";"Colisão frontal";1;0;0;1;0;0;0;0;0;0;2;0;0;0;0
"02/08/2025";"10:43:39";"100";"Com vítima";"40,120";"BR-277/PR";"Decrescente";"Queda de moto";0;0;0;1;0;0;0;0;0;0;0;1;0;0;0
"02/08/2025";"12:31:43";"129";"Com vítima";"83,200";"BR-277/PR";"Decrescente";"Colisão frontal";1;0;0;1;0;0;0;0;0;0;1;1;0;0;0
"02/08/2025";"15:54:56";"165";"Com vítima";"19,815";"BR-369/PR";"Decrescente";"Colisão frontal";0;0;0;2;0;0;0;0;0;0;0;2;0;0;0
"02/08/2025";"19:51:46";"212";"Sem vítima";"7,500";"508/PR";"Crescente";"Capotamento";1;0;0;0;0;0;0;0;0;0;2;0;0;0;0
"02/08/2025";"20:53:33";"221";"Sem vítima";"58,100";"BR-277/PR";"Crescente";"Capotamento";1;0;0;0;0;0;0;0;0;0;1;0;0;0;0
"02/08/2025";"21:29:31";"225";"Sem vítima";"49,520";"BR-153/PR";"Decrescente";"Colisão frontal";1;0;1;0;0;0;0;0;0;0;4;0;0;0;0
"03/08/2025";"00:55:10";"10";"Sem vítima";"70,200";"BR-277/PR";"Decrescente";"Colisão frontal";2;0;0;0;0;0;0;0;0;0;2;0;0;0;0
"03/08/2025";"03:52:17";"30";"Com vítima";"278,454";"092/PR";"Decrescente";"Queda de moto";0;0;0;1;0;0;0;0;0;0;0;1;0;0;0
"03/08/2025";"04:10:03";"32";"Sem vítima";"5,500";"408/PR";"Crescente";"Choque";2;0;0;0;0;0;0;0;0;0;3;0;0;0;0
"03/08/2025";"04:48:00";"33";"Com vítima";"9,576";"407/PR";"Decrescente";"Colisão frontal";1;0;0;1;0;0;0;0;0;0;0;3;0;0;1
"03/08/2025";"05:43:40";"35";"Com vítima";"291,010";"151/PR";"Crescente";"Choque";0;0;0;0;0;0;0;0;0;1;0;1;0;0;0
"03/08/2025";"08:07:40";"55";"Sem vítima";"39,895";"BR-277/PR";"Crescente";"Queda de moto";0;0;0;1;0;0;0;0;0;0;1;0;0;0;0
"03/08/2025";"08:14:11";"57";"Sem vítima";"4,410";"407/PR";"Crescente";"Capotamento";1;0;0;0;0;0;0;0;0;0;0;0;0;0;0
"03/08/2025";"08:47:12";"63";"Com vítima";"14,471";"508/PR";"Decrescente";"Choque";0;0;0;1;0;0;0;0;0;0;1;1;0;0;0
"03/08/2025";"08:49:23";"64";"Sem vítima";"74,380";"BR-277/PR";"Decrescente";"Capotamento";1;0;0;0;0;0;0;0;0;0;0;0;0;0;0
"03/08/2025";"09:47:16";"81";"Com vítima";"277,310";"092/PR";"Decrescente";"Colisão transversal";2;0;0;1;0;0;0;0;0;0;0;1;3;0;1
"03/08/2025";"13:52:28";"128";"Com vítima";"9,453";"508/PR";"Decrescente";"Queda de moto";0;0;0;1;0;0;0;0;0;0;0;2;0;0;0
"03/08/2025";"18:17:14";"184";"Sem vítima";"40,820";"BR-277/PR";"Decrescente";"Colisão frontal";2;0;0;0;0;0;0;0;0;0;3;0;0;0;0
"03/08/2025";"18:47:48";"189";"Sem vítima";"76,100";"BR-277/PR";"Crescente";"Colisão frontal";1;0;0;0;0;0;0;0;0;1;2;0;0;0;0
"03/08/2025";"18:52:29";"194";"Sem vítima";"65,200";"BR-369/PR";"Crescente";"Colisão lateral no mesmo sentido";2;0;0;0;0;0;0;0;0;0;5;0;0;0;0
"03/08/2025";"19:17:25";"197";"Com vítima";"80,100";"BR-277/PR";"Crescente";"Queda de moto";0;0;0;1;0;0;0;0;0;0;0;2;0;0;0
"03/08/2025";"20:50:56";"212";"Com vítima";"2,917";"407/PR";"Crescente";"Colisão frontal";0;1;0;0;0;0;0;0;0;1;0;0;1;2;0
"04/08/2025";"14:54:49";"141";"Com vítima";"4,259";"BR-277/PR";"Decrescente";"Atropelamento de pedestre";1;0;0;0;0;0;0;0;0;0;1;0;0;1;0
"04/08/2025";"15:47:34";"151";"Sem vítima";"314,600";"151/PR";"Crescente";"Choque";1;0;0;0;0;0;0;0;0;0;1;0;0;0;0
"04/08/2025";"16:18:31";"157";"Com vítima";"39,460";"BR-277/PR";"Decrescente";"Colisão frontal";0;0;2;0;0;0;0;0;0;0;1;1;0;0;0
"04/08/2025";"18:55:01";"180";"Com vítima";"37,009";"BR-369/PR";"Crescente";"Queda de moto";0;0;0;1;0;0;0;0;0;0;0;1;0;0;0
"04/08/2025";"19:11:30";"183";"Com vítima";"82,950";"BR-277/PR";"Decrescente";"Queda de moto";0;0;0;1;0;0;0;0;0;0;0;0;1;0;0
"04/08/2025";"20:39:54";"194";"Com vítima";"83,320";"BR-277/PR";"Decrescente";"Colisão lateral em sentido contrário";1;0;0;1;0;0;0;0;0;0;0;1;0;0;0
"04/08/2025";"20:57:27";"196";"Com vítima";"273,430";"092/PR";"Decrescente";"Colisão frontal";1;0;1;0;0;0;0;0;0;0;2;2;0;0;0
"04/08/2025";"23:04:40";"206";"Com vítima";"7,250";"BR-277/PR";"Crescente";"Colisão traseira";1;0;0;1;0;0;0;0;0;0;1;0;1;0;0
"05/08/2025";"06:02:27";"24";"Com vítima";"1,010";"BR-277/PR";"Crescente";"Queda de moto";0;0;0;1;0;0;0;0;0;0;1;0;1;0;0
"05/08/2025";"07:31:53";"44";"Com vítima";"76,900";"BR-277/PR";"Crescente";"Colisão frontal";1;0;0;1;0;0;0;0;0;0;1;1;0;0;0
"05/08/2025";"11:37:18";"93";"Sem vítima";"36,600";"BR-277/PR";"Decrescente";"Colisão frontal";0;0;2;0;0;0;0;0;0;0;2;0;0;0;0