data;horario;n_da_ocorrencia;tipo_de_ocorrencia;km;trecho;sentido;tipo_de_acidente;automovel;bicicleta;caminhao;moto;onibus;outros;tracao_animal;transporte_de_cargas_especiais;trator_maquinas;utilitarios;ilesos;levemente_feridos;moderadamente_feridos;gravemente_feridos;mortos
"05/08/2025";"13:24:57";"104";"Com vítima";"0,010";"BR-277/PR";"Crescente";"Atropelamento de pedestre";1;0;0;0;0;0;0;0;0;0;1;0;1;0;0
"06/08/2025";"05:57:16";"26";"Sem vítima";"271,980";"151/PR";"Crescente";"Choque";1;0;0;0;0;0;0;0;0;0;4;0;0;0;0
"06/08/2025";"08:28:03";"76";"Sem vítima";"83,430";"BR-277/PR";"Crescente";"Colisão frontal";1;0;0;1;0;0;0;0;0;0;2;0;0;0;0
"06/08/2025";"12:33:04";"144";"Sem vítima";"33,120";"BR-369/PR";"Crescente";"Choque";0;0;0;0;0;0;0;0;0;1;0;0;0;0;0
"06/08/2025";"13:56:45";"154";"Com vítima";"197,110";"151/PR";"Decrescente";"Tombamento";0;0;1;0;0;0;0;0;0;0;0;0;1;0;0
"06/08/2025";"14:04:53";"156";"Sem vítima";"1,860";"BR-277/PR";"Decrescente";"Colisão frontal";1;0;0;0;0;0;0;0;0;0;4;0;0;0;0
"06/08/2025";"14:54:07";"164";"Sem vítima";"32,230";"BR-277/PR";"Decrescente";"Acidentes de outra natureza";0;0;0;0;0;0;0;0;0;1;1;0;0;0;0
"06/08/2025";"15:08:42";"165";"Sem vítima";"31,160";"BR-277/PR";"Decrescente";"Choque";0;0;1;0;0;0;0;0;0;1;2;0;0;0;0
"06/08/2025";"15:24:40";"170";"Sem vítima";"216,120";"092/PR";"Decrescente";"Acidentes de outra natureza";1;0;0;0;0;0;0;0;0;0;2;0;0;0;0
"06/08/2025";"18:49:11";"203";"Com vítima";"320,900";"092/PR";"Crescente";"Colisão frontal";0;0;0;1;0;0;0;0;0;1;2;0;1;0;0
"06/08/2025";"19:09:49";"207";"Com vítima";"3,500";"407/PR";"Crescente";"Choque";1;0;0;0;0;0;0;0;0;0;0;0;1;0;0
"07/08/2025";"01:59:01";"21";"Com vítima";"3,300";"407/PR";"Crescente";"Queda de moto";0;0;0;1;0;0;0;0;0;0;0;0;1;0;0
"07/08/2025";"06:39:57";"55";"Sem vítima";"82,980";"BR-277/PR";"Crescente";"Colisão frontal";2;0;0;0;0;0;0;0;0;1;4;0;0;0;0
"07/08/2025";"08:00:11";"82";"Sem vítima";"76,120";"BR-277/PR";"Crescente";"Engavetamento";1;0;0;1;0;0;0;0;0;0;3;0;0;0;0
"07/08/2025";"08:09:27";"84";"Sem vítima";"8,000";"407/PR";"Decrescente";"Acidentes de outra natureza";1;0;0;0;0;0;0;0;0;0;1;0;0;0;0
"07/08/2025";"08:59:34";"98";"Sem vítima";"43,340";"BR-153/PR";"Decrescente";"Colisão frontal";1;0;0;0;0;0;0;0;0;0;1;0;0;0;0
"07/08/2025";"11:35:16";"138";"Sem vítima";"298,744";"092/PR";"Crescente";"Choque";0;0;1;0;0;0;0;0;0;0;1;0;0;0;0
"07/08/2025";"12:25:21";"151";"Com vítima";"7,800";"BR-277/PR";"Crescente";"Colisão frontal";0;0;1;1;0;0;0;0;0;0;1;0;0;1;0
"07/08/2025";"13:36:34";"168";"Com vítima";"34,800";"BR-153/PR";"Crescente";"Colisão frontal";0;0;2;0;0;0;0;0;0;0;2;2;0;0;0
"07/08/2025";"13:48:35";"175";"Com vítima";"14,100";"407/PR";"Decrescente";"Colisão lateral no mesmo sentido";0;0;2;0;0;0;0;0;0;0;1;1;0;0;0
"07/08/2025";"17:22:40";"219";"Com vítima";"67,894";"BR-277/PR";"Decrescente";"Queda de moto";0;0;1;1;0;0;0;0;0;0;1;1;0;0;0
"07/08/2025";"17:26:57";"220";"Com vítima";"82,995";"BR-277/PR";"Decrescente";"Colisão frontal";1;0;0;1;0;0;0;0;0;0;2;0;1;0;0
"07/08/2025";"18:33:40";"231";"Com vítima";"260,921";"092/PR";"Decrescente";"Colisão frontal";1;0;0;0;0;0;0;0;0;0;0;1;0;0;0
"07/08/2025";"19:09:58";"242";"Com vítima";"237,010";"092/PR";"Decrescente";"Colisão frontal";1;0;1;0;0;0;0;0;0;0;0;3;0;0;0
"07/08/2025";"19:25:04";"244";"Sem vítima";"298,100";"151/PR";"Crescente";"Queda de moto";1;0;0;0;0;0;0;0;0;0;1;0;0;0;0
"07/08/2025";"21:30:30";"259";"Sem vítima";"4,500";"BR-153/PR";"Decrescente";"Colisão frontal";1;0;0;1;0;0;0;0;0;0;2;0;0;0;0
"08/08/2025";"04:41:09";"44";"Com vítima";"74,400";"BR-277/PR";"Decrescente";"Colisão frontal";0;0;1;0;0;0;0;0;0;0;0;2;0;0;0
"08/08/2025";"05:33:55";"48";"Sem vítima";"82,900";"BR-277/PR";"Decrescente";"Choque";1;0;0;0;0;0;0;0;0;0;1;0;0;0;0
"08/08/2025";"07:51:02";"79";"Sem vítima";"31,477";"BR-277/PR";"Crescente";"Capotamento";1;0;0;0;0;0;0;0;0;0;1;0;0;0;0
"08/08/2025";"08:39:07";"97";"Sem vítima";"31,120";"BR-277/PR";"Decrescente";"Choque";1;0;0;0;0;0;0;0;0;0;2;0;0;0;0
"08/08/2025";"08:54:04";"100";"Com vítima";"38,120";"BR-277/PR";"Crescente";"Colisão lateral em sentido contrário";1;0;1;0;0;0;0;0;0;0;0;3;1;0;0
"08/08/2025";"08:55:36";"101";"Com vítima";"288,140";"151/PR";"Crescente";"Choque";1;0;0;0;0;0;0;0;0;0;3;1;0;0;0
"08/08/2025";"09:49:43";"112";"Sem vítima";"284,150";"151/PR";"Crescente";"Capotamento";1;0;0;0;0;0;0;0;0;0;1;0;0;0;0
"08/08/2025";"10:40:18";"118";"Sem vítima";"68,120";"BR-277/PR";"Crescente";"Choque";1;0;0;0;0;0;0;0;0;0;1;0;0;0;0
"08/08/2025";"11:45:53";"131";"Com vítima";"38,120";"BR-277/PR";"Crescente";"Choque";0;0;0;0;0;0;0;0;0;1;0;2;0;0;0
"08/08/2025";"12:26:34";"137";"Sem vítima";"43,120";"BR-277/PR";"Crescente";"Colisão frontal";1;0;0;1;0;0;0;0;0;0;3;0;0;0;0
"08/08/2025";"14:19:48";"147";"Sem vítima";"38,500";"BR-277/PR";"Crescente";"Queda de moto";1;0;0;0;0;0;0;0;0;0;4;0;0;0;0
"08/08/2025";"16:19:34";"172";"Com vítima";"81,120";"BR-277/PR";"Crescente";"Engavetamento";3;0;0;0;0;0;0;0;0;0;2;2;0;0;0
"08/08/2025";"16:35:25";"174";"Com vítima";"85,120";"BR-369/PR";"Crescente";"Colisão frontal";1;0;0;1;0;0;0;0;0;0;1;1;0;0;0
"08/08/2025";"16:35:46";"175";"Sem vítima";"83,120";"BR-277/PR";"Decrescente";"Acidentes de outra natureza";0;0;0;3;0;0;0;0;0;0;3;0;0;0;0
"08/08/2025";"17:24:10";"179";"Com vítima";"75,500";"BR-277/PR";"Crescente";"Colisão frontal";1;0;0;1;0;0;0;0;0;0;1;1;1;0;0
"08/08/2025";"17:32:09";"181";"Com vítima";"79,120";"BR-277/PR";"Decrescente";"Queda de moto";0;0;0;1;0;0;0;0;0;0;0;0;1;0;0
"08/08/2025";"17:36:39";"183";"Com vítima";"23,820";"BR-153/PR";"Decrescente";"Colisão frontal";0;0;0;1;0;0;0;0;0;0;0;1;0;0;0
"08/08/2025";"17:58:52";"187";"Sem vítima";"39,520";"BR-153/PR";"Crescente";"Capotamento";2;0;0;0;0;0;0;0;0;0;2;0;0;0;0
"08/08/2025";"18:27:46";"192";"Sem vítima";"222,510";"151/PR";"Decrescente";"Colisão frontal";1;0;0;0;0;0;0;0;0;0;1;0;0;0;0
"08/08/2025";"18:28:24";"191";"Com vítima";"69,050";"BR-277/PR";"Decrescente";"Queda de moto";2;0;0;1;0;0;0;0;0;0;1;1;1;0;0
"08/08/2025";"18:34:56";"196";"Com vítima";"13,350";"407/PR";"Decrescente";"Colisão frontal";4;0;0;0;0;0;0;0;0;0;2;1;2;0;0
"08/08/2025";"20:00:36";"212";"Sem vítima";"303,200";"151/PR";"Crescente";"Capotamento";1;0;0;0;0;0;0;0;0;0;1;0;0;0;0
"08/08/2025";"21:13:10";"222";"Sem vítima";"36,800";"BR-277/PR";"Crescente";"Colisão frontal";1;0;0;0;0;0;0;0;0;0;1;0;0;0;0
"08/08/2025";"21:44:57";"229";"Com vítima";"82,140";"BR-277/PR";"Crescente";"Choque";1;0;0;1;0;0;0;0;0;0;0;2;0;0;0
"08/08/2025";"23:18:29";"236";"Com vítima";"278,300";"092/PR";"Crescente";"Capotamento";1;0;0;0;0;0;0;0;0;0;0;1;0;0;0
"09/08/2025";"04:31:14";"23";"Com vítima";"4,707";"BR-277/PR";"Decrescente";"Colisão frontal";1;0;1;0;0;0;0;0;0;0;0;2;0;0;0
"09/08/2025";"05:52:05";"26";"Sem vítima";"304,670";"092/PR";"Crescente";"Queda de moto";0;0;0;1;0;0;0;0;0;0;2;0;0;0;0
"09/08/2025";"12:17:40";"83";"Com vítima";"7,010";"BR-153/PR";"Crescente";"Tombamento";0;0;1;0;0;0;0;0;0;0;0;1;0;0;0
"10/08/2025";"06:27:02";"40";"Com vítima";"75,800";"BR-277/PR";"Crescente";"Colisão frontal";1;0;0;1;0;0;0;0;0;0;1;0;2;0;0
"10/08/2025";"11:14:19";"64";"Com vítima";"28,200";"508/PR";"Crescente";"Engavetamento";2;0;0;0;0;0;0;0;0;0;0;5;2;0;0
"10/08/2025";"12:18:35";"71";"Sem vítima";"51,100";"BR-369/PR";"Crescente";"Colisão frontal";2;0;0;0;0;0;0;0;0;0;2;0;0;0;0
"10/08/2025";"19:20:08";"146";"Com vítima";"23,910";"BR-153/PR";"Decrescente";"Colisão frontal";1;0;1;0;0;0;0;0;0;0;1;4;0;0;0
"10/08/2025";"22:53:58";"179";"Sem vítima";"43,500";"BR-153/PR";"Crescente";"Engavetamento";2;0;0;0;0;0;0;0;0;0;3;0;0;0;0
"11/08/2025";"01:33:11";"16";"Sem vítima";"74,480";"BR-277/PR";"Decrescente";"Choque";1;0;0;0;0;0;0;0;0;0;0;0;0;0;0
"11/08/2025";"06:30:00";"31";"Com vítima";"3,460";"BR-277/PR";"Decrescente";"Colisão frontal";1;0;0;1;0;0;0;0;0;0;1;0;1;0;0
"11/08/2025";"06:51:26";"42";"Sem vítima";"5,400";"BR-277/PR";"Crescente";"Colisão frontal";1;0;0;0;0;0;0;0;0;0;0;0;0;0;0
"11/08/2025";"10:47:32";"112";"Com vítima";"224,360";"092/PR";"Decrescente";"Colisão frontal";1;0;0;1;0;0;0;0;0;0;1;0;0;1;0
"11/08/2025";"16:16:50";"183";"Sem vítima";"54,470";"BR-277/PR";"Crescente";"Choque";1;0;0;0;0;0;0;0;0;0;4;0;0;0;0
"11/08/2025";"17:06:00";"193";"Sem vítima";"48,500";"BR-277/PR";"Crescente";"Choque";0;0;1;0;0;0;0;0;0;0;1;0;0;0;0
"11/08/2025";"20:12:44";"218";"Com vítima";"261,100";"092/PR";"Decrescente";"Colisão frontal";1;0;1;0;0;0;0;0;0;0;1;0;1;0;0
"11/08/2025";"21:11:05";"225";"Com vítima";"288,210";"092/PR";"Crescente";"Queda de moto";0;0;0;1;0;0;0;0;0;0;0;2;0;0;0
"12/08/2025";"01:47:42";"19";"Sem vítima";"265,210";"151/PR";"Decrescente";"Queda de moto";0;0;0;0;0;0;0;0;0;1;1;0;0;0;0
"12/08/2025";"04:30:51";"32";"Sem vítima";"214,953";"092/PR";"Decrescente";"Atropelamento de animal";0;0;0;0;0;0;0;0;0;1;5;0;0;0;0
"12/08/2025";"05:21:57";"35";"Com vítima";"33,100";"BR-277/PR";"Decrescente";"Tombamento";0;0;1;0;0;0;0;0;0;0;0;1;0;0;1
"12/08/2025";"06:45:38";"58";"Sem vítima";"36,800";"BR-277/PR";"Decrescente";"Acidentes de outra natureza";0;0;1;0;0;0;0;0;0;0;2;0;0;0;0
"12/08/2025";"09:22:53";"103";"Sem vítima";"1,120";"BR-369/PR";"Crescente";"Colisão frontal";1;0;0;0;0;0;0;0;0;1;2;0;0;0;0
"12/08/2025";"11:45:24";"141";"Com vítima";"312,500";"151/PR";"Crescente";"Colisão frontal";1;0;0;0;0;0;0;0;0;1;1;1;0;0;0
"12/08/2025";"12:24:26";"153";"Sem vítima";"82,950";"BR-277/PR";"Crescente";"Choque";1;0;0;0;0;0;0;0;0;0;2;0;0;0;0
"12/08/2025";"14:17:04";"170";"Sem vítima";"213,370";"092/PR";"Crescente";"Tombamento";0;0;1;0;0;0;0;0;0;0;1;0;0;0;0
"12/08/2025";"21:57:33";"234";"Sem vítima";"63,450";"BR-369/PR";"Crescente";"Atropelamento de animal";1;0;0;0;0;0;0;0;0;0;4;0;0;0;0
"12/08/2025";"21:59:33";"235";"Sem vítima";"317,120";"151/PR";"Decrescente";"Colisão frontal";1;0;0;0;0;0;0;0;0;0;2;0;0;0;0
"13/08/2025";"07:00:25";"50";"Sem vítima";"8,600";"BR-277/PR";"Decrescente";"Colisão frontal";2;0;0;0;0;0;0;0;0;0;2;0;0;0;0
"13/08/2025";"07:14:43";"57";"Com vítima";"16,500";"BR-369/PR";"Crescente";"Acidentes de outra natureza";4;0;0;0;0;0;0;0;0;0;6;1;0;0;0
"13/08/2025";"07:28:30";"66";"Com vítima";"197,110";"151/PR";"Decrescente";"Tombamento";0;0;1;0;0;0;0;0;0;0;0;1;0;0;0
"13/08/2025";"07:51:12";"71";"Sem vítima";"223,340";"151/PR";"Decrescente";"Colisão frontal";0;0;2;0;0;0;0;0;0;0;2;0;0;0;0
"13/08/2025";"08:09:26";"77";"Com vítima";"76,810";"BR-277/PR";"Crescente";"Colisão frontal";1;0;0;1;0;0;0;0;0;0;2;0;1;0;0
"13/08/2025";"08:53:12";"85";"Sem vítima";"43,100";"BR-277/PR";"Decrescente";"Choque";0;0;0;0;0;0;0;0;0;1;1;0;0;0;0
"13/08/2025";"10:32:31";"101";"Sem vítima";"33,184";"BR-153/PR";"Decrescente";"Colisão frontal";2;0;0;0;0;0;0;0;0;0;2;0;0;0;0
"13/08/2025";"13:26:09";"125";"Sem vítima";"83,120";"BR-277/PR";"Crescente";"Colisão frontal";2;0;0;0;0;0;0;0;0;0;2;0;0;0;0
"13/08/2025";"16:42:17";"161";"Com vítima";"29,147";"BR-369/PR";"Decrescente";"Choque";1;0;0;0;0;0;0;0;0;0;0;1;0;0;0
"14/08/2025";"01:04:34";"21";"Com vítima";"7,090";"BR-277/PR";"Decrescente";"Colisão frontal";0;0;2;0;0;0;0;0;0;0;0;1;1;0;0
"14/08/2025";"02:10:59";"23";"Com vítima";"287,830";"151/PR";"Decrescente";"Tombamento";0;0;1;0;0;0;0;0;0;0;0;0;1;0;0
"14/08/2025";"12:48:33";"128";"Com vítima";"24,238";"BR-153/PR";"Decrescente";"Colisão frontal";1;0;0;0;0;0;0;0;0;1;2;3;0;0;0
"14/08/2025";"14:36:55";"147";"Sem vítima";"223,910";"151/PR";"Crescente";"Colisão frontal";0;0;2;0;0;0;0;0;0;0;2;0;0;0;0
"14/08/2025";"15:06:09";"151";"Com vítima";"7,500";"BR-277/PR";"Decrescente";"Colisão frontal";1;0;0;1;0;0;0;0;0;0;2;0;1;0;0
"15/08/2025";"08:47:39";"106";"Com vítima";"287,800";"151/PR";"Decrescente";"Colisão frontal";0;0;2;0;0;0;0;0;0;0;1;0;1;0;0
"15/08/2025";"11:21:03";"151";"Com vítima";"73,478";"BR-277/PR";"Crescente";"Capotamento";1;0;0;0;0;0;0;0;0;0;0;0;1;0;0
"15/08/2025";"11:43:28";"155";"Sem vítima";"38,250";"BR-277/PR";"Crescente";"Colisão frontal";2;0;0;0;0;0;0;0;0;0;2;0;0;0;0
"15/08/2025";"13:42:01";"173";"Sem vítima";"30,550";"BR-153/PR";"Crescente";"Tombamento";0;0;1;0;0;0;0;0;0;0;1;0;0;0;0
"15/08/2025";"16:43:42";"205";"Com vítima";"201,120";"092/PR";"Crescente";"Colisão frontal";1;0;0;1;0;0;0;0;0;0;2;2;1;0;0
"16/08/2025";"03:10:33";"16";"Sem vítima";"215,100";"092/PR";"Crescente";"Queda de moto";1;0;0;0;0;0;0;0;0;0;1;0;0;0;0
"16/08/2025";"08:26:00";"69";"Sem vítima";"36,120";"BR-277/PR";"Crescente";"Choque";1;0;0;0;0;0;0;0;0;0;2;0;0;0;0
"16/08/2025";"09:31:11";"89";"Sem vítima";"32,120";"BR-277/PR";"Decrescente";"Choque";1;0;0;0;0;0;0;0;0;0;1;0;0;0;0
"16/08/2025";"09:52:04";"93";"Sem vítima";"40,009";"BR-277/PR";"Crescente";"Acidentes de outra natureza";0;0;1;0;0;0;0;0;0;0;1;0;0;0;0
"16/08/2025";"15:42:09";"159";"Com vítima";"4,200";"BR-153/PR";"Crescente";"Colisão frontal";0;0;0;0;0;0;0;0;0;2;4;2;0;0;0
"16/08/2025";"17:44:08";"175";"Sem vítima";"72,150";"BR-277/PR";"Crescente";"Choque";0;0;0;0;0;0;0;0;0;1;1;0;0;0;0
"16/08/2025";"18:03:16";"180";"Sem vítima";"38,500";"BR-277/PR";"Decrescente";"Choque";1;0;0;0;0;0;0;0;0;0;1;0;0;0;0
"16/08/2025";"18:23:32";"182";"Com vítima";"79,400";"BR-277/PR";"Crescente";"Colisão frontal";1;0;0;1;0;0;0;0;0;0;1;0;1;0;0
"16/08/2025";"19:51:30";"194";"Com vítima";"9,547";"408/PR";"Crescente";"Atropelamento de pedestre";0;0;0;1;0;0;0;0;0;0;0;0;1;0;0
"16/08/2025";"22:58:14";"222";"Com vítima";"3,200";"408/PR";"Decrescente";"Capotamento";1;0;0;0;0;0;0;0;0;0;0;0;1;0;0
"17/08/2025";"11:08:15";"140";"Com vítima";"8,400";"407/PR";"Decrescente";"Queda de moto";1;0;0;0;0;0;0;0;0;0;0;1;0;0;0
"17/08/2025";"11:31:59";"148";"Com vítima";"213,290";"092/PR";"Crescente";"Tombamento";0;0;1;0;0;0;0;0;0;0;0;0;1;0;0
"17/08/2025";"17:34:04";"227";"Sem vítima";"63,200";"BR-277/PR";"Crescente";"Choque";1;0;0;0;0;0;0;0;0;0;1;0;0;0;0
"17/08/2025";"18:42:43";"248";"Sem vítima";"73,950";"BR-277/PR";"Crescente";"Colisão transversal";3;0;0;0;0;0;0;0;0;0;10;0;0;0;0
"17/08/2025";"19:16:20";"254";"Com vítima";"287,500";"151/PR";"Crescente";"Atropelamento de animal";0;0;0;1;0;0;0;0;0;0;0;1;0;0;0
"17/08/2025";"22:44:06";"287";"Com vítima";"77,368";"BR-277/PR";"Decrescente";"Colisão frontal";2;0;0;0;0;0;0;0;0;0;0;0;1;1;0
"18/08/2025";"08:09:45";"70";"Sem vítima";"76,130";"BR-277/PR";"Crescente";"Capotamento";0;0;0;0;0;0;0;0;0;1;1;0;0;0;0
"18/08/2025";"08:25:10";"77";"Com vítima";"23,200";"BR-277/PR";"Crescente";"Colisão frontal";1;0;0;0;1;0;0;0;0;0;1;0;3;0;0
"19/08/2025";"17:08:18";"158";"Com vítima";"52,905";"BR-277/PR";"Decrescente";"Capotamento";1;0;1;0;0;0;0;0;0;0;1;3;0;0;0
"20/08/2025";"07:46:06";"74";"Com vítima";"275,505";"151/PR";"Decrescente";"Queda de moto";1;0;0;0;0;0;0;0;0;0;0;1;0;0;0
"20/08/2025";"09:51:36";"115";"Sem vítima";"310,120";"151/PR";"Decrescente";"Choque";0;0;1;0;0;0;0;0;0;0;1;0;0;0;0
"20/08/2025";"11:00:25";"133";"Sem vítima";"25,030";"BR-153/PR";"Crescente";"Colisão frontal";0;0;1;1;0;0;0;0;0;0;2;0;0;0;0
"20/08/2025";"18:48:43";"217";"Com vítima";"15,633";"BR-369/PR";"Decrescente";"Colisão frontal";0;0;1;1;0;0;0;0;0;0;1;0;1;0;0
"20/08/2025";"19:12:07";"223";"Com vítima";"288,850";"151/PR";"Decrescente";"Atropelamento de pedestre";1;0;0;0;0;0;0;0;0;1;5;0;0;0;1
"20/08/2025";"20:09:51";"235";"Com vítima";"3,430";"BR-277/PR";"Decrescente";"Colisão frontal";0;0;1;1;0;0;0;0;0;0;0;1;1;0;0
"21/08/2025";"09:19:02";"107";"Com vítima";"44,120";"BR-277/PR";"Decrescente";"Tombamento";0;0;1;0;0;0;0;0;0;0;0;0;1;0;0
"21/08/2025";"11:26:50";"141";"Sem vítima";"261,200";"151/PR";"Decrescente";"Colisão frontal";0;0;2;0;0;0;0;0;0;0;2;0;0;0;0
"21/08/2025";"23:36:52";"274";"Sem vítima";"237,870";"092/PR";"Crescente";"Colisão frontal";2;0;0;0;0;0;0;0;0;0;2;0;0;0;0
"22/08/2025";"00:58:17";"8";"Sem vítima";"46,100";"BR-369/PR";"Crescente";"Atropelamento de animal";1;0;0;0;0;0;0;0;0;0;2;0;0;0;0
"22/08/2025";"14:54:26";"146";"Com vítima";"1,480";"BR-277/PR";"Decrescente";"Colisão frontal";0;0;0;2;0;0;0;0;0;0;1;1;0;0;0
"22/08/2025";"15:11:51";"151";"Sem vítima";"42,010";"BR-277/PR";"Decrescente";"Queda de moto";0;0;0;1;0;0;0;0;0;0;1;0;0;0;0
"22/08/2025";"15:56:36";"160";"Sem vítima";"7,010";"508/PR";"Crescente";"Acidentes de outra natureza";1;0;0;0;0;0;0;0;0;0;1;0;0;0;0
"22/08/2025";"16:57:47";"170";"Com vítima";"70,000";"BR-277/PR";"Decrescente";"Choque";1;0;0;0;0;0;0;0;0;0;0;1;0;0;0
"22/08/2025";"19:50:50";"201";"Com vítima";"229,310";"092/PR";"Decrescente";"Colisão frontal";1;0;1;0;0;0;0;0;0;0;1;1;0;0;0
"22/08/2025";"20:33:32";"209";"Com vítima";"5,200";"407/PR";"Crescente";"Colisão frontal";2;0;0;0;0;0;0;0;0;0;4;1;0;0;0
"22/08/2025";"22:19:10";"220";"Com vítima";"262,300";"151/PR";"Crescente";"Engavetamento";0;0;1;0;0;0;0;0;0;1;1;1;0;0;0
"23/08/2025";"04:34:34";"28";"Sem vítima";"71,760";"BR-277/PR";"Decrescente";"Capotamento";1;0;0;0;0;0;0;0;0;0;1;0;0;0;0
"23/08/2025";"07:54:30";"52";"Com vítima";"44,747";"BR-277/PR";"Decrescente";"Capotamento";1;0;0;0;0;0;0;0;0;0;0;3;0;0;0
"23/08/2025";"09:52:36";"69";"Sem vítima";"38,050";"BR-277/PR";"Decrescente";"Colisão lateral no mesmo sentido";2;0;0;0;0;0;0;0;0;0;8;0;0;0;0
"23/08/2025";"12:20:08";"97";"Com vítima";"69,900";"BR-277/PR";"Decrescente";"Tombamento";0;0;0;1;0;0;0;0;0;0;0;1;0;0;0
"23/08/2025";"14:08:10";"119";"Com vítima";"312,352";"151/PR";"Decrescente";"Colisão frontal";2;0;0;0;0;0;0;0;0;0;1;1;0;0;0
"23/08/2025";"15:25:58";"140";"Sem vítima";"54,280";"BR-277/PR";"Crescente";"Tombamento";0;0;1;0;0;0;0;0;0;0;1;0;0;0;0
"23/08/2025";"19:04:15";"188";"Sem vítima";"227,937";"092/PR";"Crescente";"Queda de moto";0;0;0;1;0;0;0;0;0;0;1;0;0;0;0
"23/08/2025";"22:46:28";"226";"Com vítima";"24,800";"BR-153/PR";"Decrescente";"Colisão frontal";0;0;1;1;0;0;0;0;0;0;1;0;0;0;1
"24/08/2025";"02:45:05";"28";"Com vítima";"224,030";"092/PR";"Crescente";"Queda de moto";1;0;0;0;0;0;0;0;0;0;1;1;0;0;0
"24/08/2025";"09:10:16";"57";"Sem vítima";"6,500";"BR-277/PR";"Crescente";"Choque";1;0;0;0;0;0;0;0;0;0;1;0;0;0;0
"24/08/2025";"09:14:34";"59";"Com vítima";"71,213";"BR-369/PR";"Decrescente";"Colisão transversal";1;0;0;1;0;0;0;0;0;0;0;4;2;0;0
"24/08/2025";"12:04:30";"79";"Com vítima";"47,768";"BR-277/PR";"Decrescente";"Choque";1;0;0;0;0;0;0;0;0;0;0;1;0;0;0
"24/08/2025";"15:16:30";"103";"Com vítima";"5,000";"239/PR";"Decrescente";"Capotamento";1;0;0;0;0;0;0;0;0;0;0;1;0;0;0
"24/08/2025";"21:14:07";"168";"Sem vítima";"1,100";"BR-277/PR";"Crescente";"Colisão frontal";1;0;1;0;0;0;0;0;0;0;2;0;0;0;0
"25/08/2025";"00:41:28";"9";"Sem vítima";"41,800";"BR-277/PR";"Crescente";"Queda de moto";0;0;0;1;0;0;0;0;0;0;1;0;0;0;0
"25/08/2025";"03:58:26";"29";"Com vítima";"15,500";"408/PR";"Decrescente";"Capotamento";1;0;0;0;0;0;0;0;0;0;0;3;0;0;0
"25/08/2025";"05:14:47";"33";"Com vítima";"77,819";"BR-277/PR";"Crescente";"Atropelamento de animal";1;0;0;0;0;0;0;0;0;0;0;1;0;0;0
"25/08/2025";"06:44:23";"51";"Sem vítima";"32,231";"BR-277/PR";"Crescente";"Queda de moto";1;0;0;0;0;0;0;0;0;0;2;0;0;0;0
"25/08/2025";"07:14:46";"65";"Sem vítima";"39,500";"BR-277/PR";"Crescente";"Choque";0;0;0;0;0;0;0;0;0;1;1;0;0;0;0
"25/08/2025";"16:20:40";"203";"Sem vítima";"213,310";"092/PR";"Crescente";"Choque";1;0;0;0;0;0;0;0;0;0;1;0;0;0;0
"25/08/2025";"17:27:20";"222";"Com vítima";"70,400";"BR-277/PR";"Crescente";"Engavetamento";2;0;0;0;0;0;0;0;0;0;0;5;0;0;0
"25/08/2025";"19:21:39";"236";"Com vítima";"43,870";"BR-277/PR";"Crescente";"Tombamento";0;0;1;0;0;0;0;0;0;0;0;1;0;0;0
"25/08/2025";"20:42:45";"243";"Com vítima";"76,940";"BR-277/PR";"Crescente";"Atropelamento de pedestre";0;0;0;1;0;0;0;0;0;0;0;1;0;1;0
"26/08/2025";"08:02:13";"70";"Com vítima";"78,185";"BR-277/PR";"Crescente";"Queda de moto";0;0;0;1;0;0;0;0;0;0;0;1;0;0;0
"26/08/2025";"09:24:17";"99";"Sem vítima";"70,631";"BR-277/PR";"Crescente";"Colisão frontal";2;0;0;0;0;0;0;0;0;0;4;0;0;0;0
"26/08/2025";"09:30:18";"100";"Sem vítima";"34,750";"BR-277/PR";"Crescente";"Colisão frontal";0;0;2;0;0;0;0;0;0;0;2;0;0;0;0
"26/08/2025";"11:11:40";"122";"Sem vítima";"38,103";"BR-277/PR";"Crescente";"Engavetamento";1;0;1;0;0;0;0;0;0;0;4;0;0;0;0
"26/08/2025";"12:40:16";"135";"Sem vítima";"65,100";"BR-277/PR";"Crescente";"Acidentes de outra natureza";0;0;1;0;0;0;0;0;0;0;1;0;0;0;0
"26/08/2025";"15:02:21";"163";"Com vítima";"83,268";"BR-277/PR";"Decrescente";"Choque";1;0;0;0;0;0;0;0;0;0;0;0;1;0;0
"26/08/2025";"16:11:54";"173";"Sem vítima";"6,265";"BR-277/PR";"Crescente";"Acidentes de outra natureza";0;0;1;0;0;0;0;0;0;0;1;0;0;0;0
"26/08/2025";"18:43:24";"197";"Sem vítima";"33,528";"BR-277/PR";"Decrescente";"Acidentes de outra natureza";0;0;0;0;0;0;0;0;0;1;2;0;0;0;0
"26/08/2025";"20:01:16";"208";"Sem vítima";"293,574";"151/PR";"Crescente";"Acidentes de outra natureza";1;0;0;0;0;0;0;0;0;0;1;0;0;0;0
"27/08/2025";"06:12:58";"38";"Com vítima";"217,619";"092/PR";"Decrescente";"Colisão frontal";0;1;0;1;0;0;0;0;0;0;0;0;0;0;1
"27/08/2025";"16:14:42";"174";"Sem vítima";"23,350";"BR-277/PR";"Decrescente";"Colisão frontal";2;0;0;0;0;0;0;0;0;0;2;0;0;0;0