data;horario;n_da_ocorrencia;tipo_de_ocorrencia;km;trecho;sentido;tipo_de_acidente;automovel;bicicleta;caminhao;moto;onibus;outros;tracao_animal;transporte_de_cargas_especiais;trator_maquinas;utilitarios;ilesos;levemente_feridos;moderadamente_feridos;gravemente_feridos;mortos
"12/10/2025";"16:20:09";"142";"Sem vítima";"60,250";"BR-277/PR";"Crescente";"Colisão transversal";2;0;0;0;0;0;0;0;0;0;5;0;0;0;0
"12/10/2025";"16:51:13";"149";"Sem vítima";"282,990";"151/PR";"Crescente";"Choque";1;0;0;0;0;0;0;0;0;0;4;0;0;0;0
"12/10/2025";"17:03:07";"153";"Com vítima";"28,908";"BR-369/PR";"Crescente";"Choque";0;0;0;0;0;0;0;0;0;1;0;5;0;0;0
"12/10/2025";"17:32:13";"158";"Sem vítima";"301,498";"151/PR";"Crescente";"Capotamento";1;0;0;0;0;0;0;0;0;0;1;0;0;0;0
"12/10/2025";"20:17:14";"183";"Sem vítima";"46,938";"BR-369/PR";"Crescente";"Atropelamento de animal";1;0;0;0;0;0;0;0;0;0;1;0;0;0;0
"12/10/2025";"21:28:53";"190";"Sem vítima";"11,025";"BR-277/PR";"Decrescente";"Acidentes de outra natureza";1;0;0;0;0;0;0;0;0;0;0;0;0;0;0
"12/10/2025";"23:12:57";"197";"Sem vítima";"304,525";"151/PR";"Crescente";"Colisão frontal";2;0;0;0;0;0;0;0;0;0;4;0;0;0;0
"13/10/2025";"00:32:32";"6";"Sem vítima";"261,503";"151/PR";"Crescente";"Choque";1;0;0;0;0;0;0;0;0;0;1;0;0;0;0
"13/10/2025";"01:29:32";"20";"Sem vítima";"269,047";"151/PR";"Decrescente";"Acidentes de outra natureza";1;0;0;0;0;0;0;0;0;0;1;0;0;0;0
"13/10/2025";"05:30:37";"42";"Sem vítima";"70,150";"BR-277/PR";"Crescente";"Choque";1;0;0;0;0;0;0;0;0;0;5;0;0;0;0
"13/10/2025";"08:10:27";"103";"Sem vítima";"15,010";"BR-153/PR";"Crescente";"Choque";1;0;0;0;0;0;0;0;0;0;1;0;0;0;0
"13/10/2025";"11:01:50";"156";"Com vítima";"256,100";"092/PR";"Crescente";"Capotamento";1;0;0;0;0;0;0;0;0;0;0;1;0;0;0
"13/10/2025";"12:48:03";"176";"Sem vítima";"19,990";"BR-153/PR";"Crescente";"Tombamento";0;0;1;0;0;0;0;0;0;0;1;0;0;0;0
"13/10/2025";"13:01:19";"179";"Com vítima";"23,100";"BR-369/PR";"Decrescente";"Colisão frontal";2;0;0;0;0;0;0;0;0;0;2;1;0;0;0
"13/10/2025";"14:30:58";"199";"Com vítima";"309,522";"151/PR";"Crescente";"Capotamento";1;0;0;0;0;0;0;0;0;0;0;1;0;0;0
"13/10/2025";"17:25:51";"230";"Com vítima";"200,347";"092/PR";"Decrescente";"Colisão frontal";1;0;0;0;0;0;0;0;0;0;0;1;0;0;0
"13/10/2025";"21:06:12";"255";"Sem vítima";"312,010";"151/PR";"Decrescente";"Colisão frontal";1;0;1;0;0;0;0;0;0;0;3;0;0;0;0
"13/10/2025";"23:26:58";"265";"Sem vítima";"243,200";"092/PR";"Decrescente";"Colisão frontal";2;0;0;0;0;0;0;0;0;0;1;0;0;0;0
"14/10/2025";"07:09:17";"70";"Sem vítima";"75,300";"BR-277/PR";"Crescente";"Acidentes de outra natureza";2;0;0;0;0;0;0;0;0;1;3;0;0;0;0
"14/10/2025";"07:31:31";"87";"Sem vítima";"310,010";"151/PR";"Crescente";"Colisão frontal";2;0;0;0;0;0;0;0;0;0;2;0;0;0;0
"14/10/2025";"08:01:54";"96";"Sem vítima";"79,390";"BR-277/PR";"Crescente";"Colisão frontal";2;0;0;0;0;0;0;0;0;0;2;0;0;0;0
"14/10/2025";"08:38:54";"108";"Com vítima";"22,300";"508/PR";"Crescente";"Queda de moto";0;0;0;1;0;0;0;0;0;0;0;1;0;0;0
"14/10/2025";"14:11:54";"196";"Com vítima";"205,230";"151/PR";"Decrescente";"Capotamento";1;0;0;0;0;0;0;0;0;0;0;0;1;0;0
"14/10/2025";"14:42:14";"202";"Sem vítima";"36,200";"BR-277/PR";"Decrescente";"Choque";0;0;1;0;0;0;0;0;0;0;1;0;0;0;0
"14/10/2025";"17:07:24";"232";"Sem vítima";"225,300";"151/PR";"Crescente";"Tombamento";0;0;1;0;0;0;0;0;0;0;1;0;0;0;0
"14/10/2025";"18:44:23";"248";"Sem vítima";"312,850";"151/PR";"Decrescente";"Colisão frontal";1;0;1;0;0;0;0;0;0;1;5;0;0;0;0
"14/10/2025";"18:58:55";"251";"Com vítima";"83,820";"BR-277/PR";"Crescente";"Colisão frontal";1;0;0;1;0;0;0;0;0;0;1;1;0;0;0
"14/10/2025";"20:03:16";"261";"Sem vítima";"312,500";"151/PR";"Decrescente";"Capotamento";1;0;0;0;0;0;0;0;0;0;0;0;0;0;0
"14/10/2025";"23:08:51";"283";"Com vítima";"81,140";"BR-277/PR";"Decrescente";"Colisão frontal";0;0;1;1;0;0;0;0;0;0;1;1;1;0;0
"15/10/2025";"04:44:12";"30";"Sem vítima";"231,010";"151/PR";"Crescente";"Atropelamento de animal";0;0;1;0;0;0;0;0;0;0;0;0;0;0;0
"15/10/2025";"05:51:28";"31";"Sem vítima";"257,470";"092/PR";"Crescente";"Tombamento";0;0;1;0;0;0;0;0;0;0;1;0;0;0;0
"15/10/2025";"10:44:52";"143";"Sem vítima";"1,500";"508/PR";"Crescente";"Choque";1;0;0;0;0;0;0;0;0;0;1;0;0;0;0
"15/10/2025";"14:29:58";"199";"Com vítima";"83,855";"BR-369/PR";"Decrescente";"Colisão transversal";1;0;0;0;0;0;0;0;0;1;0;3;0;0;0
"15/10/2025";"18:13:56";"242";"Com vítima";"260,492";"151/PR";"Crescente";"Engavetamento";2;0;0;0;0;0;0;0;0;0;0;3;0;0;0
"15/10/2025";"20:04:32";"257";"Com vítima";"30,262";"BR-277/PR";"Crescente";"Atropelamento de pedestre";1;0;0;0;0;0;0;0;0;0;1;0;0;0;1
"15/10/2025";"20:05:21";"258";"Com vítima";"65,441";"BR-277/PR";"Crescente";"Colisão frontal";1;0;0;1;0;0;0;0;0;0;0;1;1;1;0
"16/10/2025";"03:32:03";"33";"Sem vítima";"31,570";"BR-277/PR";"Decrescente";"Colisão frontal";0;0;2;0;0;0;0;0;0;0;2;0;0;0;0
"16/10/2025";"05:35:12";"40";"Com vítima";"3,345";"BR-277/PR";"Decrescente";"Colisão frontal";1;0;1;0;0;0;0;0;0;0;2;1;0;0;0
"16/10/2025";"07:02:00";"70";"Sem vítima";"203,170";"151/PR";"Decrescente";"Choque";0;0;1;0;0;0;0;0;0;0;1;0;0;0;0
"16/10/2025";"11:16:30";"169";"Com vítima";"2,430";"BR-277/PR";"Crescente";"Tombamento";0;0;1;0;0;0;0;0;0;0;0;1;0;0;0
"16/10/2025";"11:38:18";"174";"Com vítima";"38,009";"BR-369/PR";"Decrescente";"Colisão frontal";0;0;0;1;0;0;0;0;0;1;1;1;0;0;0
"16/10/2025";"13:25:29";"195";"Com vítima";"212,040";"092/PR";"Decrescente";"Colisão frontal";0;0;0;1;0;0;0;0;0;1;1;0;2;0;0
"16/10/2025";"15:21:55";"220";"Sem vítima";"40,223";"BR-277/PR";"Crescente";"Colisão frontal";0;0;1;0;0;0;0;0;0;1;2;0;0;0;0
"16/10/2025";"17:53:04";"242";"Com vítima";"66,456";"BR-277/PR";"Crescente";"Choque";0;0;1;0;0;0;0;0;0;0;0;1;0;0;0
"17/10/2025";"01:25:45";"12";"Com vítima";"32,216";"BR-277/PR";"Crescente";"Tombamento";0;0;1;0;0;0;0;0;0;0;0;1;0;0;0
"17/10/2025";"06:24:13";"50";"Sem vítima";"262,445";"092/PR";"Crescente";"Choque";1;0;0;0;0;0;0;0;0;0;2;0;0;0;0
"17/10/2025";"07:10:41";"78";"Com vítima";"1,120";"BR-277/PR";"Decrescente";"Atropelamento de pedestre";0;0;0;1;0;0;0;0;0;0;0;2;0;0;0
"17/10/2025";"08:27:33";"110";"Sem vítima";"81,420";"BR-277/PR";"Crescente";"Colisão frontal";2;0;0;1;0;0;0;0;0;0;3;0;0;0;0
"17/10/2025";"09:11:57";"124";"Com vítima";"14,200";"407/PR";"Crescente";"Colisão frontal";2;0;0;0;0;0;0;0;0;0;0;1;1;0;0
"17/10/2025";"15:53:02";"211";"Sem vítima";"37,320";"BR-153/PR";"Decrescente";"Choque";0;0;1;0;0;0;0;0;0;0;1;0;0;0;0
"17/10/2025";"17:07:16";"229";"Com vítima";"31,184";"BR-277/PR";"Decrescente";"Atropelamento de pedestre";0;0;0;1;0;0;0;0;0;0;1;1;0;0;0
"17/10/2025";"20:07:56";"274";"Sem vítima";"22,352";"BR-277/PR";"Crescente";"Queda de moto";0;0;1;0;0;0;0;0;0;0;1;0;0;0;0
"17/10/2025";"21:12:38";"278";"Sem vítima";"16,010";"BR-277/PR";"Decrescente";"Queda de moto";1;0;0;0;0;0;0;0;0;0;1;0;0;0;0
"17/10/2025";"22:34:23";"285";"Sem vítima";"219,700";"151/PR";"Decrescente";"Colisão lateral no mesmo sentido";2;0;0;0;0;0;0;0;0;0;7;0;0;0;0
"18/10/2025";"07:42:09";"70";"Com vítima";"256,100";"092/PR";"Decrescente";"Choque";1;0;0;0;0;0;0;0;0;0;0;1;0;0;0
"18/10/2025";"09:01:14";"87";"Sem vítima";"4,900";"855/PR";"Crescente";"Choque";1;0;0;0;0;0;0;0;0;0;4;0;0;0;0
"18/10/2025";"09:40:17";"93";"Sem vítima";"309,185";"151/PR";"Decrescente";"Choque";1;0;0;0;0;0;0;0;0;0;1;0;0;0;0
"18/10/2025";"10:37:44";"105";"Sem vítima";"39,909";"BR-277/PR";"Crescente";"Colisão frontal";1;0;1;0;0;0;0;0;0;0;2;0;0;0;0
"18/10/2025";"10:41:30";"106";"Sem vítima";"37,515";"BR-277/PR";"Crescente";"Colisão frontal";1;0;2;0;0;0;0;0;0;0;3;0;0;0;0
"18/10/2025";"13:12:30";"133";"Sem vítima";"38,800";"BR-153/PR";"Decrescente";"Engavetamento";2;0;0;0;0;0;0;0;0;0;4;0;0;0;0
"18/10/2025";"14:59:46";"149";"Sem vítima";"284,110";"151/PR";"Decrescente";"Capotamento";1;0;0;0;0;0;0;0;0;0;4;0;0;0;0
"18/10/2025";"15:26:03";"155";"Sem vítima";"6,200";"BR-153/PR";"Crescente";"Tombamento";0;0;1;0;0;0;0;0;0;0;1;0;0;0;0
"18/10/2025";"16:57:12";"174";"Sem vítima";"38,101";"BR-277/PR";"Crescente";"Capotamento";0;0;0;0;0;0;0;0;0;1;1;0;0;0;0
"18/10/2025";"22:08:37";"225";"Sem vítima";"4,160";"BR-277/PR";"Crescente";"Choque";1;0;1;0;0;0;0;0;0;0;3;0;0;0;0
"19/10/2025";"01:16:21";"18";"Sem vítima";"284,100";"092/PR";"Decrescente";"Choque";1;0;0;0;0;0;0;0;0;0;1;0;0;0;0
"19/10/2025";"01:24:37";"20";"Com vítima";"51,460";"BR-277/PR";"Decrescente";"Choque";1;0;0;0;0;0;0;0;0;0;0;4;0;0;0
"19/10/2025";"15:42:37";"132";"Sem vítima";"26,400";"BR-153/PR";"Decrescente";"Colisão frontal";2;0;0;0;0;0;0;0;0;0;3;0;0;0;0
"19/10/2025";"16:29:56";"145";"Com vítima";"300,010";"092/PR";"Crescente";"Capotamento";1;0;0;0;0;0;0;0;0;0;0;0;0;1;0
"19/10/2025";"19:10:43";"165";"Com vítima";"232,720";"151/PR";"Crescente";"Colisão frontal";2;1;0;0;0;0;0;0;0;0;0;0;2;0;1
"19/10/2025";"19:56:36";"172";"Com vítima";"25,200";"508/PR";"Crescente";"Colisão transversal";2;0;0;0;0;0;0;0;0;0;3;2;1;0;0
"19/10/2025";"21:13:02";"184";"Com vítima";"60,250";"BR-277/PR";"Crescente";"Colisão frontal";1;0;0;0;0;0;0;0;0;1;0;3;3;0;0
"19/10/2025";"23:01:08";"191";"Sem vítima";"36,490";"BR-277/PR";"Crescente";"Choque";1;0;0;0;0;0;0;0;0;0;2;0;0;0;0
"20/10/2025";"00:01:11";"1";"Com vítima";"233,020";"151/PR";"Decrescente";"Acidentes de outra natureza";0;0;1;0;0;0;0;0;0;0;0;1;0;0;0
"20/10/2025";"07:08:28";"67";"Sem vítima";"60,250";"BR-277/PR";"Decrescente";"Colisão frontal";1;0;1;0;0;0;0;0;0;0;2;0;0;0;0
"20/10/2025";"08:07:35";"103";"Com vítima";"318,102";"151/PR";"Decrescente";"Colisão frontal";0;0;0;1;0;0;0;0;0;1;0;2;0;0;0
"20/10/2025";"09:49:39";"137";"Com vítima";"304,066";"092/PR";"Crescente";"Queda de moto";0;0;0;1;0;0;0;0;0;0;0;0;1;0;0
"20/10/2025";"10:24:02";"150";"Sem vítima";"309,603";"092/PR";"Crescente";"Tombamento";0;0;1;0;0;0;0;0;0;0;1;0;0;0;0
"20/10/2025";"12:34:36";"174";"Com vítima";"35,942";"BR-153/PR";"Decrescente";"Choque";1;0;0;0;0;0;0;0;0;0;0;1;0;0;0
"20/10/2025";"13:50:48";"181";"Sem vítima";"253,093";"151/PR";"Decrescente";"Choque";0;0;1;0;0;0;0;0;0;0;1;0;0;0;0
"21/10/2025";"08:09:53";"101";"Com vítima";"83,328";"BR-277/PR";"Decrescente";"Colisão frontal";1;0;0;1;0;0;0;0;0;0;1;1;0;0;0
"21/10/2025";"08:26:00";"112";"Sem vítima";"19,608";"BR-277/PR";"Decrescente";"Choque";1;0;0;0;0;0;0;0;0;0;1;0;0;0;0
"21/10/2025";"14:57:17";"191";"Sem vítima";"60,290";"BR-277/PR";"Crescente";"Queda de moto";0;0;0;1;0;0;0;0;0;0;1;0;0;0;0
"21/10/2025";"20:52:20";"248";"Com vítima";"32,700";"BR-153/PR";"Crescente";"Queda de moto";0;0;0;1;0;0;0;0;0;0;0;1;0;0;0
"21/10/2025";"21:36:21";"257";"Com vítima";"4,043";"BR-153/PR";"Decrescente";"Atropelamento de animal";0;0;0;1;0;0;0;0;0;0;0;1;0;0;0
"21/10/2025";"22:00:54";"261";"Com vítima";"0,020";"855/PR";"Crescente";"Queda de moto";0;0;0;1;0;0;0;0;0;0;0;2;0;0;0
"22/10/2025";"06:06:31";"44";"Com vítima";"39,620";"BR-153/PR";"Crescente";"Tombamento";0;0;1;0;0;0;0;0;0;0;0;1;0;0;0
"22/10/2025";"07:15:56";"76";"Sem vítima";"77,600";"BR-277/PR";"Crescente";"Engavetamento";3;0;0;0;0;0;0;0;0;0;6;0;0;0;0
"22/10/2025";"09:13:35";"131";"Sem vítima";"24,310";"BR-153/PR";"Crescente";"Colisão frontal";1;0;1;0;0;0;0;0;0;0;6;0;0;0;0
"22/10/2025";"10:59:49";"160";"Com vítima";"69,470";"BR-369/PR";"Crescente";"Queda de moto";0;0;0;1;0;0;0;0;0;0;1;1;0;0;0
"22/10/2025";"20:38:35";"268";"Sem vítima";"38,894";"BR-369/PR";"Crescente";"Colisão frontal";0;0;1;0;0;0;0;0;0;1;2;0;0;0;0
"23/10/2025";"00:50:31";"9";"Sem vítima";"3,090";"BR-277/PR";"Decrescente";"Colisão frontal";2;0;0;0;0;0;0;0;0;0;3;0;0;0;0
"23/10/2025";"06:59:29";"70";"Sem vítima";"37,500";"BR-277/PR";"Decrescente";"Choque";1;0;0;0;0;0;0;0;0;0;2;0;0;0;0
"23/10/2025";"08:09:35";"103";"Com vítima";"78,846";"BR-277/PR";"Crescente";"Queda de moto";1;0;0;1;0;0;0;0;0;0;0;2;0;0;0
"23/10/2025";"09:30:02";"123";"Sem vítima";"55,400";"BR-277/PR";"Decrescente";"Colisão frontal";1;0;1;0;0;0;0;0;0;0;2;0;0;0;0
"23/10/2025";"13:25:23";"178";"Com vítima";"200,177";"092/PR";"Decrescente";"Tombamento";0;0;2;0;0;0;0;0;0;0;1;2;0;0;0
"23/10/2025";"17:14:39";"210";"Sem vítima";"22,500";"408/PR";"Crescente";"Choque";1;0;0;0;0;0;0;0;0;0;2;0;0;0;0
"24/10/2025";"00:09:14";"1";"Sem vítima";"24,344";"BR-153/PR";"Crescente";"Colisão frontal";1;0;1;0;0;0;0;0;0;0;2;0;0;0;0
"24/10/2025";"05:52:04";"37";"Sem vítima";"32,100";"BR-277/PR";"Decrescente";"Choque";0;0;1;0;0;0;0;0;0;0;1;0;0;0;0
"24/10/2025";"07:15:58";"60";"Com vítima";"6,090";"855/PR";"Crescente";"Capotamento";1;0;0;0;0;0;0;0;0;0;0;1;0;0;0
"24/10/2025";"08:56:52";"113";"Com vítima";"73,019";"BR-277/PR";"Decrescente";"Colisão frontal";1;0;0;1;0;0;0;0;0;0;1;0;1;0;0
"24/10/2025";"09:09:35";"118";"Com vítima";"83,500";"BR-369/PR";"Decrescente";"Colisão frontal";1;0;0;1;0;0;0;0;0;0;1;1;0;0;0
"24/10/2025";"11:06:17";"139";"Sem vítima";"1,400";"BR-277/PR";"Decrescente";"Engavetamento";1;0;1;0;0;0;0;0;0;0;5;0;0;0;0
"24/10/2025";"11:44:49";"145";"Sem vítima";"10,600";"508/PR";"Decrescente";"Acidentes de outra natureza";1;0;0;0;0;0;0;0;0;0;2;0;0;0;0
"24/10/2025";"11:54:34";"147";"Sem vítima";"216,117";"151/PR";"Decrescente";"Colisão traseira";0;0;1;0;0;0;0;0;0;1;11;0;0;0;0
"24/10/2025";"14:26:42";"177";"Com vítima";"233,030";"092/PR";"Crescente";"Choque";1;0;0;0;0;0;0;0;0;0;0;1;0;0;1
"24/10/2025";"16:09:57";"198";"Com vítima";"8,850";"BR-277/PR";"Decrescente";"Choque";1;0;0;0;0;0;0;0;0;0;0;0;1;0;0
"24/10/2025";"16:44:05";"201";"Sem vítima";"28,130";"508/PR";"Crescente";"Colisão frontal";2;0;0;0;0;0;0;0;0;0;2;0;0;0;0
"24/10/2025";"16:52:59";"204";"Sem vítima";"38,479";"BR-277/PR";"Decrescente";"Colisão frontal";1;0;1;0;0;0;0;0;0;0;5;0;0;0;0
"24/10/2025";"18:52:23";"227";"Com vítima";"79,569";"BR-277/PR";"Decrescente";"Engavetamento";1;0;0;1;0;0;0;0;0;0;5;1;0;0;0
"24/10/2025";"19:44:18";"238";"Com vítima";"6,253";"407/PR";"Crescente";"Colisão frontal";0;0;0;1;0;0;0;0;0;0;0;1;0;0;0
"24/10/2025";"20:05:08";"243";"Com vítima";"81,220";"BR-277/PR";"Decrescente";"Colisão frontal";1;0;0;1;0;0;0;0;0;0;6;0;1;0;0
"24/10/2025";"21:04:57";"250";"Com vítima";"39,715";"BR-153/PR";"Decrescente";"Colisão frontal";0;0;0;1;0;0;0;0;0;0;0;1;0;0;0
"25/10/2025";"00:58:54";"17";"Sem vítima";"8,333";"508/PR";"Crescente";"Choque";1;0;0;0;0;0;0;0;0;0;1;0;0;0;0
"25/10/2025";"01:45:50";"31";"Com vítima";"33,190";"BR-277/PR";"Decrescente";"Choque";1;0;0;0;0;0;0;0;0;0;0;1;0;0;0
"25/10/2025";"04:13:01";"44";"Com vítima";"304,039";"151/PR";"Crescente";"Colisão frontal";0;0;1;0;0;1;0;0;0;0;0;0;0;1;0
"25/10/2025";"06:25:31";"58";"Sem vítima";"178,740";"151/PR";"Decrescente";"Choque";0;0;0;0;0;0;0;0;0;1;2;0;0;0;0
"25/10/2025";"07:58:44";"89";"Sem vítima";"20,050";"408/PR";"Crescente";"Queda de moto";0;0;0;1;0;0;0;0;0;0;1;0;0;0;0
"25/10/2025";"18:00:23";"220";"Com vítima";"36,120";"BR-369/PR";"Crescente";"Choque";0;0;0;1;0;0;0;0;0;0;0;1;0;0;0
"25/10/2025";"19:03:49";"231";"Com vítima";"50,533";"BR-277/PR";"Crescente";"Colisão frontal";2;0;0;0;0;0;0;0;0;0;0;4;0;0;0
"25/10/2025";"20:25:57";"246";"Com vítima";"83,216";"BR-277/PR";"Decrescente";"Queda de moto";0;0;0;1;0;0;0;0;0;0;0;1;0;0;0
"26/10/2025";"03:33:01";"32";"Sem vítima";"62,490";"BR-277/PR";"Crescente";"Choque";1;0;0;0;0;0;0;0;0;0;1;0;0;0;0
"26/10/2025";"04:42:19";"35";"Sem vítima";"18,657";"407/PR";"Crescente";"Colisão frontal";2;0;0;0;0;0;0;0;0;0;3;0;0;0;0
"26/10/2025";"15:16:10";"153";"Com vítima";"78,488";"BR-277/PR";"Decrescente";"Choque";1;0;0;0;0;0;0;0;0;0;0;1;0;0;0
"26/10/2025";"19:18:59";"214";"Sem vítima";"204,122";"092/PR";"Crescente";"Colisão frontal";1;0;0;0;0;0;0;0;0;0;1;0;0;0;0
"26/10/2025";"20:06:37";"224";"Sem vítima";"311,479";"151/PR";"Decrescente";"Colisão frontal";1;0;0;0;0;0;0;0;0;0;1;0;0;0;0
"26/10/2025";"20:58:32";"237";"Com vítima";"37,878";"BR-277/PR";"Crescente";"Choque";0;0;0;0;0;0;0;0;0;1;0;3;2;0;0
"26/10/2025";"21:26:01";"242";"Com vítima";"13,534";"408/PR";"Decrescente";"Colisão frontal";2;0;0;0;0;0;0;0;0;0;1;2;0;0;0
"27/10/2025";"06:38:15";"44";"Com vítima";"80,569";"BR-277/PR";"Crescente";"Queda de moto";0;0;0;1;0;0;0;0;0;0;0;1;0;0;0
"27/10/2025";"09:36:41";"116";"Sem vítima";"214,200";"092/PR";"Crescente";"Acidentes de outra natureza";1;0;0;0;0;0;0;0;0;0;1;0;0;0;0
"27/10/2025";"10:10:15";"125";"Com vítima";"18,677";"407/PR";"Crescente";"Colisão frontal";1;0;0;0;1;0;0;0;0;0;2;1;0;0;0
"27/10/2025";"11:27:42";"141";"Sem vítima";"70,300";"BR-277/PR";"Crescente";"Choque";1;0;0;0;0;0;0;0;0;0;3;0;0;0;0
"27/10/2025";"11:52:38";"147";"Com vítima";"31,000";"BR-277/PR";"Decrescente";"Colisão frontal";1;0;1;0;0;0;0;0;0;0;1;2;0;0;0
"27/10/2025";"13:23:33";"158";"Sem vítima";"16,476";"408/PR";"Crescente";"Choque";1;0;0;0;0;0;0;0;0;0;1;0;0;0;0
"27/10/2025";"13:40:40";"160";"Sem vítima";"35,813";"BR-277/PR";"Crescente";"Choque";0;0;0;0;0;0;0;0;0;1;2;0;0;0;0
"27/10/2025";"14:20:02";"166";"Sem vítima";"33,800";"BR-277/PR";"Decrescente";"Choque";1;0;0;0;0;0;0;0;0;0;1;0;0;0;0
"27/10/2025";"14:46:41";"170";"Sem vítima";"32,213";"BR-277/PR";"Crescente";"Choque";1;0;0;0;0;0;0;0;0;0;1;0;0;0;0
"27/10/2025";"15:56:48";"192";"Sem vítima";"50,580";"BR-369/PR";"Crescente";"Acidentes de outra natureza";0;0;0;0;0;0;0;0;0;1;1;0;0;0;0
"27/10/2025";"19:23:02";"215";"Sem vítima";"311,560";"151/PR";"Decrescente";"Atropelamento de animal";1;0;0;0;0;0;0;0;0;0;1;0;0;0;0
"27/10/2025";"22:41:17";"234";"Sem vítima";"61,010";"BR-369/PR";"Crescente";"Colisão frontal";1;0;1;0;0;0;0;0;0;0;2;0;0;0;0
"28/10/2025";"02:08:53";"23";"Com vítima";"3,250";"BR-277/PR";"Decrescente";"Tombamento";0;0;1;0;0;0;0;0;0;0;0;1;0;0;0
"28/10/2025";"08:00:14";"77";"Sem vítima";"233,000";"151/PR";"Decrescente";"Acidentes de outra natureza";0;0;1;0;0;0;0;0;0;0;1;0;0;0;0
"28/10/2025";"17:59:14";"182";"Com vítima";"309,020";"092/PR";"Crescente";"Capotamento";1;0;0;0;0;0;0;0;0;0;0;1;0;0;0
"28/10/2025";"19:42:49";"199";"Com vítima";"70,380";"BR-277/PR";"Decrescente";"Colisão frontal";1;1;0;0;0;0;0;0;0;0;2;0;0;0;0
"28/10/2025";"19:59:50";"200";"Com vítima";"7,610";"855/PR";"Crescente";"Colisão frontal";1;0;1;0;0;0;0;0;0;0;1;0;0;1;0
"28/10/2025";"21:10:22";"207";"Com vítima";"8,010";"508/PR";"Decrescente";"Choque";1;0;0;0;0;0;0;0;0;0;0;1;0;0;0
"28/10/2025";"22:24:22";"209";"Sem vítima";"287,020";"151/PR";"Decrescente";"Choque";1;0;0;0;0;0;0;0;0;0;1;0;0;0;0
"28/10/2025";"22:34:03";"210";"Sem vítima";"13,010";"407/PR";"Decrescente";"Choque";1;0;0;0;0;0;0;0;0;0;1;0;0;0;0
"28/10/2025";"22:37:11";"211";"Sem vítima";"311,500";"151/PR";"Crescente";"Colisão frontal";1;0;1;0;0;0;0;0;0;0;2;0;0;0;0
"29/10/2025";"01:10:34";"21";"Sem vítima";"283,010";"151/PR";"Crescente";"Choque";1;0;0;0;0;0;0;0;0;0;0;0;0;0;0
"29/10/2025";"01:39:21";"26";"Sem vítima";"27,600";"BR-277/PR";"Crescente";"Queda de moto";1;0;0;0;0;0;0;0;0;0;4;0;0;0;0
"29/10/2025";"08:31:09";"104";"Sem vítima";"78,480";"BR-277/PR";"Crescente";"Colisão frontal";3;0;0;0;0;0;0;0;0;0;4;0;0;0;0
"29/10/2025";"11:27:09";"163";"Com vítima";"26,937";"508/PR";"Crescente";"Queda de moto";1;0;0;0;0;0;0;0;0;0;0;1;0;0;0
"29/10/2025";"15:58:04";"220";"Sem vítima";"0,589";"508/PR";"Crescente";"Atropelamento de animal";1;0;0;0;0;0;0;0;0;0;1;0;0;0;0
"29/10/2025";"16:57:40";"234";"Com vítima";"259,104";"092/PR";"Crescente";"Tombamento";0;0;1;0;0;0;0;0;0;0;0;1;0;0;0
"29/10/2025";"17:55:17";"243";"Com vítima";"213,861";"151/PR";"Decrescente";"Colisão frontal";2;0;0;0;0;0;0;0;0;0;0;2;0;0;0
"29/10/2025";"19:12:18";"252";"Com vítima";"249,153";"151/PR";"Decrescente";"Choque";1;0;0;0;0;0;0;0;0;0;0;1;0;0;0
"30/10/2025";"03:53:17";"42";"Com vítima";"286,514";"151/PR";"Decrescente";"Choque";1;0;0;0;0;0;0;0;0;0;0;1;0;0;0
"30/10/2025";"04:14:08";"43";"Sem vítima";"36,380";"BR-277/PR";"Decrescente";"Choque";1;0;0;0;0;0;0;0;0;0;1;0;0;0;0
"30/10/2025";"10:22:29";"139";"Sem vítima";"19,820";"BR-277/PR";"Crescente";"Queda de moto";0;0;0;1;0;0;0;0;0;0;1;0;0;0;0
"30/10/2025";"11:27:45";"158";"Com vítima";"18,365";"BR-369/PR";"Crescente";"Colisão frontal";1;0;0;1;0;0;0;0;0;0;1;1;1;0;0
"30/10/2025";"13:51:31";"187";"Sem vítima";"33,200";"BR-277/PR";"Decrescente";"Choque";0;0;1;0;0;0;0;0;0;0;1;0;0;0;0
"30/10/2025";"19:47:23";"254";"Sem vítima";"21,374";"BR-369/PR";"Decrescente";"Choque";1;0;0;0;0;0;0;0;0;0;2;0;0;0;0
"31/10/2025";"04:08:30";"39";"Com vítima";"43,369";"BR-277/PR";"Crescente";"Choque";1;0;0;0;0;0;0;0;0;0;0;2;0;0;0
"31/10/2025";"04:52:53";"41";"Com vítima";"68,269";"BR-369/PR";"Crescente";"Choque";1;0;0;0;0;0;0;0;0;0;0;0;0;1;0
"31/10/2025";"18:00:04";"208";"Sem vítima";"40,500";"BR-277/PR";"Crescente";"Queda de moto";0;0;0;1;0;0;0;0;0;0;2;0;0;0;0
"31/10/2025";"19:44:35";"220";"Sem vítima";"30,020";"BR-277/PR";"Decrescente";"Capotamento";0;0;0;0;0;0;0;0;0;1;1;0;0;0;0
"31/10/2025";"19:58:12";"224";"Sem vítima";"7,100";"BR-277/PR";"Decrescente";"Choque";0;0;0;0;0;0;0;0;0;1;2;0;0;0;0
"31/10/2025";"21:00:30";"232";"Sem vítima";"15,010";"408/PR";"Crescente";"Queda de moto";1;0;0;0;0;0;0;0;0;0;2;0;0;0;0